药品名,通用名,功效效果,用法用量,副作用・注意事项,警告・禁忌,药品说明,规格,剂型,成分列表
巧可拉A片 1万单位,维生素A片,○维生素A缺乏症的治疗（夜盲症、结膜干燥症、角膜干燥症、角膜软化症）○ 在下列疾病中，推测与维生素A缺乏或代谢障碍有关的情况角化性皮肤疾病,"用于治疗目的时，通常成人每日口服10,000～100,000维生素A单位。
此外，根据年龄、症状适当增减。
另外，维生素A通常成人每日摄入量为3,000～100,000维生素A单位。","囟门隆起、神经过敏、头痛、维生素A过剩症状、
食欲不振、呕吐、肝肿大、脱发、皮肤瘙痒感、过敏症、皮疹
","正在服用类视黄醇制剂（依曲替酯、维A酸、他米巴罗汀、贝沙罗汀）的患者
妊娠3个月内或希望妊娠的女性每日给予维生素A 5,000IU以上（维生素A缺乏症的女性除外）","这是治疗因维生素A不足引起的角化性皮肤疾病的药物。
是改善因维生素A不足引起的夜盲症、眼睛干燥及皮肤干燥等症状的药物。
为保护皮肤和粘膜并使其正常工作所重要的维生素A制剂。",10片×10板（100片）,片剂,"有效成分维生素A油 10mg［作为维生素A为10,000维生素A单位］添加物阿拉伯胶末、
预胶化淀粉、可可粉、卡那道蜡、小麦粉、三氧化二铁、二丁基羟基甲苯、硬脂酸、
精制白糖、红色3号、明胶、滑石粉、沉淀碳酸钙、玉米淀粉、
乳糖水合物、白色虫胶、马铃薯淀粉、维生素巧克力、羟丙纤维素、丁基羟基茴香醚、药用炭"
安达唐片 10mg,达格列净丙二醇水合物片,2型糖尿病1型糖尿病慢性心力衰竭（仅限正在接受慢性心力衰竭标准治疗的患者）慢性肾脏病（末期肾衰竭或正在进行透析的患者除外）,"〈2型糖尿病〉通常，成人每日1次口服达格列净5mg。
若效果不明显，可在充分观察过程的情况下增量至每日1次10mg。
〈1型糖尿病〉在与胰岛素制剂并用的情况下，通常成人每日1次口服达格列净5mg。
若效果不明显，可在充分观察过程的情况下增量至每日1次10mg。
〈慢性心力衰竭、慢性肾脏病〉通常，成人每日1次口服达格列净10mg。","生殖器感染、阴道念珠菌病、尿路感染、膀胱炎、
体液量减少、酮症、食欲减退、多饮症、便秘、腹泻、腹痛","对本剂成分有过敏史的患者重症酮症、糖尿病性昏迷或前昏迷的患者［因必须通过输液、胰岛素迅速纠正高血糖，故不适合使用本剂。］
重症感染症、手术前后、有严重外伤的患者［因糖尿病患者此时希望通过注射胰岛素进行血糖管理，故不适合使用本剂。］","缓解气短、浮肿等心力衰竭症状，治疗糖尿病。
具有将过剩的糖分随尿液排出从而降低血糖值和具有减轻心脏负担，以及具备减轻肾脏负担的功效。
治疗慢性肾脏病。",10片×10板（100片）,片剂,"有效成分达格列净 5mg添加物微晶纤维素、无水乳糖、交联聚维酮、
二氧化硅、硬脂酸镁、聚乙烯醇（部分皂化）、二氧化钛、
聚乙二醇4000、滑石粉、黄色三氧化二铁"
Kracie加味归脾汤提取物细粒 3.75g,加味归脾汤提取物细粒,体质虚弱且气色不佳之人的以下诸症：贫血、失眠症、精神不安、神经症,通常，成人每日7.5g分2～3次，饭前或饭间口服。此外，根据年龄、体重、症状适当增减。,腹痛、腹泻、过敏症、皮疹、荨麻疹、食欲不振、胃部不适感、恶心,无特别提及,这是改善失眠、精神不安等各种症状的中药（汉方药）。,3.75g×28包（105g）,细粒,"有效成分本品每日量（7.5g）中日局人参3.0g、日局白术3.0g、日局茯苓3.0g、日局黄芪2.0g、
日局当归2.0g、日局远志1.5g、日局柴胡3.0g、日局山栀子2.0g、日局甘草1.0g、日局木香1.0g、
日局大枣1.5g、日局生姜0.5g、日局酸枣仁3.0g、日局龙眼肉3.0g含有从上述混合生药中提取的日局加味归脾汤提取物5,600mg。
添加物日局硬脂酸镁、日局微晶纤维素、日局轻质无水硅酸、日局乳糖水合物、含水二氧化硅"
Kracie加味逍遥散料提取物细粒 3g,加味逍遥散料提取物细粒,体质虚弱的妇女，有肩部酸痛、易疲劳、精神不安等精神神经症状，时有便秘倾向的以下诸症：畏寒症、虚弱体质、月经不调、痛经、更年期障碍、血道症。,通常，成人每日6.0g分2～3次，饭前或饭间口服。此外，根据年龄、体重、症状适当增减。,假性醛固酮增多症、肌病、肝功能障碍、黄疸、肠系膜静脉硬化症,无特别提及,"这是缓解肩部酸痛、疲劳感、精神不安、便秘等
并改善月经不调及更年期障碍等各种症状的中药（汉方药）。",3g×28包（84g）,细粒,"有效成分本品每日量（6.0g）中日局当归3.0g、日局芍药3.0g、日局白术3.0g、日局茯苓3.0g、
日局柴胡3.0g、日局牡丹皮2.0g、日局山栀子2.0g、日局甘草1.5g、日局生姜0.5g、
日局薄荷1.0g含有从上述混合生药中提取的日局加味逍遥散提取物4,100mg。添加物日局硬脂酸镁、日局微晶纤维素、日局乳糖水合物、含水二氧化硅"
Divigel雌二醇凝胶 1mg,雌二醇凝胶,更年期障碍及卵巢缺失症状伴随的血管运动神经症状（潮热及发汗）。生殖辅助医疗中调节卵巢刺激开始时期的调整。冻融胚胎移植中的激素补充周期。,"〈更年期障碍及卵巢缺失症状伴随的血管运动神经症状（潮热及发汗）〉通常，成人使用Divigel 1mg（含雌二醇1mg）1包（1.0g），每日1次涂抹于左右任一侧大腿部或下腹部，涂抹范围约400c㎡。
（生殖辅助医疗中调节卵巢刺激开始时期的调整）通常，使用Divigel 1mg（含雌二醇1mg）1包（1.0g）
每日1次，连续21～28天，涂抹于左右任一侧大腿部或下腹部，涂抹范围约400c㎡，给药期间的后半段并用黄体激素剂。
〈冻融胚胎移植中的激素补充周期〉通常，使用Divigel 1mg（含雌二醇1mg）2～4包（2.0～4.0g）
每日2次涂抹于左右任一侧大腿部或下腹部，每包涂抹范围约400c㎡，当子宫内膜获得充分增厚时，开始并用黄体激素剂，持续给药至妊娠8周。","红斑、皮肤瘙痒感、子宫出血、白带、乳房胀满感、皮肤热感、
皮炎、皮肤色素沉着、涂抹部位反应、湿疹、皮疹",雌激素依赖性恶性肿瘤（例如乳腺癌、子宫内膜癌）及其疑似患者［可能促进肿瘤恶化或显性化］有乳腺癌既往史的患者［有报告称乳腺癌复发风险增加］未治疗的子宫内膜增生症患者［子宫内膜增生症可能伴有细胞异型。］有血栓性静脉炎或肺栓塞的患者，或有其既往史的患者［有报告称卵泡激素剂会增加凝血因子，促进血栓形成倾向。］动脉性血栓栓塞疾病（例如冠状动脉性心脏病、脑卒中）或有其既往史的患者对本剂成分有过敏史的患者哺乳妇重笃肝功能障碍的患者诊断未确定的异常生殖器出血患者［若出血由子宫内膜癌引起，可能促进癌症恶化或显性化。］有卟啉症急性发作既往史的患者［有报告称可能诱发发作。］〈更年期障碍及卵巢缺失症状伴随的血管运动神经症状（潮热及发汗）、生殖辅助医疗中调节卵巢刺激开始时期的调整〉孕妇或可能妊娠的女性,这是治疗不孕症的药物。这是女性（卵泡）激素剂。具有补充不足的女性激素，调整激素平衡的功效。这是补充女性（卵泡）激素并调节身体状况的药物。这是治疗更年期障碍及卵巢切除等引起的潮热和发汗的药物。这是女性（卵泡）激素剂。具有通过调整月经周期，从而调整控制性卵巢刺激开始时期的功效。在冻融胚胎移植的激素补充周期中，具有营造有利于妊娠成立或维持的良好子宫内膜状态的功效。,140包,包,有效成分1包（1.0g）中雌二醇 1mg添加物乙醇、丙二醇、羧基乙烯基聚合物、三乙醇胺
Menoaid Combi Patch 雌二醇醋酸炔诺酮,雌二醇醋酸炔诺酮,更年期障碍及卵巢缺失症状伴随的血管运动神经系统症状（潮热及发汗）。（与功效或效果相关的注意）本剂不得用于无子宫的患者。,通常，成人每3～4日1次（每周2次）将Menoaid Combi Patch 1枚贴于下腹部。,"皮肤瘙痒、发红、皮炎、白带、乳房胀满感、乳房痛、
下腹部痛、红斑、皮肤色素沉着、皮肤水泡、皮疹",雌激素依赖性恶性肿瘤（例如乳腺癌、子宫内膜癌）及其疑似患者［可能促进肿瘤恶化或显性化。］未治疗的子宫内膜增生症患者［子宫内膜增生症可能伴有细胞异型。］有乳腺癌既往史的患者［乳腺癌可能复发。］有血栓性静脉炎或肺栓塞的患者或有其既往史的患者［有报告称雌激素会增加凝血因子，促进血栓形成倾向。］动脉性血栓栓塞疾病（例如冠状动脉性心脏病、脑卒中）或有其既往史的患者对本剂成分有过敏史的患者孕妇或可能妊娠的女性及哺乳妇重笃肝功能障碍的患者诊断未确定的异常生殖器出血患者［若出血由子宫内膜癌引起，可能促进癌症恶化或显性化。］卟啉症患者［症状可能恶化。］,这是女性（黄体・卵泡）激素剂。具有补充不足的女性激素，调整激素平衡的功效。这是治疗更年期障碍及卵巢切除等引起的潮热和发汗的药物。,24枚,包,"有效成分1枚（9cm²）中雌二醇 0.62mg醋酸炔诺酮 2.70mg添加物丙烯酸2-乙基己酯・
丙烯酸2-羟乙酯・乙酸乙烯酯・甲基丙烯酸缩水甘油酯共聚物、油酸、双丙甘醇、硅树脂、聚维酮"
Estriel 阴道片 0.5mg,雌三醇,阴道炎（老年性阴道炎、小儿阴道炎及非特异性阴道炎）、子宫颈管炎以及子宫阴道部糜烂。,作为雌三醇，通常成人每日1次0.5～1.0mg插入阴道内。此外，根据年龄、症状适当增减。,过敏症、乳房痛、乳房胀满感,雌激素依赖性恶性肿瘤（例如乳腺癌、子宫内膜癌）及其疑似患者［可能促进肿瘤恶化或显性化。］对本剂成分有过敏史的患者孕妇或可能妊娠的女性,作用于子宫颈部或阴道部，具有抑制局部炎症的功效。这是抑制阴道部炎症，改善不适症状的阴道片。,10片×10板（100片）,片剂,有效成分雌三醇 0.5mg添加剂酒石酸、碳酸氢钠、马铃薯淀粉、硬脂酸镁、乳糖水合物
【向】氟硝西泮1mg「Amel」,氟硝西泮,失眠症。麻醉前给药。,通常成人1次，作为氟硝西泮，0.5～2mg于睡前或手术前口服。此外，根据年龄・症状适当增减，但高龄者1次用量上限为1mg。,"飘忽感、嗜睡、头痛、眩晕、头脑发昏、运动失调、
头重、口渴、倦怠感、尿失禁、共济失调步态",急性闭角型青光眼患者［抗胆碱作用可能导致眼压升高，使症状恶化。］重症肌无力患者［可能使重症肌无力症状恶化。］,具有缓解焦虑和紧张，改善入睡，维持睡眠的功效。这是改善入睡困难、无法熟睡等失眠症状的药物。,10片×10板（100片）,片剂,"有效成分氟硝西泮 1mg添加物乳糖水合物、微晶纤维素、低取代度羟丙纤维素、
蓝色1号、含水二氧化硅、滑石粉、硬脂酸镁、羟丙甲纤维素、聚乙二醇6000、二氧化钛、卡那道蜡"
【向】酒石酸唑吡坦片 5mg「JG」,唑吡坦,失眠症（精神分裂症及躁郁症伴随的失眠症除外）,"通常，成人作为酒石酸唑吡坦1次5～10mg于就寝临睡前口服。另外，高龄者从1次5mg开始给药。
根据年龄、症状、疾病适当增减，但每日不超过10mg。","飘忽感、嗜睡、头痛、残眠感、头重感、眩晕、
不安、恶梦、情绪高涨、白细胞增多、白细胞减少","重笃肝功能障碍的患者重症肌无力患者［肌松作用可能导致症状恶化。］急性闭角型青光眼患者［眼压升高，可能导致症状恶化。］
因本剂出现过睡眠相关行为（梦游症状等）异常行为的患者［可能出现导致重笃自伤、他伤行为、事故等的睡眠相关行为。］",这是改善入睡困难、无法熟睡等失眠症状的药物。具有缓解焦虑和紧张，改善入睡的功效。,10片×10板（100片）,片剂,"有效成分唑吡坦 5mg添加物乳糖水合物、微晶纤维素、羟基乙酸淀粉钠、
硬脂酸镁、羟丙甲纤维素、聚乙二醇6000、二氧化钛、三氧化二铁、黄色三氧化二铁、卡那道蜡"
阿普唑仑片 0.4mg「Sawai」,阿普唑仑,心身症（胃溃疡・十二指肠溃疡、过敏性肠综合征、自主神经失调症）中的躯体症状以及焦虑・紧张・抑郁・睡眠障碍。,"通常，成人作为阿普唑仑每日1.2mg分3次口服。此外，根据年龄、症状适当增减。
增量时，最高剂量为每日2.4mg，渐次增量，分3～4次口服。高龄者从1次0.4mg，每日1～2次开始给药，即使增量，每日也不得超过1.2mg。","嗜睡、眩晕、飘忽感、头痛、眼部症状、
视力模糊、复视、构音障碍、焦躁感、神经过敏、心悸",急性闭角型青光眼患者［抗胆碱作用可能导致眼压升高，使症状恶化。］重症肌无力患者［肌松作用可能导致症状恶化。］,具有温和作用于脑部，平复兴奋，消除紧张和焦虑等功效。这是缓解焦虑和紧张的药物。,10片×10板（100片）,片剂,有效成分阿普唑仑 0.4mg添加物硬脂酸镁、玉米淀粉、乳糖、羟丙纤维素
Beova片 50mg,比贝格隆(Vibegron),过动性膀胱引起的尿急、尿频及急迫性尿失禁。,通常，成人每日1次饭后口服比贝格隆50mg。,"口干、便秘、尿路感染、膀胱炎、残尿量增加、
畏光、AST升高、ALT升高、头痛、眩晕、失眠症、尿路梗阻",对本剂成分有过敏史的患者,这是改善排尿次数增加、有强烈尿意、无意识漏尿等症状的药物。具有松弛膀胱肌肉，使膀胱更容易储尿的功效。,10片×10板（100片）,片剂,"有效成分比贝格隆 50mg添加物D-甘露醇、微晶纤维素、交联羧甲基纤维素钠、
羟丙纤维素、硬脂酸镁、乳糖水合物、羟丙甲纤维素、二氧化钛、
甘油三乙酸酯、黄色三氧化二铁、蓝色2号铝色淀、卡那道蜡"
柠檬酸亚铁钠片 50mg「NIG」,柠檬酸亚铁钠铁,缺铁性贫血。,通常成人作为铁，每日100～200mg（2～4片），分1～2次饭后口服。此外，根据年龄、症状适当增减。,"恶心、呕吐、上腹部不适感、胃痛、腹痛、
腹泻、食欲不振、便秘、烧心、皮疹、AST升高",非缺铁状态的患者［注意不要过量给药。可能导致过剩症。］,具有补充体内不足的铁分，提高骨髓造血能力的功效。这是改善由铁分不足引起的贫血症状的药物。,10片×10板（100片）,片剂,"有效成分柠檬酸亚铁钠 50mg添加物D-甘露醇、微晶纤维素、交联羧甲基纤维素钠、羟丙纤维素、
硬脂酸镁、乳糖水合物、羟丙甲纤维素、二氧化钛、甘油三乙酸酯、黄色三氧化二铁、蓝色2号铝色淀、卡那道蜡"
Psofeqi配合片「Sawai」,盐酸非索非那定盐酸伪麻黄碱,过敏性鼻炎。,通常，成人及12岁以上儿童，1次2片（作为盐酸非索非那定60mg及盐酸伪麻黄碱120mg），每日2次，早晚空腹时口服。,"皮疹、头痛、疲劳、口渴、浮肿、过敏症、
麻木感、嗜睡、倦怠感、眩晕、不眠","对本剂成分及与盐酸伪麻黄碱化学结构类似的化合物（含有盐酸麻黄碱或盐酸甲基麻黄碱的制剂）有过敏史的患者。
重症高血压患者[症状可能恶化]。重症冠状动脉疾病患者[症状可能恶化]。闭角型青光眼患者[症状可能恶化]。
有尿闭的患者[症状可能恶化]。有交感神经刺激药引起的失眠、眩晕、脱力、震颤、心律失常等既往史的患者[盐酸伪麻黄碱的交感神经刺激作用可能表现强烈]",这是改善打喷嚏、流鼻涕、鼻塞等症状的药物。具有抑制引起过敏症状的物质（组胺等）的作用，同时收缩鼻血管以抑制粘膜充血和炎症的功效。,10片×10板（100片）,片剂,"有效成分盐酸非索非那定 30mg盐酸伪麻黄碱 60mg添加物卡那道蜡、交联羧甲基纤维素钠、
轻质无水硅酸、微晶纤维素、硬化油、二氧化钛、三氧化二铁、硬脂酸、硬脂酸镁、
滑石粉、羟丙纤维素、部分预胶化淀粉、聚乙烯醇（部分皂化）、聚乙二醇4000"
盐酸多奈哌齐片 3mg「Sawai」,盐酸多奈哌齐,阿尔茨海默型痴呆症的痴呆症状及路易体痴呆症的痴呆症状的进展抑制。,"〈阿尔茨海默型痴呆症的痴呆症状的进展抑制〉通常，成人作为盐酸多奈哌齐每日1次从3mg开始，1～2周后增量至5mg口服。重度阿尔茨海默型痴呆症患者，在服用5mg达4周以上后，增量至10mg。此外，根据症状适当减量。〈路易体痴呆症的痴呆症状的进展抑制〉
通常，成人作为盐酸多奈哌齐每日1次从3mg开始，1～2周后增量至5mg口服。在服用5mg达4周以上后，增量至10mg。此外，根据症状可减量至5mg。
在抑制路易体痴呆症症状进展的情况下，给药开始12周后为基准，进行认知功能检查、听取患者及家属/护理者的自觉他觉症状等以评估有效性。
综合评估认知功能、精神症状/行为障碍、日常生活动作等，若判断收益未超过风险，则应中止给药
（即使根据给药开始12周后的有效性评估结果判断继续给药，也应定期进行有效性评估，判断是否继续给药）。","过敏症、皮疹、瘙痒感、食欲不振、恶心、
呕吐、腹泻、腹痛、便秘、流涎、兴奋",对本剂成分或哌啶衍生物有过敏史的患者。,抑制脑内分解神经传导物质（乙酰胆碱）的酶的作用。这是抑制健忘加剧、重复同一件事、判断困难等症状进展的药物。,14片×1板（14片）,片剂,"有效成分盐酸多奈哌齐片 3mg「Sawai」添加物微晶纤维素、二氧化钛、硬脂酸镁、滑石粉、
玉米淀粉、乳糖、羟丙纤维素、羟丙甲纤维素、聚乙二醇6000"
盐酸多奈哌齐片 5mg「Sawai」,盐酸多奈哌齐,阿尔茨海默型痴呆症的痴呆症状及路易体痴呆症的痴呆症状的进展抑制。,"〈阿尔茨海默型痴呆症的痴呆症状的进展抑制〉通常，成人作为盐酸多奈哌齐每日1次从3mg开始，1～2周后增量至5mg口服。重度阿尔茨海默型痴呆症患者，在服用5mg达4周以上后，增量至10mg。此外，根据症状适当减量。〈路易体痴呆症的痴呆症状的进展抑制〉
通常，成人作为盐酸多奈哌齐每日1次从3mg开始，1～2周后增量至5mg口服。在服用5mg达4周以上后，增量至10mg。此外，根据症状可减量至5mg。
在抑制路易体痴呆症症状进展的情况下，给药开始12周后为基准，进行认知功能检查、听取患者及家属/护理者的自觉他觉症状等以评估有效性。
综合评估认知功能、精神症状/行为障碍、日常生活动作等，若判断收益未超过风险，则应中止给药
（即使根据给药开始12周后的有效性评估结果判断继续给药，也应定期进行有效性评估，判断是否继续给药）。","过敏症、皮疹、瘙痒感、食欲不振、恶心、　
呕吐、腹泻、腹痛、便秘、流涎、兴奋",对本剂成分或哌啶衍生物有过敏史的患者。,抑制脑内分解神经传导物质（乙酰胆碱）的酶的作用。这是抑制健忘加剧、重复同一件事、判断困难等症状进展的药物。,14片×4板（56片）,片剂,"有效成分盐酸多奈哌齐片 5mg「Sawai」添加物微晶纤维素、二氧化钛、硬脂酸镁、滑石粉
玉米淀粉、乳糖、羟丙纤维素、羟丙甲纤维素、聚乙二醇6000"
非那雄胺片 1mg「Sawai」,非那雄胺,男性雄激素性脱发症的进展迟延。,男性成人通常作为非那雄胺每日1次口服0.2mg。此外，根据需要可适当增量，但上限为每日1mg。,"肝功能障碍、性欲减退、勃起功能障碍、
射精障碍、精液量减少、过敏症、瘙痒症、荨麻疹、皮疹、
血管性水肿、口唇肿胀、舌肿胀",对本剂成分有过敏史的患者。孕妇或可能妊娠的女性及正在哺乳的女性,具有调整激素平衡，抑制头发变稀疏的功效。这是抑制男性雄激素性脱发症导致头发变稀疏的药物。,14片×2板（28片）,片剂,"有效成分非那雄胺片 1mg添加物卡那道蜡、微晶纤维素、二氧化钛、三氧化二铁、多库酯钠、
硬脂酸镁、滑石粉、羟基乙酸淀粉钠、乳糖、羟丙纤维素、羟丙甲纤维素、部分预胶化淀粉"
法莫替丁D片 10mg「Sawai」,法莫替丁,胃溃疡、十二指肠溃疡、吻合口溃疡、上消化道出血（由消化性溃疡、急性应激性溃疡、出血性胃炎引起）、反流性食管炎、Zollinger-Ellison综合征。改善下列疾病的胃粘膜病变（胃粘膜糜烂、胃粘膜出血、胃粘膜发红、胃粘膜浮肿）：急性胃炎、慢性胃炎的急性加重期。,"〈胃溃疡、十二指肠溃疡、吻合口溃疡、上消化道出血、反流性食管炎、Zollinger-Ellison综合征〉
通常，成人作为法莫替丁1次20mg，每日2次（早餐后、晚餐后或睡前）口服。也可1次40mg，每日1次（睡前）口服。此外，根据年龄・症状适当增减。
但上消化道出血通常以注射剂开始治疗，待可口服后切换为口服给药。
〈改善下列疾病的胃粘膜病变（糜烂、出血、发红、浮肿）急性胃炎、慢性胃炎的急性加重期〉
通常，成人作为法莫替丁1次10mg，每日2次（早餐后、晚餐后或睡前）口服。也可1次20mg，每日1次（睡前）口服。此外，根据年龄・症状适当增减。","白细胞减少、便秘、Al-P升高、痉挛、心动过缓、
心动过速、房室传导阻滞、肝功能异常、可逆性错乱状态、抑郁状态、眩晕",对本剂成分有过敏史的患者,"这是治疗胃溃疡、十二指肠溃疡、胃炎、反流性食管炎等的药物。具有抑制胃酸及胃液中含有的消化酶分泌的功效。
具有抑制胃酸及胃液中含有的消化酶分泌以及抑制出血的功效。这是治疗因溃疡或胃炎等引起消化道出血的药物。",10片×10板（100片）,片剂,"有效成分法莫替丁D片 10mg添加物阿斯巴甜（L-苯丙氨酸复合物）、乙基纤维素、
乙基香兰素、还原麦芽糖水饴、交联聚维酮、轻质无水硅酸、十六醇、滑石粉、甘油三乙酸酯、香兰素、羟丙纤维素、硬脂酰富马酸钠、D-甘露醇、月桂醇硫酸钠、香料"
法莫替丁D片 20mg「Sawai」,法莫替丁,胃溃疡、十二指肠溃疡、吻合口溃疡、上消化道出血（由消化性溃疡、急性应激性溃疡、出血性胃炎引起）、反流性食管炎、Zollinger-Ellison综合征。改善下列疾病的胃粘膜病变（胃粘膜糜烂、胃粘膜出血、胃粘膜发红、胃粘膜浮肿）：急性胃炎、慢性胃炎的急性加重期。,"〈胃溃疡、十二指肠溃疡、吻合口溃疡、上消化道出血、反流性食管炎、Zollinger-Ellison综合征〉
通常，成人作为法莫替丁1次20mg，每日2次（早餐后、晚餐后或睡前）口服。也可1次40mg，每日1次（睡前）口服。此外，根据年龄・症状适当增减。
但上消化道出血通常以注射剂开始治疗，待可口服后切换为口服给药。
〈改善下列疾病的胃粘膜病变（糜烂、出血、发红、浮肿）急性胃炎、慢性胃炎的急性加重期〉
通常，成人作为法莫替丁1次10mg，每日2次（早餐后、晚餐后或睡前）口服。也可1次20mg，每日1次（睡前）口服。此外，根据年龄・症状适当增减。","白细胞减少、便秘、Al-P升高、痉挛、心动过缓、
心动过速、房室传导阻滞、肝功能异常、可逆性错乱状态、抑郁状态、眩晕",对本剂成分有过敏史的患者,"这是治疗胃溃疡、十二指肠溃疡、胃炎、反流性食管炎等的药物。具有抑制胃酸及胃液中含有的消化酶分泌的功效。
具有抑制胃酸及胃液中含有的消化酶分泌以及抑制出血的功效。这是治疗因溃疡或胃炎等引起消化道出血的药物。",10片×10板（100片）,片剂,"有效成分法莫替丁D片 20mg添加物阿斯巴甜（L-苯丙氨酸复合物）、乙基纤维素、乙基香兰素、
还原麦芽糖水饴、交联聚维酮、轻质无水硅酸、十六醇、滑石粉、甘油三乙酸酯、香兰素、羟丙纤维素、硬脂酰富马酸钠、D-甘露醇、月桂醇硫酸钠、香料"
伏格列波糖片 0.3mg「Sawai」,伏格列波糖,改善糖尿病的餐后高血糖（仅限进行了饮食疗法・运动疗法但未获得充分效果的患者，或在饮食疗法・运动疗法基础上使用了口服降糖药或胰岛素制剂但未获得充分效果的患者）。,通常，成人作为伏格列波糖1次0.2mg，每日3次于每餐前即刻口服。此外，若效果不明显，可在充分观察过程的情况下将1次量增量至0.3mg。,"腹胀、放屁、腹泻、腹痛、便秘、
软便、肠鸣、食欲不振、恶心、烧心、口渴","重症酮症、糖尿病性昏迷或前昏迷的患者［因必须通过输液及胰岛素迅速纠正高血糖，故不适合使用本剂。］
重症感染症、手术前后、有严重外伤的患者［因希望通过注射胰岛素进行血糖管理，故不适合使用本剂。］对本剂成分有过敏史的患者",这是治疗糖尿病的药物。具有延缓肠道对葡萄糖的吸收，控制餐后血糖值的功效。,10片×10板（100片）,片剂,有效成分伏格列波糖片 0.3mg添加物硬脂酸镁、玉米淀粉、乳糖、羟丙纤维素
洛索洛芬贴片 100mg,洛索洛芬,下列疾病及症状的消炎・镇痛：骨关节炎、肌肉痛、外伤后的肿胀・外伤后的疼痛。,每日1次，贴于患处。,"皮肤瘙痒、红斑、接触性皮炎、皮疹、
胃部不适、上腹部痛、腹泻、软便、AST升高、ALT升高、γ-GTP升高",对本剂成分有过敏史的患者阿司匹林哮喘（非甾体类消炎镇痛剂等引起的哮喘发作诱发）或有其既往史的患者［可能诱发哮喘发作。］,具有抑制引起疼痛和炎症的物质（前列腺素）生成的功效。这是治疗关节痛、肌肉痛等的药物。,7枚×10袋（70枚）,贴剂,"有效成分1枚（膏体质量2g）中洛索洛芬钠水合物（日局） 113.4mg（作为无水物为100mg）
添加物苯乙烯・异戊二烯・苯乙烯嵌段共聚物、聚异丁烯、氢化松香甘油酯、二丁基羟基甲苯、l-薄荷醇、液体石蜡、其他2种成分"
伊那韦吸入粉雾剂 20mg,辛酸拉尼米韦酯水合物,A型流感病毒感染症或B型流感病毒感染症的治疗及预防。,"成人：作为辛酸拉尼米韦酯单次吸入给药40mg。
儿童：①. 10岁以上：作为辛酸拉尼米韦酯单次吸入给药40mg。
②. 10岁以下：作为辛酸拉尼米韦酯单次吸入给药20mg。〈预防〉成人：作为辛酸拉尼米韦酯单次吸入给药40mg。也可以每日1次20mg，吸入给药2天。
儿童：①. 10岁以上：作为辛酸拉尼米韦酯单次吸入给药40mg。也可以每日1次20mg，吸入给药2天。②. 10岁以下：作为辛酸拉尼米韦酯单次吸入给药20mg。",腹泻、胃肠炎、恶心、呕吐、腹痛、口炎、腹胀、食欲减退、腹部不适、眩晕、头痛,对本剂成分有过敏史的患者,具有抑制流感病毒增殖的功效。这是治疗及预防流感的药物。,2套,吸入剂,有效成分1容器中辛酸拉尼米韦酯水合物 20.76mg（作为辛酸拉尼米韦酯为20mg）添加物乳糖水合物
速福达片 20mg,玛巴洛沙韦,A型流感病毒感染症或B型流感病毒感染症的治疗及预防。,"通常，按以下用量单次口服。1）．治疗①．成人及12岁以上儿童（体重80kg以上）：20mg片4片（作为玛巴洛沙韦为80mg）
②．成人及12岁以上儿童（体重80kg未满）：20mg片2片（作为玛巴洛沙韦为40mg）
③．12岁未满儿童（体重40kg以上）：20mg片2片（作为玛巴洛沙韦为40mg）
④．12岁未满儿童（体重20kg以上40kg未满）：20mg片1片（作为玛巴洛沙韦为20mg）2）．预防（给药量同上，根据体重分级）",休克、过敏反应、异常行为、缺血性大肠炎、腹痛、腹泻、血便、出血、鼻出血、血尿、皮疹、荨麻疹、头痛、恶心、呕吐、ALT增加、AST增加、过敏症、瘙痒、血管性水肿,在给予本剂时，应慎重探讨本剂的必要性。〈治疗〉考虑到抗病毒药物并非对所有流感患者都是必须的，且年龄越小低感受性株出现的频率越高，若扩大本剂的使用，不能否定低感受性株在社区传播扩大的可能性。因此对于体重20kg未满的儿童，应在考虑使用其他抗流感病毒药物的基础上，特别慎重地探讨给予本剂的必要性。〈预防〉流感病毒感染症预防的基本是疫苗，本剂的预防使用不能替代疫苗。对本剂成分有过敏史的患者,具有抑制流感病毒增殖的功效。这是治疗及预防流感的药物。,10片×1板（10片）,片剂,有效成分1片中玛巴洛沙韦 20mg添加物乳糖水合物、交联羧甲基纤维素钠、聚维酮、微晶纤维素、硬脂酰富马酸钠、羟丙甲纤维素、二氧化钛、滑石粉
奥司他韦片 75mg「Towa」,磷酸奥司他韦,A型流感病毒感染症或B型流感病毒感染症，及A型流感病毒感染症或B型流感病毒感染症的预防。,"通常，成人及体重37.5kg以上的儿童，作为奥司他韦1次75mg，每日2次，口服5天。〈预防〉
成人：通常，作为奥司他韦1次75mg，每日1次，口服7～10天。体重37.5kg以上的儿童：通常，作为奥司他韦1次75mg，每日1次，口服10天。",腹泻、皮疹、腹痛、恶心、呕吐、眩晕、头痛、失眠症、ALT增加、蛋白尿、嗜酸性粒细胞数增加,"在使用本剂时，应慎重探讨本剂的必要性。流感病毒感染症预防的基本是疫苗，本剂的预防使用不能替代疫苗。
对本剂成分有过敏史者",具有抑制流感病毒增殖的功效。这是治疗及预防流感的药物。,10胶囊×1板（10胶囊）,胶囊,有效成分磷酸奥司他韦 98.5mg（作为奥司他韦为75mg）添加物D-甘露醇、羟丙纤维素、硬脂酰富马酸钠、羟丙甲纤维素、二氧化钛、滑石粉
Minnebro片 2.5mg,依沙谢雷酮,高血压症。,通常，成人作为依沙谢雷酮每日1次口服2.5mg。此外，若效果不明显，可增量至5mg。,高钾血症、贫血、血小板数减少、白细胞数减少、血清钾值升高、血中尿酸增加、高尿酸血症、痛风、眩晕、头痛、肝功能异常、γ-GTP升高,对本剂成分有过敏史的患者高钾血症患者或本剂给药开始时血清钾值超过5.0mEq/L的患者［可能加重高钾血症。］重度肾功能障碍（eGFR 30mL/min/1.73m²未满）的患者正在服用保钾利尿剂（螺内酯、氨苯蝶啶、坎利酸钾）、醛固酮拮抗剂（依普利酮）或钾制剂（氯化钾、葡萄糖酸钾、天冬氨酸钾、碘化钾（用于预防/减少放射性碘引起的甲状腺内部辐射的情况除外）、醋酸钾）的患者,这是降低血压的药物。具有抑制升高血压的物质（醛固酮）的功效。,10片×10板（100片）,片剂,有效成分依沙谢雷酮 2.5mg添加物乳糖水合物、低取代度羟丙纤维素、羟丙纤维素、硬脂酸镁、黄色三氧化二铁
Minnebro片 5mg,依沙谢雷酮,高血压症。,通常，成人作为依沙谢雷酮每日1次口服2.5mg。此外，若效果不明显，可增量至5mg。,高钾血症、贫血、血小板数减少、白细胞数减少、血清钾值升高、血中尿酸增加、高尿酸血症、痛风、眩晕、头痛、肝功能异常、γ-GTP升高,对本剂成分有过敏史的患者高钾血症患者或本剂给药开始时血清钾值超过5.0mEq/L的患者［可能加重高钾血症。］重度肾功能障碍（eGFR 30mL/min/1.73m²未满）的患者正在服用保钾利尿剂（螺内酯、氨苯蝶啶、坎利酸钾）、醛固酮拮抗剂（依普利酮）或钾制剂（氯化钾、葡萄糖酸钾、天冬氨酸钾、碘化钾（用于预防/减少放射性碘引起的甲状腺内部辐射的情况除外）、醋酸钾）的患者,这是降低血压的药物。具有抑制升高血压的物质（醛固酮）的功效。,10片×10板（100片）,片剂,有效成分依沙谢雷酮 5mg添加物乳糖水合物、低取代度羟丙纤维素、羟丙纤维素、硬脂酸镁、三氧化二铁
贝索姆拉片 10mg,苏沃雷生,失眠症。,通常，成人作为苏沃雷生每日1次20mg，高龄者每日1次15mg，于就寝临睡前口服。,疲劳、嗜睡、头痛、浮动性眩晕、睡眠瘫痪（鬼压床）、恶梦、异常梦境、入睡前幻觉、心悸、恶心、呕吐,对本剂成分有过敏史的患者正在服用伊曲康唑、泊沙康唑、伏立康唑、克拉霉素、伏诺拉生/阿莫西林/克拉霉素、雷贝拉唑/阿莫西林/克拉霉素、利托那韦、奈玛特韦/利托那韦、恩赛特韦的患者,这是改善入睡困难、无法熟睡等失眠症状的药物。具有抑制促进觉醒物质的功效。,10片×10板（100片）,片剂,有效成分贝索姆拉®片 10mg添加物共聚维酮、微晶纤维素、乳糖水合物、交联羧甲基纤维素钠、硬脂酸镁、羟丙甲纤维素、二氧化钛、甘油三乙酸酯、黄色三氧化二铁、蓝色1号铝色淀
贝索姆拉片 15mg,苏沃雷生,失眠症。,（同上 10mg 的用法用量）,疲劳、嗜睡、头痛、浮动性眩晕、睡眠瘫痪（鬼压床）、恶梦、异常梦境、入睡前幻觉、心悸、恶心、呕吐,对本剂成分有过敏史的患者正在服用伊曲康唑、泊沙康唑、伏立康唑、克拉霉素、伏诺拉生/阿莫西林/克拉霉素、雷贝拉唑/阿莫西林/克拉霉素、利托那韦、奈玛特韦/利托那韦、恩赛特韦的患者,这是改善入睡困难、无法熟睡等失眠症状的药物。具有抑制促进觉醒物质的功效。,10片×10板（100片）,片剂,有效成分贝索姆拉®片 15mg添加物共聚维酮、微晶纤维素、乳糖水合物、交联羧甲基纤维素钠、硬脂酸镁、羟丙甲纤维素、二氧化钛、甘油三乙酸酯
Sancoba滴眼液 0.02%,氰钴胺,调节性眼疲劳中的微动调节改善。,通常，1次1～2滴，每日滴眼3～5次。此外，根据症状适当增减。,过敏症状,无特别提及,作用于参与眼部焦距调节的肌肉，具有改善调节功能异常的功效。这是消除眼睛疲劳的滴眼液。,10瓶（50ml）,滴眼液,有效成分1mL中氰钴胺 0.2mg添加物硼酸、苯扎氯铵、硼砂
爱丽滴眼液 0.1%,精制透明质酸钠液,下列疾病伴随的角结膜上皮损伤：1) 干燥综合征、史蒂文斯-约翰逊综合征、眼球干燥综合征（干眼症）等内因性疾病；2) 术后、药物性、外伤、佩戴隐形眼镜等外因性疾病。,1次1滴，每日滴眼5～6次，根据症状适当增减。另外，通常使用0.1%制剂，重症疾病等效果不充分的情况下，使用0.3%制剂。,眼瘙痒感、眼刺激、眼屎、结膜充血、眼异物感、睑缘炎、结膜炎、弥漫性表层角膜炎、角膜损伤、眼痛,无特别提及,具有保护角膜，防止眼睛干燥的功效。这是治疗角膜伤口的滴眼液。,10瓶（50ml）,滴眼液,有效成分1mL中精制透明质酸钠 1mg添加物氯化钠、丙二醇、ε-氨基己酸、依地酸钠水合物、葡萄糖酸氯己定液、pH调节剂
透明质酸钠PF滴眼液 0.1%「日点」,精制透明质酸钠液,下列疾病伴随的角结膜上皮损伤：1) 干燥综合征、史蒂文斯-约翰逊综合征、眼球干燥综合征（干眼症）等内因性疾病；2) 术后、药物性、外伤、佩戴隐形眼镜等外因性疾病。,1次1滴，每日滴眼5～6次，根据症状适当增减。另外，通常使用0.1%制剂，重症疾病等效果不充分的情况下，使用0.3%制剂。,眼瘙痒感、眼刺激、眼屎、结膜充血、眼异物感、睑缘炎、结膜炎、弥漫性表层角膜炎等角膜损伤、眼痛。,无特别提及,具有保护角膜，防止眼睛干燥的功效。这是治疗角膜伤口的滴眼液。,10瓶（50ml）,滴眼液,有效成分1mL中精制透明质酸钠 1mg添加物硼酸、硼砂、依地酸钠水合物、pH调节剂、等张化剂
氟米龙滴眼液 0.02%,氟米龙,外眼部炎症性疾病（睑缘炎、结膜炎、角膜炎、巩膜炎、表层巩膜炎等）。,使用时充分摇匀，通常1次1～2滴，每日滴眼2～4次。根据年龄、症状适当增减。,青光眼、眼内压升高、角膜疱疹、角膜真菌病、绿脓杆菌感染症、角膜穿孔、后囊下白内障、眼刺激、结膜充血、角膜沉积物、睑缘炎、眼睑皮炎、垂体-肾上腺皮质系统功能抑制、皮疹、伤口愈合延迟,对本剂成分有过敏史的患者。,具有抑制非细菌或病毒感染引起的眼部急性炎症的功效。这是抑制眼痛、肿胀、瘙痒等症状的滴眼液。,10瓶（50ml）,滴眼液,有效成分1mL中氟米龙 0.2mg添加物氯化钠、苯扎氯铵、聚山梨酯80、甲基纤维素、依地酸钠水合物、磷酸氢二钠水合物、磷酸二氢钠水合物
氟米龙滴眼液 0.1%,氟米龙,外眼部炎症性疾病（睑缘炎、结膜炎、角膜炎、巩膜炎、表层巩膜炎等）。,使用时充分摇匀，通常1次1～2滴，每日滴眼2～4次。根据年龄、症状适当增减。,青光眼、眼内压升高、角膜疱疹、角膜真菌病、绿脓杆菌感染症、角膜穿孔、后囊下白内障、眼刺激、结膜充血、角膜沉积物、睑缘炎、眼睑皮炎、垂体-肾上腺皮质系统功能抑制、皮疹、伤口愈合延迟,对本剂成分有过敏史的患者。,具有抑制非细菌或病毒感染引起的眼部急性炎症的功效。这是抑制眼痛、肿胀、瘙痒等症状的滴眼液。,10瓶（50ml）,滴眼液,有效成分1mL中氟米龙 1mg添加物氯化钠、苯扎氯铵、聚山梨酯80、甲基纤维素、依地酸钠水合物、磷酸氢二钠水合物、磷酸二氢钠水合物
酮洛芬贴片 40mg「三和」,酮洛芬,下列疾病及症状的镇痛・消炎：腰痛症（肌・肌筋膜性腰痛症、变形性脊椎症、椎间盘病、腰椎扭伤）、骨关节炎、肩周炎、肌腱・腱鞘炎、腱周炎、肱骨上髁炎（网球肘等）、肌肉痛、外伤后的肿胀・外伤后的疼痛。1. 类风湿性关节炎中关节局部的镇痛。,每日1次贴于患处。,因可能出现光线过敏症，使用期间无论天气如何，应避免户外活动，日常外出时也应用衣物、护具等遮挡贴敷部位。此外，白色衣物或薄衣服可能会透射紫外线，因此应穿着不易透射紫外线的彩色衣物等。另外，使用后数日至数月也可能出现，因此使用后一段时间内也应同样注意。若发现异常，应立即中止使用，遮挡患处，进行适当处理。局部皮疹、荨麻疹、面部浮肿、过敏症、皮肤剥脱、眼睑浮肿、消化性溃疡、皮下出血,对本剂或本剂成分有过敏史的患者。阿司匹林哮喘（非甾体类消炎镇痛剂等引起的哮喘发作诱发）或有其既往史的患者[可能诱发哮喘发作]。对噻洛芬酸过敏、对舒洛芬过敏、对非诺贝特过敏以及对含有氧苯酮的产品过敏及对含有奥克立林的产品过敏（防晒霜、香水等）既往史的患者[对这些成分有过敏既往史的患者，对本剂也可能表现出过敏症]。有光线过敏症既往史的患者。妊娠后期的女性。,具有抑制引起疼痛和炎症的物质（前列腺素）生成的功效。这是治疗关节痛、肌肉痛等，或缓解类风湿性关节炎引起的疼痛的药物。,7枚×10袋（70枚）,贴剂,有效成分1枚（膏体1.4g）中「日局」酮洛芬 40mg添加物液体石蜡、l-薄荷醇、氢化松香甘油酯、苯乙烯・异戊二烯・苯乙烯嵌段共聚物、聚异丁烯、肉豆蔻酸异丙酯、BHT、其他2种成分
Cinal配合片,抗坏血酸・泛酸钙,本剂所含维生素类需求增加，且从饮食中摄取不足时的补充（消耗性疾病、孕产妇、哺乳妇等）、炎症后的色素沉着。效果不明显时不应漫然长期使用月余。,通常，成人1次1～3片，每日1～3次口服。根据年龄、症状适当增减。,胃部不适、恶心・呕吐、腹泻等。,无特别提及,这是含有维生素C和泛酸的维生素制剂。补充本剂所含的维生素群。这是补充维生素C等，或改善色斑、雀斑等的药物。,10片×10板（100片）,片剂,有效成分1片中抗坏血酸 200mg泛酸钙 3mg添加物玉米淀粉、白糖、羧甲基纤维素钙、羟丙纤维素、硬脂酸镁、核黄素、黄色5号、黄色三氧化二铁
Metoglco片 250mg,盐酸二甲双胍片,2型糖尿病仅通过饮食疗法・运动疗法无法获得充分效果的2型糖尿病。在饮食疗法・运动疗法基础上使用磺酰脲类药物无法获得充分效果的2型糖尿病。多囊卵巢综合征中的排卵诱发（仅限肥胖、耐糖量异常或表现出胰岛素抵抗的患者），多囊卵巢综合征的生殖辅助医疗中的调节卵巢刺激（仅限肥胖、耐糖量异常或表现出胰岛素抵抗的患者）。,〈2型糖尿病〉通常，成人作为盐酸二甲双胍每日从500mg开始，分每日2～3次于餐前即刻或餐后口服。维持量根据效果观察决定，通常每日750～1500mg。此外，根据患者状态适当增减，但每日最高给药量为2250mg。通常，10岁以上儿童作为盐酸二甲双胍每日从500mg开始，分每日2～3次于餐前即刻或餐后口服。维持量根据效果观察决定，通常每日500～1500mg。此外，根据患者状态适当增减，但每日最高给药量为2000mg。〈多囊卵巢综合征中的排卵诱发〉与其它排卵诱发药并用，通常作为盐酸二甲双胍从500mg每日1次口服开始。确认患者耐受性后增量，每日给药量不超过1500mg范围内，分每日2～3次口服。本剂在排卵前中止。〈多囊卵巢综合征的生殖辅助医疗中的调节卵巢刺激〉与其它卵巢刺激药并用，通常作为盐酸二甲双胍从500mg每日1次口服开始。确认患者耐受性后增量，每日给药量不超过1500mg范围内，分每日2～3次口服。本剂在取卵前中止。,低血糖、低血糖症状、脱力感、高度空腹感、发汗、乳酸酸中毒、血中乳酸值升高、乳酸/丙酮酸比升高、血液pH降低、胃肠症状、倦怠感、肌肉痛、过度呼吸、肝功能障碍、黄疸、显著AST升高、显著ALT升高、显著ALP升高、显著γ-GTP升高、显著胆红素升高、横纹肌溶解症、CK升高、血中肌红蛋白升高、尿中肌红蛋白升高、腹泻、恶心、食欲不振、腹痛、呕吐、乳酸升高、空腹感、消化不良、腹胀感、便秘、胃炎,可能引发重笃的乳酸酸中毒，亦有致死案例报告。不得给予易发生乳酸酸中毒的患者。肾功能障碍或肝功能障碍患者、高龄者给药时，应定期确认肾功能及肝功能等慎重给药。特别是75岁以上高龄者，应慎重判断本剂给药的适宜性。・有乳酸酸中毒既往史的患者・重度肾功能障碍（eGFR 30mL/min/1.73m²未满）患者或透析患者（含腹膜透析）・重度肝功能障碍患者・心血管系、肺功能有高度障碍（休克、心力衰竭、心肌梗死、肺栓塞等）的患者及其他易伴随低氧血症状态的患者[厌氧糖酵解亢进导致乳酸产生增加。]・脱水症患者或担心脱水状态的患者（腹泻、呕吐等胃肠障碍患者、难以经口摄取的患者等）・过度饮酒者重症酮症、糖尿病性昏迷或前昏迷、1型糖尿病患者[必须通过输液、胰岛素迅速纠正高血糖。]重症感染症、手术前后、有严重外伤的患者[因希望通过注射胰岛素进行血糖管理，故不适合使用本剂。且易引发乳酸酸中毒。]营养不良状态、饥饿状态、衰弱状态、脑垂体功能不全或肾上腺功能不全的患者[可能引发低血糖。]孕妇或可能妊娠的女性对本剂成分或双胍类药物有过敏史的患者,"这是治疗糖尿病的药物。具有促进肌肉和脂肪消耗糖分，或抑制新糖生成从而降低血糖值的功效。
这是治疗不孕症的药物。具有改善多囊卵巢综合征（PCOS）引起的排卵障碍的功效。",10片×10板（100片）,片剂,有效成分1片中日局盐酸二甲双胍 250mg添加物聚维酮、硬脂酸镁、羟丙甲纤维素、聚乙二醇4000、聚乙二醇6000、滑石粉
Metoglco片 500mg,盐酸二甲双胍片,2型糖尿病仅通过饮食疗法・运动疗法无法获得充分效果的2型糖尿病。在饮食疗法・运动疗法基础上使用磺酰脲类药物无法获得充分效果的2型糖尿病。多囊卵巢综合征中的排卵诱发（仅限肥胖、耐糖量异常或表现出胰岛素抵抗的患者），多囊卵巢综合征的生殖辅助医疗中的调节卵巢刺激（仅限肥胖、耐糖量异常或表现出胰岛素抵抗的患者）。,（同上 250mg 的用法用量）,低血糖、低血糖症状、脱力感、高度空腹感、发汗、乳酸酸中毒、血中乳酸值升高、乳酸/丙酮酸比升高、血液pH降低、胃肠症状、倦怠感、肌肉痛、过度呼吸、肝功能障碍、黄疸、显著AST升高、显著ALT升高、显著ALP升高、显著γ-GTP升高、显著胆红素升高、横纹肌溶解症、CK升高、血中肌红蛋白升高、尿中肌红蛋白升高、腹泻、恶心、食欲不振、腹痛、呕吐、乳酸升高、空腹感、消化不良、腹胀感、便秘、胃炎,可能引发重笃的乳酸酸中毒，亦有致死案例报告。不得给予易发生乳酸酸中毒的患者。肾功能障碍或肝功能障碍患者、高龄者给药时，应定期确认肾功能及肝功能等慎重给药。特别是75岁以上高龄者，应慎重判断本剂给药的适宜性。・有乳酸酸中毒既往史的患者・重度肾功能障碍（eGFR 30mL/min/1.73m²未满）患者或透析患者（含腹膜透析）・重度肝功能障碍患者・心血管系、肺功能有高度障碍（休克、心力衰竭、心肌梗死、肺栓塞等）的患者及其他易伴随低氧血症状态的患者[厌氧糖酵解亢进导致乳酸产生增加。]・脱水症患者或担心脱水状态的患者（腹泻、呕吐等胃肠障碍患者、难以经口摄取的患者等）・过度饮酒者重症酮症、糖尿病性昏迷或前昏迷、1型糖尿病患者[必须通过输液、胰岛素迅速纠正高血糖。]重症感染症、手术前后、有严重外伤的患者[因希望通过注射胰岛素进行血糖管理，故不适合使用本剂。且易引发乳酸酸中毒。]营养不良状态、饥饿状态、衰弱状态、脑垂体功能不全或肾上腺功能不全的患者[可能引发低血糖。]孕妇或可能妊娠的女性对本剂成分或双胍类药物有过敏史的患者,"这是治疗糖尿病的药物。具有促进肌肉和脂肪消耗糖分，或抑制新糖生成从而降低血糖值的功效。
这是治疗不孕症的药物。具有改善多囊卵巢综合征（PCOS）引起的排卵障碍的功效。",10片×10板（100片）,片剂,有效成分1片中日局盐酸二甲双胍 500mg添加物聚维酮、硬脂酸镁、羟丙甲纤维素、聚乙二醇4000、聚乙二醇6000、滑石粉
秋水仙碱片 0.5mg「Takata」,秋水仙碱,痛风发作的缓解及预防。家族性地中海热。,〈痛风发作的缓解及预防〉通常，成人作为秋水仙碱每日3～4mg分6～8次口服。此外，根据年龄、症状适当增减。发病预防通常成人作为秋水仙碱每日0.5～1mg，发作预感时1次0.5mg口服。〈家族性地中海热〉通常，成人作为秋水仙碱每日0.5mg分1次或2次口服。此外，根据患者状态适当增减，但每日最大给药量为1.5mg。通常，儿童作为秋水仙碱每日0.01～0.02mg/kg分1次或2次口服。此外，根据患者状态适当增减，但每日最大给药量为0.03mg/kg，且不超过成人的每日最大给药量。,过敏症、全身瘙痒、皮疹、发热、腹泻、恶心、呕吐、腹痛、腹部绞痛、BUN升高、肌酐升高、再生障碍性贫血、粒细胞减少、白细胞减少、血小板减少、横纹肌溶解症、肌病、肌肉痛、脱力感、CK升高、血中肌红蛋白升高、尿中肌红蛋白升高、急性肾损伤、重笃肾损伤、肌力低下、周围神经病变,对本剂成分有过敏史的患者肝脏或肾脏有障碍的患者，且正在服用强效抑制肝代谢酶CYP3A4的药物或抑制P糖蛋白药物的患者〈痛风发作的缓解及预防〉孕妇或可能妊娠的女性,"具有缓解炎症引起的疼痛和肿胀，退热的功效。具有抑制白细胞吞噬尿酸释放炎症物质，缓解痛风发作的功效。
这是治疗及预防痛风发作的药物。具有缓解炎症引起的疼痛和肿胀，退热的功效。",10片×10板（100片）,片剂,有效成分1片中日局 秋水仙碱 0.5mg添加物乳糖水合物、玉米淀粉、马铃薯淀粉、滑石粉、硬脂酸镁、蓝色1号
Takecab片 10mg,富马酸伏诺拉生,胃溃疡、十二指肠溃疡、反流性食管炎、低剂量阿司匹林给药时的胃溃疡或低剂量阿司匹林给药时的十二指肠溃疡的复发抑制、非甾体抗炎药给药时的胃溃疡或非甾体抗炎药给药时的十二指肠溃疡的复发抑制。下列幽门螺杆菌除菌的辅助：胃溃疡、十二指肠溃疡、胃MALT淋巴瘤、特发性血小板减少性紫癜、早期胃癌内镜治疗后胃、幽门螺杆菌感染胃炎。,〈胃溃疡、十二指肠溃疡〉通常，成人作为伏诺拉生1次20mg，每日1次口服。通常，胃溃疡给药至8周，十二指肠溃疡给药至6周。〈反流性食管炎〉通常，成人作为伏诺拉生1次20mg，每日1次口服。此外，反流性食管炎通常给药至4周，效果不明显时可给药至8周。此外，对于反复复发・再燃的反流性食管炎维持疗法，1次10mg每日1次口服，效果不明显时可1次20mg每日1次口服。〈低剂量阿司匹林给药时的胃溃疡或十二指肠溃疡的复发抑制〉通常，成人作为伏诺拉生1次10mg，每日1次口服。〈非甾体抗炎药给药时的胃溃疡或十二指肠溃疡的复发抑制〉通常，成人作为伏诺拉生1次10mg，每日1次口服。〈幽门螺杆菌除菌的辅助〉幽门螺杆菌除菌的辅助时，通常成人作为伏诺拉生1次20mg、阿莫西林水合物1次750mg(效价)及克拉霉素1次200mg(效价)的3药同时每日2次，口服7天。克拉霉素可视需要适当增量。但上限为1次400mg(效价)每日2次。若上述3药除菌治疗失败，作为替代治疗，通常成人作为伏诺拉生1次20mg、阿莫西林水合物1次750mg(效价)及甲硝唑1次250mg的3药同时每日2次，口服7天。,腹泻、便秘、腹胀感、恶心、过敏症、皮疹、AST升高、ALT升高、AL-P升高、LDH升高、γ-GTP升高,对本剂成分有过敏史的患者正在服用硫酸阿扎那韦、盐酸利匹韦林的患者,"抑制胃酸分泌最终过程中的酶的作用，强力抑制胃酸分泌。这是缓解反流性食管炎伴随的疼痛和烧心等症状的药物。
这是辅助根除引起胃溃疡和十二指肠溃疡的幽门螺杆菌的药物。这是治疗胃溃疡、十二指肠溃疡等，或抑制其复发的药物。",10片×10板（100片）,片剂,有效成分1片中富马酸伏诺拉生 13.36mg（作为伏诺拉生为10mg）添加物D-甘露醇、微晶纤维素、交联羧甲基纤维素钠、羟丙纤维素、富马酸、硬脂酸镁、羟丙甲纤维素、聚乙二醇6000、二氧化钛、黄色三氧化二铁
Takecab片 20mg,富马酸伏诺拉生,胃溃疡、十二指肠溃疡、反流性食管炎、低剂量阿司匹林给药时的胃溃疡或低剂量阿司匹林给药时的十二指肠溃疡的复发抑制、非甾体抗炎药给药时的胃溃疡或非甾体抗炎药给药时的十二指肠溃疡的复发抑制。下列幽门螺杆菌除菌的辅助：胃溃疡、十二指肠溃疡、胃MALT淋巴瘤、特发性血小板减少性紫癜、早期胃癌内镜治疗后胃、幽门螺杆菌感染胃炎。,胃溃疡、十二指肠溃疡、反流性食管炎、低剂量阿司匹林给药时的胃溃疡或低剂量阿司匹林给药时的十二指肠溃疡的复发抑制、非甾体抗炎药给药时的胃溃疡或非甾体抗炎药给药时的十二指肠溃疡的复发抑制。下列幽门螺杆菌除菌的辅助：胃溃疡、十二指肠溃疡、胃MALT淋巴瘤、特发性血小板减少性紫癜、早期胃癌内镜治疗后胃、幽门螺杆菌感染胃炎。,腹泻、便秘、腹胀感、恶心、过敏症、皮疹、AST升高、ALT升高、AL-P升高、LDH升高、γ-GTP升高,对本剂成分有过敏史的患者正在服用硫酸阿扎那韦、盐酸利匹韦林的患者,"抑制胃酸分泌最终过程中的酶的作用，强力抑制胃酸分泌。这是缓解反流性食管炎伴随的疼痛和烧心等症状的药物。
这是辅助根除引起胃溃疡和十二指肠溃疡的幽门螺杆菌的药物。这是治疗胃溃疡、十二指肠溃疡等，或抑制其复发的药物。",10片×10板（100片）,片剂,有效成分1片中富马酸伏诺拉生 26.72mg（作为伏诺拉生为20mg）添加物D-甘露醇、微晶纤维素、交联羧甲基纤维素钠、羟丙纤维素、富马酸、硬脂酸镁、羟丙甲纤维素、聚乙二醇6000、二氧化钛、三氧化二铁
Vonosap Pack 400,富马酸伏诺拉生・阿莫西林水合物・克拉霉素,胃溃疡・十二指肠溃疡・胃MALT淋巴瘤・特发性血小板减少性紫癜・早期胃癌内镜治疗后胃的幽门螺杆菌感染症、幽门螺杆菌感染胃炎。,通常，成人作为伏诺拉生1次20mg、阿莫西林水合物1次750mg(效价)及克拉霉素1次200mg(效价)的3药同时每日2次，口服7天。克拉霉素可视需要适当增量。但上限为1次400mg(效价)每日2次。,腹泻、浮肿、荨麻疹、口炎、腹部不适、腹胀感、便秘、食欲不振、胃部不适、耳鸣、过敏症,对本产品包装内的各制剂成分有过敏史的患者正在服用硫酸阿扎那韦、盐酸利匹韦林、匹莫齐特、酒石酸麦角胺・无水咖啡因・异丙安替比林、甲磺酸二氢麦角胺、苏沃雷生、甲磺酸洛美他派、他达拉非[Adcirca]、替格瑞洛、依鲁替尼、盐酸伊伐布雷定、维奈克拉（复发或难治性慢性淋巴细胞白血病（含小淋巴细胞淋巴瘤）的剂量递增期）、盐酸鲁拉西酮、盐酸阿那莫林、非奈利酮、硫酸艾沙康唑的患者肝脏或肾脏有障碍且正在服用秋水仙碱的患者传染性单核细胞增多症患者[有报告称阿莫西林水合物易引发红斑性丘疹。]高度肾功能障碍患者,这是治疗引起胃溃疡或十二指肠溃疡的幽门螺杆菌感染的药物。具有通过抑制胃酸分泌的药物和2种抗生素，根除引起胃溃疡或十二指肠溃疡的幽门螺杆菌的功效。,7板,片剂,〈Takecab片20mg〉有效成分 1片中富马酸伏诺拉生26.72mg（作为伏诺拉生为20mg）添加剂：D-甘露醇、微晶纤维素等〈阿莫西林胶囊250mg〉有效成分 1胶囊中日局 阿莫西林水合物 250mg（效价）添加剂：硬脂酸镁、甲基纤维素等〈克拉里斯片200〉有效成分 1片中日局 克拉霉素 200mg（效价）添加剂：羟基乙酸淀粉钠、玉米淀粉等
Vonosap Pack 800,富马酸伏诺拉生・阿莫西林水合物・克拉霉素,胃溃疡・十二指肠溃疡・胃MALT淋巴瘤・特发性血小板减少性紫癜・早期胃癌内镜治疗后胃的幽门螺杆菌感染症、幽门螺杆菌感染胃炎。,通常，成人作为伏诺拉生1次20mg、阿莫西林水合物1次750mg(效价)及克拉霉素1次200mg(效价)的3药同时每日2次，口服7天。克拉霉素可视需要适当增量。但上限为1次400mg(效价)每日2次。,腹泻、浮肿、荨麻疹、口炎、腹部不适、腹胀感、便秘、食欲不振、胃部不适、耳鸣、过敏症,对本产品包装内的各制剂成分有过敏史的患者正在服用硫酸阿扎那韦、盐酸利匹韦林、匹莫齐特、酒石酸麦角胺・无水咖啡因・异丙安替比林、甲磺酸二氢麦角胺、苏沃雷生、甲磺酸洛美他派、他达拉非[Adcirca]、替格瑞洛、依鲁替尼、盐酸伊伐布雷定、维奈克拉（复发或难治性慢性淋巴细胞白血病（含小淋巴细胞淋巴瘤）的剂量递增期）、盐酸鲁拉西酮、盐酸阿那莫林、非奈利酮、硫酸艾沙康唑的患者肝脏或肾脏有障碍且正在服用秋水仙碱的患者传染性单核细胞增多症患者[有报告称阿莫西林水合物易引发红斑性丘疹。]高度肾功能障碍患者,这是治疗引起胃溃疡或十二指肠溃疡的幽门螺杆菌感染的药物。具有通过抑制胃酸分泌的药物和2种抗生素，根除引起胃溃疡或十二指肠溃疡的幽门螺杆菌的功效。,7板,片剂,〈Takecab片20mg〉有效成分 1片中富马酸伏诺拉生26.72mg（作为伏诺拉生为20mg）〈阿莫西林胶囊250mg〉有效成分 1胶囊中日局 阿莫西林水合物 250mg（效价）〈克拉里斯片200〉有效成分 1片中日局 克拉霉素 200mg（效价）（各添加剂省略，参考Vonosap Pack 400）
Vonopion Pack,富马酸伏诺拉生阿莫西林水合物・甲硝唑,胃溃疡・十二指肠溃疡・胃MALT淋巴瘤・特发性血小板减少性紫癜・早期胃癌内镜治疗后胃的幽门螺杆菌感染症、幽门螺杆菌感染胃炎。,使用质子泵抑制剂、阿莫西林水合物及克拉霉素3药进行的幽门螺杆菌除菌治疗不成功的情况下：通常，成人作为伏诺拉生1次20mg、阿莫西林水合物1次750mg(效价)及甲硝唑1次250mg的3药同时每日2次，口服7天。,浮肿、荨麻疹、腹部不适、腹胀感、便秘、嗜酸性粒细胞增多、皮疹、AST升高、ALT升高、过敏症、AL-P升高,对本产品包装内的各制剂成分有过敏史的患者正在服用硫酸阿扎那韦、盐酸利匹韦林的患者传染性单核细胞增多症患者[有报告称阿莫西林水合物易引发红斑性丘疹。]高度肾功能障碍患者脑、脊髓有器质性疾病的患者（脑脓肿患者除外）[甲硝唑可能出现中枢神经系统症状。]妊娠3个月以内的女性（判断有益性超过危险性的疾病除外）,这是治疗引起胃溃疡或十二指肠溃疡的幽门螺杆菌感染的药物。具有通过抑制胃酸分泌的药物、抗生素和抗菌剂，根除引起胃溃疡或十二指肠溃疡的幽门螺杆菌的功效。,7板,片剂,〈Takecab片20mg〉有效成分 1片中富马酸伏诺拉生26.72mg〈阿莫西林胶囊250mg〉有效成分 1胶囊中日局阿莫西林水合物 250mg（效价）〈灭滴灵口服片250mg〉有效成分 1片中日局甲硝唑 250mg（各添加剂省略，详情见包装）
苯溴马隆片 25mg「NIG」,苯溴马隆,下列情况下的高尿酸血症的改善：痛风、伴随高尿酸血症的高血压症。,痛风通常成人每日1次口服1片或2片（作为苯溴马隆25mg或50mg），之后维持量为1次2片，每日1～3次（作为苯溴马隆50～150mg）口服。此外，根据年龄、症状适当增减。伴随高尿酸血症的高血压症通常成人1次2片，每日1～3次（作为苯溴马隆50～150mg）口服。此外，根据年龄、症状适当增减。,瘙痒感、皮疹、荨麻疹、AST升高、ALT升高、胃部不适、胃肠障碍、腹泻、软便、烧心、过敏症,暴发性肝炎等重笃的肝功能障碍主要在给药开始6个月内出现，也有导致死亡等严重后果的案例报告，因此给药开始后至少6个月内必须定期进行肝功能检查。同时应事先向患者说明可能出现肝功能障碍作为副作用，若出现食欲不振、恶心・呕吐、全身倦怠感、腹痛、腹泻、发热、尿色变深、眼球结膜黄染等情况，应中止服用本剂并立即就诊。肝功能障碍患者伴有肾结石的患者[因尿中尿酸排泄量增大，可能使肾结石症状恶化。]高度肾功能障碍患者孕妇或可能妊娠的女性对本剂成分有过敏史的患者,通过促进肾脏将尿酸排泄至尿中，减少血液中的尿酸量，具有缓解关节等处发生的炎症和疼痛的功效。这是治疗痛风等高尿酸血症的药物。,10片×10板（100片）,片剂,有效成分1片中：苯溴马隆 25mg添加剂微晶纤维素、硬脂酸镁、玉米淀粉、乳糖水合物、羟丙纤维素
Mounjaro皮下注 2.5mg Ateos,替尔泊肽(Tirzepatide),2型糖尿病（与功效或效果相关的注意）本剂的应用仅限在事先充分进行了作为糖尿病治疗基本的饮食疗法、运动疗法但效果不充分的情况下考虑。,通常，成人作为替尔泊肽维持量为每周1次5mg，皮下注射。但开始时为每周1次2.5mg，给药4周后，增量至每周1次5mg。此外，根据患者状态适当增减，但若每周1次5mg效果不充分，可间隔4周以上每次增量2.5mg。但最大用量为每周1次15mg。(与用法及用量相关的注意)本剂为每周1次给药的药剂，应在同一星期几给药。忘记给药时，若距离下次给药时间在3天（72小时）以上，应在察觉时立即给药，之后按预定的星期几给药；若不足3天（72小时），则不给药，在下一次预定的星期几给药。另外，若需更改每周1次给药的星期几，应与上次给药间隔至少3天（72小时）以上。,呕吐、腹痛、便秘、恶心、腹泻、消化不良、食欲减退、心率增加、低血压、血压降低、胃食管反流病、低血糖、低血糖症状、脱力感、高度空腹感、冷汗、面色苍白、心悸、震颤、头痛、眩晕、恶心、视觉异常、重笃低血糖症状、意识消失、胰腺炎、胆囊炎、胆汁淤积性黄疸、过敏反应、血管性水肿、肠梗阻、高度便秘、腹胀、持续性腹痛、急性胰腺炎、伴随呕吐的持续性剧烈腹痛、胆管炎,对本剂成分有过敏史的患者糖尿病性酮症酸中毒、糖尿病性昏迷或前昏迷、1型糖尿病患者[因必须使用胰岛素制剂进行迅速治疗，故不应给予本剂。]重症感染症、手术等紧急情况[因希望使用胰岛素制剂进行血糖管理，故不适合使用本剂。],这是治疗糖尿病的药物。具有根据血糖促进胰岛素分泌，改善血糖值的功效。,2套,皮下注射,有效成分1套中替尔泊肽 2.5mg添加物磷酸氢二钠七水合物氯化钠、盐酸氢氧化钠
Mounjaro皮下注 5mg Ateos,替尔泊肽,2型糖尿病（与功效或效果相关的注意）本剂的应用仅限在事先充分进行了作为糖尿病治疗基本的饮食疗法、运动疗法但效果不充分的情况下考虑。,通常，成人作为替尔泊肽维持量为每周1次5mg，皮下注射。但开始时为每周1次2.5mg，给药4周后，增量至每周1次5mg。此外，根据患者状态适当增减，但若每周1次5mg效果不充分，可间隔4周以上每次增量2.5mg。但最大用量为每周1次15mg。(与用法及用量相关的注意)本剂为每周1次给药的药剂，应在同一星期几给药。忘记给药时，若距离下次给药时间在3天（72小时）以上，应在察觉时立即给药，之后按预定的星期几给药；若不足3天（72小时），则不给药，在下一次预定的星期几给药。另外，若需更改每周1次给药的星期几，应与上次给药间隔至少3天（72小时）以上。,呕吐、腹痛、便秘、恶心、腹泻、消化不良、食欲减退、心率增加、低血压、血压降低、胃食管反流病、低血糖、低血糖症状、脱力感、高度空腹感、冷汗、面色苍白、心悸、震颤、头痛、眩晕、恶心、视觉异常、重笃低血糖症状、意识消失、胰腺炎、胆囊炎、胆汁淤积性黄疸、过敏反应、血管性水肿、肠梗阻、高度便秘、腹胀、持续性腹痛、急性胰腺炎、伴随呕吐的持续性剧烈腹痛、胆管炎,对本剂成分有过敏史的患者糖尿病性酮症酸中毒、糖尿病性昏迷或前昏迷、1型糖尿病患者[因必须使用胰岛素制剂进行迅速治疗，故不应给予本剂。]重症感染症、手术等紧急情况[因希望使用胰岛素制剂进行血糖管理，故不适合使用本剂。],这是治疗糖尿病的药物。具有根据血糖促进胰岛素分泌，改善血糖值的功效。,2套,皮下注射,有效成分1套中替尔泊肽 5mg添加物磷酸氢二钠七水合物氯化钠、盐酸氢氧化钠
Mounjaro皮下注 7.5mg Ateos,替尔泊肽,2型糖尿病（与功效或效果相关的注意）本剂的应用仅限在事先充分进行了作为糖尿病治疗基本的饮食疗法、运动疗法但效果不充分的情况下考虑。,通常，成人作为替尔泊肽维持量为每周1次5mg，皮下注射。但开始时为每周1次2.5mg，给药4周后，增量至每周1次5mg。此外，根据患者状态适当增减，但若每周1次5mg效果不充分，可间隔4周以上每次增量2.5mg。但最大用量为每周1次15mg。(与用法及用量相关的注意)本剂为每周1次给药的药剂，应在同一星期几给药。忘记给药时，若距离下次给药时间在3天（72小时）以上，应在察觉时立即给药，之后按预定的星期几给药；若不足3天（72小时），则不给药，在下一次预定的星期几给药。另外，若需更改每周1次给药的星期几，应与上次给药间隔至少3天（72小时）以上。,呕吐、腹痛、便秘、恶心、腹泻、消化不良、食欲减退、心率增加、低血压、血压降低、胃食管反流病、低血糖、低血糖症状、脱力感、高度空腹感、冷汗、面色苍白、心悸、震颤、头痛、眩晕、恶心、视觉异常、重笃低血糖症状、意识消失、胰腺炎、胆囊炎、胆汁淤积性黄疸、过敏反应、血管性水肿、肠梗阻、高度便秘、腹胀、持续性腹痛、急性胰腺炎、伴随呕吐的持续性剧烈腹痛、胆管炎,对本剂成分有过敏史的患者糖尿病性酮症酸中毒、糖尿病性昏迷或前昏迷、1型糖尿病患者[因必须使用胰岛素制剂进行迅速治疗，故不应给予本剂。]重症感染症、手术等紧急情况[因希望使用胰岛素制剂进行血糖管理，故不适合使用本剂。],这是治疗糖尿病的药物。具有根据血糖促进胰岛素分泌，改善血糖值的功效。,2套,皮下注射,有效成分1套中替尔泊肽 7.5mg添加物磷酸氢二钠七水合物氯化钠、盐酸氢氧化钠
Mounjaro皮下注 10mg Ateos,替尔泊肽,2型糖尿病（与功效或效果相关的注意）本剂的应用仅限在事先充分进行了作为糖尿病治疗基本的饮食疗法、运动疗法但效果不充分的情况下考虑。,通常，成人作为替尔泊肽维持量为每周1次5mg，皮下注射。但开始时为每周1次2.5mg，给药4周后，增量至每周1次5mg。此外，根据患者状态适当增减，但若每周1次5mg效果不充分，可间隔4周以上每次增量2.5mg。但最大用量为每周1次15mg。(与用法及用量相关的注意)本剂为每周1次给药的药剂，应在同一星期几给药。忘记给药时，若距离下次给药时间在3天（72小时）以上，应在察觉时立即给药，之后按预定的星期几给药；若不足3天（72小时），则不给药，在下一次预定的星期几给药。另外，若需更改每周1次给药的星期几，应与上次给药间隔至少3天（72小时）以上。,呕吐、腹痛、便秘、恶心、腹泻、消化不良、食欲减退、心率增加、低血压、血压降低、胃食管反流病、低血糖、低血糖症状、脱力感、高度空腹感、冷汗、面色苍白、心悸、震颤、头痛、眩晕、恶心、视觉异常、重笃低血糖症状、意识消失、胰腺炎、胆囊炎、胆汁淤积性黄疸、过敏反应、血管性水肿、肠梗阻、高度便秘、腹胀、持续性腹痛、急性胰腺炎、伴随呕吐的持续性剧烈腹痛、胆管炎,对本剂成分有过敏史的患者糖尿病性酮症酸中毒、糖尿病性昏迷或前昏迷、1型糖尿病患者[因必须使用胰岛素制剂进行迅速治疗，故不应给予本剂。]重症感染症、手术等紧急情况[因希望使用胰岛素制剂进行血糖管理，故不适合使用本剂。],这是治疗糖尿病的药物。具有根据血糖促进胰岛素分泌，改善血糖值的功效。,2套,皮下注射,有效成分1套中替尔泊肽 10mg添加物磷酸氢二钠七水合物氯化钠、盐酸氢氧化钠
Tsumura防己黄耆汤提取物颗粒),防己黄耆汤提取物颗粒,皮肤白皙、肌肉松软、虚胖体质、易疲劳、多汗、排尿不利且下肢出现浮肿、膝关节肿痛之人的以下诸症：肾炎、肾病综合征、妊娠肾、阴囊水肿、肥胖症、关节炎、痈、疖、肌炎、浮肿、皮肤病、多汗症、月经不调。,通常，成人每日7.5g分2～3次，饭前或饭间口服。此外，根据年龄、体重、症状适当增减。,过敏症、皮疹、发红、瘙痒,无特别提及,这是中药（汉方药）。是根据您的症状和体质开具的处方。具有缓解疲劳感和过多汗水，改善肥胖症（水肿型肥胖）、关节痛、浮肿等各种症状的功效。,42包,提取物颗粒,有效成分本品7.5g中，含有下述比例的混合生药干燥提取物3.75g。日局黄芪 5.0g、日局防己 5.0g、日局苍术 3.0g、日局大枣 3.0g、日局甘草 1.5g、日局生姜添加物日局轻质无水硅酸、日局硬脂酸镁、日局乳糖水合物
Tsumura加味逍遥散提取物颗粒),加味逍遥散提取物颗粒,体质虚弱的妇女，有肩部酸痛、易疲劳、精神不安等精神神经症状，时有便秘倾向的以下诸症：畏寒症、虚弱体质、月经不调、痛经、更年期障碍、血道症。,通常，成人每日7.5g分2～3次，饭前或饭间口服。此外，根据年龄、体重、症状适当增减。,腹痛、腹泻、过敏症、皮疹、发红、瘙痒、食欲不振、胃部不适、恶心、呕吐,无特别提及,这是中药（汉方药）。是根据您的症状和体质开具的处方。具有缓解肩部酸痛、疲劳感、精神不安、便秘等，并改善月经不调及更年期障碍等各种症状的功效。,42包,提取物颗粒,有效成分本品7.5g中，含有下述比例的混合生药干燥提取物4.0g。日局柴胡 3.0g、日局芍药 3.0g、日局苍术 3.0g、日局当归 3.0g、日局茯苓 3.0g、日局山栀子 2.0g、日局牡丹皮 2.0g、日局甘草 1.5g、日局生姜 1.0g、日局薄荷 1.0g添加物日局硬脂酸镁、日局乳糖水合物
Tsumura抑肝散提取物颗粒),抑肝散提取物颗粒,虚弱体质且神经亢奋之人的以下诸症：神经症、失眠症、小儿夜啼、小儿疳积。,通常，成人每日7.5g分2～3次，饭前或饭间口服。此外，根据年龄、体重、症状适当增减。,过敏症、皮疹、发红、瘙痒、食欲不振、胃部不适、恶心、腹泻、嗜睡、倦怠感,无特别提及,这是中药（汉方药）。是根据您的症状和体质开具的处方。具有缓解神经亢奋等，改善不安、失眠、夜啼等各种症状的功效。,42包,提取物颗粒,有效成分本品7.5g中，含有下述比例的混合生药干燥提取物3.25g。日局苍术 4.0g、日局茯苓 4.0g、日局川芎 3.0g、日局钩藤 3.0g、日局当归 3.0g、日局柴胡 2.0g、日局甘草 1.5g添加物日局硬脂酸镁、日局乳糖水合物
Tsumura防风通圣散提取物颗粒),防风通圣散提取物颗粒,腹部皮下脂肪多，有便秘倾向之人的以下诸症：高血压的伴随症状（高血压引起的心悸、高血压引起的肩部酸痛、高血压引起的潮热）、肥胖症、浮肿、便秘。,通常，成人每日7.5g分2～3次，饭前或饭间口服。此外，根据年龄、体重、症状适当增减。,腹痛、腹泻、过敏症、皮疹、瘙痒、失眠、发汗过多、心动过速、心悸、全身脱力感、精神兴奋,无特别提及,这是中药（汉方药）。是根据您的症状和体质开具的处方。具有改善高血压伴随症状（心悸、肩部酸痛、潮热）、肥胖症、浮肿、便秘等各种症状的功效。,42包,提取物颗粒,"有效成分本品7.5g中，含有下述比例的混合生药干燥提取物4.5g。日局滑石 3.0g、日局黄芩 2.0g、日局甘草 2.0g、日局桔梗 2.0g、日局石膏 2.0g、
日局白术 2.0g、日局大黄 1.5g、日局荆芥 1.2g、日局山栀子 1.2g、日局芍药 1.2g、日局川芎 1.2g、日局当归 1.2g、日局薄荷 1.2g、
日局防风 1.2g、日局麻黄 1.2g、日局连翘 1.2g、日局无水芒硝 0.7g、日局生姜 0.3g添加物日局轻质无水硅酸、日局硬脂酸镁、日局乳糖水合物"
Tsumura大建中汤提取物颗粒),大建中汤提取物颗粒,腹部发冷疼痛、有腹胀感者。,通常，成人每日15.0g分2～3次，饭前或饭间口服。此外，根据年龄、体重、症状适当增减。,过敏症、皮疹、荨麻疹、胃部不适、恶心、呕吐、腹胀、腹痛、腹泻,无特别提及,这是中药（汉方药）。是根据您的症状和体质开具的处方。具有改善腹部发冷疼痛、腹胀感等症状的功效。,84包,提取物颗粒,有效成分本品15.0g中，含有下述比例的混合生药干燥提取物1.25g及日局胶饴10.0g。日局干姜 5.0g、日局人参 3.0g、日局山椒 2.0g添加剂日局硬脂酸镁、日局乳糖水合物
格列美脲片 0.5mg「Towa」,格列美脲,2型糖尿病（仅限仅通过饮食疗法・运动疗法无法获得充分效果的情况）。,通常，作为格列美脲从每日0.5～1mg开始，每日1～2次，早晨或早晚饭前或饭后口服。维持量通常为每日1～4mg，根据需要适当增减。但每日最高给药量为6mg。,低血糖、脱力感、高度空腹感、发汗、精神障碍、意识障碍、低血糖症状、心悸、震颤、头痛、感觉异常、不安、兴奋、神经过敏、注意力下降、痉挛、全血细胞减少、粒细胞缺乏症、溶血性贫血、血小板减少、肝功能障碍、黄疸、AST升高、ALT升高、Al-P升高、再生障碍性贫血、贫血、白细胞减少、LDH升高、γ-GTP升高、BUN升高、恶心、呕吐、上腹部痛、腹泻、腹胀感、皮疹,可能引起重笃且迁延性的低血糖。应特别留意用法及用量、使用上的注意。重症酮症、糖尿病性昏迷或前昏迷、胰岛素依赖型糖尿病（青少年型糖尿病、脆性糖尿病等）患者［适用胰岛素。］重笃肝或肾功能障碍患者［可能引起低血糖。］重症感染症、手术前后、有严重外伤的患者［适用胰岛素。］腹泻、呕吐等胃肠障碍患者［可能引起低血糖。］孕妇或可能妊娠的女性对本剂成分或磺胺类药物有过敏史的患者,这是治疗糖尿病的药物。具有促进胰岛素分泌，降低血糖值的功效。,10片×10板（100片）,片剂,有效成分格列美脲 0.5mg添加物D-甘露醇、低取代度羟丙纤维素、羟基乙酸淀粉钠、羟丙纤维素、硬脂酸镁
格列美脲片 1mg「Towa」,格列美脲,2型糖尿病（仅限仅通过饮食疗法・运动疗法无法获得充分效果的情况）。,通常，作为格列美脲从每日0.5～1mg开始，每日1～2次，早晨或早晚饭前或饭后口服。维持量通常为每日1～4mg，根据需要适当增减。但每日最高给药量为6mg。,低血糖、脱力感、高度空腹感、发汗、精神障碍、意识障碍、低血糖症状、心悸、震颤、头痛、感觉异常、不安、兴奋、神经过敏、注意力下降、痉挛、全血细胞减少、粒细胞缺乏症、溶血性贫血、血小板减少、肝功能障碍、黄疸、AST升高、ALT升高、Al-P升高、再生障碍性贫血、贫血、白细胞减少、LDH升高、γ-GTP升高、BUN升高、恶心、呕吐、上腹部痛、腹泻、腹胀感、皮疹,可能引起重笃且迁延性的低血糖。应特别留意用法及用量、使用上的注意。重症酮症、糖尿病性昏迷或前昏迷、胰岛素依赖型糖尿病（青少年型糖尿病、脆性糖尿病等）患者［适用胰岛素。］重笃肝或肾功能障碍患者［可能引起低血糖。］重症感染症、手术前后、有严重外伤的患者［适用胰岛素。］腹泻、呕吐等胃肠障碍患者［可能引起低血糖。］孕妇或可能妊娠的女性对本剂成分或磺胺类药物有过敏史的患者,这是治疗糖尿病的药物。具有促进胰岛素分泌，降低血糖值的功效。,10片×10板（100片）,片剂,有效成分格列美脲 1mg添加物D-甘露醇、低取代度羟丙纤维素、羟基乙酸淀粉钠、羟丙纤维素、硬脂酸镁、三氧化二铁
柠檬酸莫沙必利片 5mg「Towa」,莫沙必利,慢性胃炎伴随的消化系统症状（烧心、恶心・呕吐）。口服肠道清洗剂进行钡剂灌肠X线造影检查前处置的辅助。,〈慢性胃炎伴随的消化系统症状（烧心、恶心・呕吐）〉通常，成人作为柠檬酸莫沙必利每日15mg分3次，饭前或饭后口服。〈口服肠道清洗剂进行钡剂灌肠X线造影检查前处置的辅助〉通常，成人于口服肠道清洗剂给药开始时，作为柠檬酸莫沙必利20mg随口服肠道清洗剂（约180mL）口服。此外，口服肠道清洗剂给药结束后，作为柠檬酸莫沙必利20mg以少量水口服。,AST升高、ALT升高、γ-GTP升高、呕吐、浮肿、嗜酸性粒细胞增多、白细胞减少、腹泻、软便、口渴、味觉异常,无特别提及,这是改善胃炎等引起的恶心、食欲不振等的药物。具有调节虚弱的胃肠运动的功效。这是作为钡剂灌肠X线造影检查的前处置，用于清洗肠内、排除内容物的药物。,10片×10板（100片）,片剂,有效成分柠檬酸莫沙必利水合物 5.29mg（作为柠檬酸莫沙必利为5mg）添加物D-甘露醇、低取代度羟丙纤维素、羟丙纤维素、阿斯巴甜（L-苯丙氨酸复合物）、香料、轻质无水硅酸、硬脂酸镁、其他3种成分
盐酸非索非那定片 60mg「Towa」,非索非那定,过敏性鼻炎。荨麻疹。皮肤疾病（湿疹・皮炎、皮肤瘙痒症、特应性皮炎）伴随的瘙痒。,通常，成人作为盐酸非索非那定1次60mg，每日2次口服。通常，7岁以上12岁未满儿童作为盐酸非索非那定1次30mg，每日2次；12岁以上儿童作为盐酸非索非那定1次60mg，每日2次口服。此外，根据症状适当增减。,头痛、嗜睡、疲劳、倦怠感、眩晕、失眠、神经过敏、恶心、呕吐、口渴、腹痛,对本剂成分有过敏史的患者,这是抑制瘙痒的药物。这是改善打喷嚏、流鼻涕、鼻塞等症状的药物。具有抑制引起过敏症状的物质（组胺等）在体内的产生或释放，并抑制该物质作用的功效。,10片×10板（100片）,片剂,有效成分盐酸非索非那定 60mg添加物乳糖水合物、部分预胶化淀粉、微晶纤维素、交联羧甲基纤维素钠、硬脂酸镁、羟丙甲纤维素、羟丙纤维素、滑石粉、二氧化钛、三氧化二铁、黄色三氧化二铁
盐酸奥洛他定片 5mg「Towa」,盐酸奥洛他定,成人：过敏性鼻炎、荨麻疹、皮肤疾病伴随的瘙痒（湿疹・皮炎、痒疹、皮肤瘙痒症、寻常型银屑病、多形性渗出性红斑）。儿童：过敏性鼻炎、荨麻疹、皮肤疾病（湿疹・皮炎、皮肤瘙痒症）伴随的瘙痒。,成人：通常，成人1次作为盐酸奥洛他定5mg，早晨及睡前每日2次口服。此外，根据年龄、症状适当增减。儿童：通常，7岁以上儿童1次作为盐酸奥洛他定5mg，早晨及睡前每日2次口服。,嗜睡、过敏症、红斑、皮疹、倦怠感、口渴、头痛、头重感、眩晕、腹部不适、腹痛,对本剂成分有过敏史的患者,这是抑制瘙痒的药物。这是改善打喷嚏、流鼻涕、鼻塞等症状的药物。具有抑制引起过敏症状的物质（组胺等）在体内的产生或释放，并抑制该物质作用的功效。,10片×10板（100片）,片剂,有效成分盐酸奥洛他定 5㎎添加物D-甘露醇、低取代度羟丙纤维素、甲基丙烯酸共聚物LD、聚山梨酯80、月桂醇硫酸钠、柠檬酸三乙酯、丙烯酸乙酯・甲基丙烯酸甲酯共聚物分散液、聚氧乙烯壬基苯基醚、滑石粉、黄色三氧化二铁、l-薄荷醇、轻质无水硅酸、阿斯巴甜（L-苯丙氨酸复合物）、香料、硬脂酸镁、其他5种成分
西地那非OD片 50mg VI「Towa」,西地那非,勃起功能障碍（无法进行满意的性行为所需的充分勃起及其维持的患者）。,通常，成人每日1次作为西地那非25mg～50mg于性行为约1小时前口服。高龄者（65岁以上）、有肝功能障碍的患者及重度肾功能障碍（Ccr < 30mL/min）的患者，因认可本剂血浆中浓度增加，故以25mg为起始剂量。每日给药1次，给药间隔需在24小时以上。,血管扩张、潮热、潮红、胸痛、心悸、心动过速、头痛、眩晕、嗜睡、昏迷、AST增加,本剂与硝酸剂或一氧化氮（NO）供体（硝酸甘油、亚硝酸异戊酯、硝酸异山梨酯、尼可地尔等）并用会增强降压作用，可能导致血压过度下降，因此在给予本剂前，应充分确认未服用硝酸剂或一氧化氮（NO）供体，并在本剂给药中及给药后也应充分注意不要服用硝酸剂或一氧化氮（NO）供体。因有报告包含死亡案例在内的心肌梗死等重笃心血管系统等有害事件，故在给予本剂前，应充分确认有无心血管系统障碍等。对本剂成分有过敏史的患者正在服用硝酸剂或一氧化氮（NO）供体（硝酸甘油、亚硝酸异戊酯、硝酸异山梨酯、尼可地尔等）的患者有心血管系统障碍等被认为不适宜进行性行为的患者重度肝功能障碍的患者低血压患者（血压＜90/50mmHg）或未进行治疗管理的高血压患者（静息收缩压＞170mmHg或静息舒张压＞100mmHg）最近6个月以内有脑梗死・脑出血或心肌梗死既往史的患者视网膜色素变性症患者［视网膜色素变性症患者中认可有少数磷酸二酯酶遗传性障碍的病例。］正在服用盐酸胺碘酮（口服剂）的患者正在服用可溶性鸟苷酸环化酶（sGC）刺激剂（利奥西呱）的患者,具有松弛阴茎海绵体肌肉，使阴茎勃起的功效。这是辅助勃起的药物。用于治疗勃起功能障碍（ED）。,10片×2板（20片）,片剂（口腔崩解片）,有效成分柠檬酸西地那非 70.23mg（作为西地那非为50mg）添加物D-甘露醇、二氧化钛、羧甲基纤维素钙、羟丙纤维素、滑石粉、l-薄荷醇、轻质无水硅酸、硬脂酸镁、阿斯巴甜（L-苯丙氨酸复合物）、香料、其他3种成分
希爱力片 20mg,他达拉非,勃起功能障碍（无法进行满意的性行为所需的充分勃起及其维持的患者）。,通常，成人每日1次作为他达拉非10mg于性行为约1小时前口服。对于10mg给药效果不充分且判断耐受性良好的器质性或混合型勃起功能障碍患者，可增量至20mg。轻度或中度肝功能障碍患者不超过10mg。另外，无论何种情况每日给药1次，给药间隔需在24小时以上。中度或重度肾功能障碍患者，从5mg开始，给药间隔需在24小时以上。此外，中度肾功能障碍患者最高用量不超过10mg，给予10mg时给药间隔需在48小时以上。重度肾功能障碍患者不超过5mg。,潮红、心悸、潮热、血管扩张、心率增加、胸痛、心绞痛、心动过速、高血压、低血压、视力模糊,本剂与硝酸剂或一氧化氮（NO）供体（硝酸甘油、亚硝酸异戊酯、硝酸异山梨酯、尼可地尔等）并用会增强降压作用，可能导致血压过度下降，因此在给予本剂前，应充分确认未服用硝酸剂或一氧化氮（NO）供体，并在本剂给药中及给药后也应充分注意不要服用硝酸剂或一氧化氮（NO）供体。因有报告包含死亡案例在内的心肌梗死等重笃心血管系统等有害事件，故在给予本剂前，应充分确认有无心血管系统障碍等。对本剂成分有过敏史的患者正在服用硝酸剂或一氧化氮（NO）供体（硝酸甘油、亚硝酸异戊酯、硝酸异山梨酯、尼可地尔等）的患者正在服用可溶性鸟苷酸环化酶（sGC）刺激剂（利奥西呱）的患者有心血管系统障碍等被认为不适宜进行性行为的患者不稳定型心绞痛患者或性交中发生过心绞痛的患者控制不良的心律失常、低血压（血压<90/50 mmHg）或控制不良的高血压（静息血压>170/100 mmHg）的患者最近3个月以内有心肌梗死既往史的患者最近6个月以内有脑梗死・脑出血既往史的患者重度肝功能障碍的患者视网膜色素变性症患者［视网膜色素变性症患者中认可有少数磷酸二酯酶（PDE）遗传性障碍的病例。］,具有松弛阴茎海绵体肌肉，使阴茎勃起的功效。这是辅助勃起的药物。用于治疗勃起功能障碍（ED）。,10片×2板（20片）,片剂,有效成分他达拉非 20㎎添加物乳糖水合物、微晶纤维素、交联羧甲基纤维素钠、羟丙纤维素、月桂醇硫酸钠、硬脂酸镁、羟丙甲纤维素、二氧化钛、黄色三氧化二铁、甘油三乙酸酯、滑石粉
奥洛他定滴眼液 0.1%「Towa」,盐酸奥洛他定液,过敏性结膜炎。,通常，1次1～2滴，每日4次（早、昼、夕及睡前）滴眼。,眼痛、角膜炎、眼瘙痒症、眼刺激、眼睑浮肿、眼异常感、眼充血、睑缘炎、眼屎、结膜滤泡、结膜出血,对本剂成分有过敏史的患者,这是改善肿胀、瘙痒、充血等过敏症状的滴眼液。具有抑制引起过敏症状的物质（组胺等）释放的功效。,10瓶（50ml）,滴眼液,有效成分盐酸奥洛他定 1.1mg（作为奥洛他定为1mg）添加物苯扎氯铵、无水磷酸氢二钠、pH调节剂、等张化剂
瑞舒伐他汀片 2.5mg「Towa」,瑞舒伐他汀,高胆固醇血症、家族性高胆固醇血症。,通常，成人作为瑞舒伐他汀每日1次从2.5mg开始给药，但若需要早期降低LDL-胆固醇值，可从5mg开始给药。此外，根据年龄・症状适当增减，给药开始后或增量后，4周以后若LDL-胆固醇值降低不充分，可逐渐增量至10mg。仅限给予10mg后LDL-胆固醇值降低仍不充分的家族性高胆固醇血症患者等重症患者，可进一步增量，但每日最大为20mg。,肌肉痛、CK升高、无力症、皮肤瘙痒症、皮疹、荨麻疹、腹痛、便秘、恶心、腹泻、关节痛,对本剂成分有过敏史的患者被认为肝功能低下的下列患者：急性肝炎、慢性肝炎的急性加重、肝硬化、肝癌、黄疸孕妇或可能妊娠的女性及哺乳妇正在服用环孢素的患者,抑制参与胆固醇生物合成的酶的作用，具有减少血液中胆固醇量的功效。这是治疗高胆固醇血症的药物。,10片×10板（100片）,片剂,有效成分瑞舒伐他汀钙 2.6mg(作为瑞舒伐他汀为2.5mg)添加物D-甘露醇、微晶纤维素、交联聚维酮、碳酸氢钠、轻质无水硅酸、硬脂酸镁、羟丙甲纤维素、甘油三乙酸酯、二氧化钛、黄色三氧化二铁、聚乙二醇6000
瑞舒伐他汀片 5mg「Towa」,瑞舒伐他汀,高胆固醇血症、家族性高胆固醇血症。,通常，成人作为瑞舒伐他汀每日1次从2.5mg开始给药，但若需要早期降低LDL-胆固醇值，可从5mg开始给药。此外，根据年龄・症状适当增减，给药开始后或增量后，4周以后若LDL-胆固醇值降低不充分，可逐渐增量至10mg。仅限给予10mg后LDL-胆固醇值降低仍不充分的家族性高胆固醇血症患者等重症患者，可进一步增量，但每日最大为20mg。,肌肉痛、CK升高、无力症、皮肤瘙痒症、皮疹、荨麻疹、腹痛、便秘、恶心、腹泻、关节痛,对本剂成分有过敏史的患者被认为肝功能低下的下列患者：急性肝炎、慢性肝炎的急性加重、肝硬化、肝癌、黄疸孕妇或可能妊娠的女性及哺乳妇正在服用环孢素的患者,抑制参与胆固醇生物合成的酶的作用，具有减少血液中胆固醇量的功效。这是治疗高胆固醇血症的药物。,10片×10板（100片）,片剂,有效成分瑞舒伐他汀钙 5.2mg(作为瑞舒伐他汀为5mg)添加物D-甘露醇、微晶纤维素、交联聚维酮、碳酸氢钠、轻质无水硅酸、硬脂酸镁、羟丙甲纤维素、甘油三乙酸酯、二氧化钛、黄色三氧化二铁、聚乙二醇6000
盐酸二甲双胍片 250mg MT「Towa」,盐酸二甲双胍片,仅通过饮食疗法・运动疗法无法获得充分效果的2型糖尿病。在饮食疗法・运动疗法基础上使用磺酰脲类药物无法获得充分效果的2型糖尿病。多囊卵巢综合征中的排卵诱发（仅限肥胖、耐糖量异常或表现出胰岛素抵抗的患者），多囊卵巢综合征的生殖辅助医疗中的调节卵巢刺激（仅限肥胖、耐糖量异常或表现出胰岛素抵抗的患者）。,〈2型糖尿病〉通常，成人作为盐酸二甲双胍每日从500mg开始，分每日2～3次于餐前即刻或餐后口服。维持量根据效果观察决定，通常每日750～1500mg。此外，根据患者状态适当增减，但每日最高给药量为2250mg。通常，10岁以上儿童作为盐酸二甲双胍每日从500mg开始，分每日2～3次于餐前即刻或餐后口服。维持量根据效果观察决定，通常每日500～1500mg。此外，根据患者状态适当增减，但每日最高给药量为2000mg。〈多囊卵巢综合征中的排卵诱发〉与其它排卵诱发药并用，通常作为盐酸二甲双胍从500mg每日1次口服开始。确认患者耐受性后增量，每日给药量不超过1500mg范围内，分每日2～3次口服。本剂在排卵前中止。〈多囊卵巢综合征的生殖辅助医疗中的调节卵巢刺激〉与其它卵巢刺激药并用，通常作为盐酸二甲双胍从500mg每日1次口服开始。确认患者耐受性后增量，每日给药量不超过1500mg范围内，分每日2～3次口服。本剂在取卵前中止。,腹泻、恶心、食欲不振、腹痛、呕吐、乳酸升高、空腹感、消化不良、腹胀感、便秘、胃炎,可能引发重笃的乳酸酸中毒，亦有致死案例报告。不得给予易发生乳酸酸中毒的患者。肾功能障碍或肝功能障碍患者、高龄者给药时，应定期确认肾功能及肝功能等慎重给药。特别是75岁以上高龄者，应慎重判断本剂给药的适宜性。下列患者［易发生乳酸酸中毒］：有乳酸酸中毒既往史的患者重度肾功能障碍（eGFR 30mL/min/1.73m²未满）患者或透析患者（含腹膜透析）重度肝功能障碍患者心血管系、肺功能有高度障碍（休克、心力衰竭、心肌梗死、肺栓塞等）的患者及其他易伴随低氧血症状态的患者［厌氧糖酵解亢进导致乳酸产生增加。］脱水症患者或担心脱水状态的患者（腹泻、呕吐等胃肠障碍患者、难以经口摄取的患者等）过度饮酒者重症酮症、糖尿病性昏迷或前昏迷、1型糖尿病患者［必须通过输液、胰岛素迅速纠正高血糖。］重症感染症、手术前后、有严重外伤的患者［因希望通过注射胰岛素进行血糖管理，故不适合使用本剂。且易引发乳酸酸中毒。］营养不良状态、饥饿状态、衰弱状态、脑垂体功能不全或肾上腺功能不全的患者［可能引发低血糖。］孕妇或可能妊娠的女性对本剂成分或双胍类药物有过敏史的患者,"这是治疗糖尿病的药物。具有促进肌肉和脂肪消耗糖分，或抑制新糖生成从而降低血糖值的功效。
这是治疗不孕症的药物。具有改善多囊卵巢综合征（PCOS）引起的排卵障碍的功效。",10片×10板（100片）,片剂,有效成分盐酸二甲双胍 250mg添加物羟丙甲纤维素、轻质无水硅酸、硬脂酸镁、二氧化钛、滑石粉、羟丙纤维素
盐酸二甲双胍片 500mg MT「Towa」,盐酸二甲双胍片,仅通过饮食疗法・运动疗法无法获得充分效果的2型糖尿病。在饮食疗法・运动疗法基础上使用磺酰脲类药物无法获得充分效果的2型糖尿病。多囊卵巢综合征中的排卵诱发（仅限肥胖、耐糖量异常或表现出胰岛素抵抗的患者），多囊卵巢综合征的生殖辅助医疗中的调节卵巢刺激（仅限肥胖、耐糖量异常或表现出胰岛素抵抗的患者）。,〈2型糖尿病〉通常，成人作为盐酸二甲双胍每日从500mg开始，分每日2～3次于餐前即刻或餐后口服。维持量根据效果观察决定，通常每日750～1500mg。此外，根据患者状态适当增减，但每日最高给药量为2250mg。通常，10岁以上儿童作为盐酸二甲双胍每日从500mg开始，分每日2～3次于餐前即刻或餐后口服。维持量根据效果观察决定，通常每日500～1500mg。此外，根据患者状态适当增减，但每日最高给药量为2000mg。〈多囊卵巢综合征中的排卵诱发〉与其它排卵诱发药并用，通常作为盐酸二甲双胍从500mg每日1次口服开始。确认患者耐受性后增量，每日给药量不超过1500mg范围内，分每日2～3次口服。本剂在排卵前中止。〈多囊卵巢综合征的生殖辅助医疗中的调节卵巢刺激〉与其它卵巢刺激药并用，通常作为盐酸二甲双胍从500mg每日1次口服开始。确认患者耐受性后增量，每日给药量不超过1500mg范围内，分每日2～3次口服。本剂在取卵前中止。,腹泻、恶心、食欲不振、腹痛、呕吐、乳酸升高、空腹感、消化不良、腹胀感、便秘、胃炎,可能引发重笃的乳酸酸中毒，亦有致死案例报告。不得给予易发生乳酸酸中毒的患者。肾功能障碍或肝功能障碍患者、高龄者给药时，应定期确认肾功能及肝功能等慎重给药。特别是75岁以上高龄者，应慎重判断本剂给药的适宜性。下列患者［易发生乳酸酸中毒］：有乳酸酸中毒既往史的患者重度肾功能障碍（eGFR 30mL/min/1.73m²未满）患者或透析患者（含腹膜透析）重度肝功能障碍患者心血管系、肺功能有高度障碍（休克、心力衰竭、心肌梗死、肺栓塞等）的患者及其他易伴随低氧血症状态的患者［厌氧糖酵解亢进导致乳酸产生增加。］脱水症患者或担心脱水状态的患者（腹泻、呕吐等胃肠障碍患者、难以经口摄取的患者等）过度饮酒者重症酮症、糖尿病性昏迷或前昏迷、1型糖尿病患者［必须通过输液、胰岛素迅速纠正高血糖。］重症感染症、手术前后、有严重外伤的患者［因希望通过注射胰岛素进行血糖管理，故不适合使用本剂。且易引发乳酸酸中毒。］营养不良状态、饥饿状态、衰弱状态、脑垂体功能不全或肾上腺功能不全的患者［可能引发低血糖。］孕妇或可能妊娠的女性对本剂成分或双胍类药物有过敏史的患者,"这是治疗糖尿病的药物。具有促进肌肉和脂肪消耗糖分，或抑制新糖生成从而降低血糖值的功效。
这是治疗不孕症的药物。具有改善多囊卵巢综合征（PCOS）引起的排卵障碍的功效。",10片×10板（100片）,片剂,有效成分盐酸二甲双胍 500mg添加物羟丙甲纤维素、轻质无水硅酸、硬脂酸镁、二氧化钛、滑石粉、羟丙纤维素
依折麦布OD片 10mg「Towa」,依折麦布,高胆固醇血症、家族性高胆固醇血症、纯合子谷甾醇血症。,通常，成人作为依折麦布1次10mg，每日1次饭后口服。此外，根据年龄、症状适当减量。,浮肿、头痛、麻木、眩晕、坐骨神经痛、便秘、腹泻、腹痛、腹胀、恶心、呕吐,对本剂成分有过敏史的患者本剂与HMG-CoA还原酶抑制剂（他汀类）并用时，重笃肝功能障碍的患者,具有抑制小肠对胆固醇的吸收，减少血液中胆固醇量的功效。这是治疗血脂异常症的药物。,10片×10板（100片）,片剂,有效成分依折麦布 10㎎添加物D-甘露醇、月桂醇硫酸钠、微晶纤维素、交联羧甲基纤维素钠、硬脂酸镁、其他1种成分
度他雄胺胶囊 0.5mg ZA「Towa」,度他雄胺,男性雄激素性脱发症。,男性成人通常作为度他雄胺每日1次口服0.1mg。此外，根据需要每日1次口服0.5mg。,皮疹、头痛、抑郁情绪、乳房障碍、性功能障碍、性欲减退、勃起功能障碍、射精障碍、男性乳房发育、乳头痛、乳房痛,对本剂成分及其他5α还原酶抑制药有过敏史的患者女性儿童等重度肝功能障碍的患者,具有调整激素平衡，抑制头发变稀疏的功效。这是抑制男性雄激素性脱发症导致头发变稀疏的药物。,10胶囊×3板（30胶囊）,胶囊,有效成分度他雄胺 0.5㎎添加物二丁基羟基甲苯、中链单甘油酯・甘油二酯胶囊本体：明胶、琥珀酰明胶、浓甘油、二氧化钛、三氧化二铁、丙二醇脂肪酸酯
洛索洛芬钠片 60mg「Towa」,洛索洛芬钠,下列疾病及症状的消炎・镇痛：类风湿性关节炎、骨关节炎、腰痛症、肩周炎、颈肩臂综合征、牙痛。手术后、外伤后及拔牙后的镇痛・消炎。下列疾病的解热・镇痛**：急性上呼吸道炎（含伴随急性支气管炎的急性上呼吸道炎）。,下列疾病及症状的消炎・镇痛（类风湿性关节炎、骨关节炎、腰痛症、肩周炎、颈肩臂综合征、牙痛），手术后、外伤后及拔牙后的镇痛・消炎：通常，成人1次洛索洛芬钠（以无水物计）60mg，每日3次口服。顿服时，1次口服60～120mg。此外，根据年龄、症状适当增减。另外，建议避免空腹服用。下列疾病的解热・镇痛（急性上呼吸道炎（含伴随急性支气管炎的急性上呼吸道炎））：通常，成人1次洛索洛芬钠（以无水物计）60mg顿服。此外，根据年龄、症状适当增减。但原则上每日最多2次，每日最大以180mg为限。另外，建议避免空腹服用。,浮肿、皮疹、瘙痒感、胃部不适、食欲不振、腹泻、便秘、烧心、口炎、口渴、嗜睡,消化性溃疡患者［因抑制前列腺素生物合成导致胃血流量减少，可能使消化性溃疡恶化。］重笃血液异常患者［可能引起血小板功能障碍，导致恶化。］重笃肝功能障碍患者重笃肾功能障碍患者重笃心功能不全患者对本剂成分有过敏史的患者阿司匹林哮喘（非甾体类消炎镇痛剂等引起的哮喘发作诱发）或有其既往史的患者［可能诱发阿司匹林哮喘发作。］妊娠后期的女性,具有抑制引起疼痛和炎症的物质（前列腺素）生成的功效。具有缓解炎症引起的疼痛和肿胀，退热的功效。,10片×10板（100片）,片剂,有效成分洛索洛芬钠水合物 68.1mg（作为无水物为60mg）添加剂乳糖水合物、低取代度羟丙纤维素、三氧化二铁、黄色三氧化二铁、轻质无水硅酸、硬脂酸镁
瑞巴派特片 100mg「Towa」,瑞巴派特,胃溃疡。改善下列疾病的胃粘膜病变（胃粘膜糜烂、胃粘膜出血、胃粘膜发红、胃粘膜浮肿）：急性胃炎、慢性胃炎的急性加重期。,〈胃溃疡〉通常，成人1次1片（作为瑞巴派特100mg），每日3次，早、晚及睡前口服。〈改善下列疾病的胃粘膜病变（糜烂、出血、发红、浮肿）、急性胃炎、慢性胃炎的急性加重期〉通常，成人1次1片（作为瑞巴派特100mg），每日3次口服。,便秘、腹胀感、腹泻、味觉异常、皮疹、荨麻疹、麻木、眩晕、嗜睡、口渴、呕吐,对本剂成分有过敏史的患者,具有保护胃粘膜，促进溃疡部分修复的功效，以及改善胃血液流动的功效。这是治疗胃炎及胃溃疡的药物。,10片×10板（100片）,片剂,有效成分瑞巴派特 100㎎添加物微晶纤维素、低取代度羟丙纤维素、羟丙纤维素、轻质无水硅酸、硬脂酸镁、羟丙甲纤维素、聚乙二醇6000、二氧化钛、卡那道蜡
非布司他片 10mg「Towa」,非布司他水合物,痛风、高尿酸血症。癌症化疗引起的高尿酸血症。,〈痛风、高尿酸血症〉通常，成人作为非布司他每日从10mg开始，每日1次口服。之后确认血中尿酸值，根据需要徐徐增量。维持量通常每日1次40mg，根据患者状态适当增减，但最大给药量为每日1次60mg。〈癌症化疗引起的高尿酸血症〉通常，成人作为非布司他60mg每日1次口服。,白细胞数减少、TSH增加、手足麻木感、浮动性眩晕、嗜睡、心电图异常、腹泻、腹部不适、恶心、腹痛、肝功能检查值异常,对本剂成分有过敏史的患者正在服用巯嘌呤水合物或硫唑嘌呤的患者,具有抑制体内尿酸生成的功效，从而减少血液中增加的尿酸量。这是治疗痛风等高尿酸血症的药物。,10片×10板（100片）,片剂,有效成分非布司他水合物 10.28mg(作为非布司他为10mg)添加物D-甘露醇、羟丙纤维素、交联羧甲基纤维素钠、氨基烷基甲基丙烯酸酯共聚物E、滑石粉、硬脂酸镁
非布司他片 20mg「Towa」,非布司他水合物,痛风、高尿酸血症。癌症化疗引起的高尿酸血症。,〈痛风、高尿酸血症〉通常，成人作为非布司他每日从10mg开始，每日1次口服。之后确认血中尿酸值，根据需要徐徐增量。维持量通常每日1次40mg，根据患者状态适当增减，但最大给药量为每日1次60mg。〈癌症化疗引起的高尿酸血症〉通常，成人作为非布司他60mg每日1次口服。,白细胞数减少、TSH增加、手足麻木感、浮动性眩晕、嗜睡、心电图异常、腹泻、腹部不适、恶心、腹痛、肝功能检查值异常,对本剂成分有过敏史的患者正在服用巯嘌呤水合物或硫唑嘌呤的患者,具有抑制体内尿酸生成的功效，从而减少血液中增加的尿酸量。这是治疗痛风等高尿酸血症的药物。,10片×10板（100片）,片剂,有效成分非布司他水合物 20.57mg(作为非布司他为20mg)添加物D-甘露醇、羟丙纤维素、交联羧甲基纤维素钠、氨基烷基甲基丙烯酸酯共聚物E、滑石粉、硬脂酸镁
非布司他片 40mg「Towa」,非布司他水合物,痛风、高尿酸血症。癌症化疗引起的高尿酸血症。,〈痛风、高尿酸血症〉通常，成人作为非布司他每日从10mg开始，每日1次口服。之后确认血中尿酸值，根据需要徐徐增量。维持量通常每日1次40mg，根据患者状态适当增减，但最大给药量为每日1次60mg。〈癌症化疗引起的高尿酸血症〉通常，成人作为非布司他60mg每日1次口服。,白细胞数减少、TSH增加、手足麻木感、浮动性眩晕、嗜睡、心电图异常、腹泻、腹部不适、恶心、腹痛、肝功能检查值异常,对本剂成分有过敏史的患者正在服用巯嘌呤水合物或硫唑嘌呤的患者,具有抑制体内尿酸生成的功效，从而减少血液中增加的尿酸量。这是治疗痛风等高尿酸血症的药物。,10片×10板（100片）,片剂,有效成分非布司他水合物 41.14mg(作为非布司他为40mg)添加物D-甘露醇、羟丙纤维素、交联羧甲基纤维素钠、氨基烷基甲基丙烯酸酯共聚物E、滑石粉、硬脂酸镁
氨氯地平片 2.5mg「Towa」,氨氯地平,高血压症。心绞痛。,[高血压症]通常，成人作为氨氯地平每日1次口服2.5～5mg。此外，根据症状适当增减，但若效果不明显，可增量至每日1次10mg。通常，6岁以上儿童作为氨氯地平每日1次口服2.5mg。此外，根据年龄、体重、症状适当增减。[心绞痛]通常，成人作为氨氯地平每日1次口服5mg。此外，根据症状适当增减。(与用法及用量相关的注意)6岁以上儿童给药时，每日不超过5mg。,AST升高、ALT升高、眩晕、ALP升高、LDH升高、浮肿、潮热、热感、面部潮红、心悸、血压降低,对二氢吡啶类化合物有过敏史的患者,抑制使血管和心脏肌肉收缩的钙的作用，具有扩张血管的功效。这是降低血压的药物。这是预防或缓解胸部压迫感及胸痛等心绞痛发作的药物。,10片×10板（100片）,片剂,有效成分苯磺酸氨氯地平 3.47mg(作为氨氯地平为2.5mg)添加剂无水磷酸氢钙、微晶纤维素、淀粉、羟基乙酸淀粉钠、羟丙纤维素、硬脂酸镁、羟丙甲纤维素、滑石粉、二氧化钛、卡那道蜡
氨氯地平片 5mg「Towa」,氨氯地平,高血压症。心绞痛。,[高血压症]通常，成人作为氨氯地平每日1次口服2.5～5mg。此外，根据症状适当增减，但若效果不明显，可增量至每日1次10mg。通常，6岁以上儿童作为氨氯地平每日1次口服2.5mg。此外，根据年龄、体重、症状适当增减。[心绞痛]通常，成人作为氨氯地平每日1次口服5mg。此外，根据症状适当增减。(与用法及用量相关的注意)6岁以上儿童给药时，每日不超过5mg。,AST升高、ALT升高、眩晕、ALP升高、LDH升高、浮肿、潮热、热感、面部潮红、心悸、血压降低,对二氢吡啶类化合物有过敏史的患者,抑制使血管和心脏肌肉收缩的钙的作用，具有扩张血管的功效。这是降低血压的药物。这是预防或缓解胸部压迫感及胸痛等心绞痛发作的药物。,10片×10板（100片）,片剂,有效成分苯磺酸氨氯地平 6.93mg(作为氨氯地平为5mg)添加剂无水磷酸氢钙、微晶纤维素、淀粉、羟基乙酸淀粉钠、羟丙纤维素、硬脂酸镁、羟丙甲纤维素、滑石粉、二氧化钛、卡那道蜡
Miticure尘螨舌下片 3300JAU,变应原提取物,针对尘螨抗原引起的过敏性鼻炎的脱敏疗法。,通常，给药开始后第1周，每日1次1片Miticure尘螨舌下片3300JAU；给药第2周起，每日1次1片Miticure尘螨舌下片10000JAU，于舌下保持1分钟后吞下。之后5分钟内避免漱口和饮食。(与用法及用量相关的注意)对于给药1年以上仍未获得治疗效果的患者，应慎重判断此后是否继续给药。,口腔肿胀、口腔浮肿、口腔瘙痒症、口腔内不适感、口腔感觉异常、咽喉刺激感、咽喉头不适感、耳部瘙痒症、口炎、舌炎、口腔感觉迟钝,本剂应在隶属于能充分应对紧急情况的医疗机构，且拥有本剂及脱敏疗法相关充分知识・经验，并能对本剂风险等进行充分管理・说明的医师指导下处方・使用。药剂师在调剂前应确认该医师后方可调剂。因本剂给药曾引起休克的患者重症支气管哮喘患者［本剂给药可能诱发哮喘发作。］,这是改善打喷嚏、流鼻涕、鼻塞等症状的药物。具有通过一点点摄取过敏原因物质让身体习惯，从而使过敏症状不易发生的功效。,7片×1板（7片）,舌下片,"有效成分粉尘螨提取物 1DU（1,650JAU）及屋尘螨提取物 1DU（1,650JAU）添加物D-甘露醇、明胶（鱼源）、pH调节剂"
Miticure尘螨舌下片 10000JAU,变应原提取物,针对尘螨抗原引起的过敏性鼻炎的脱敏疗法。,通常，给药开始后第1周，每日1次1片Miticure尘螨舌下片3300JAU；给药第2周起，每日1次1片Miticure尘螨舌下片10000JAU，于舌下保持1分钟后吞下。之后5分钟内避免漱口和饮食。(与用法及用量相关的注意)对于给药1年以上仍未获得治疗效果的患者，应慎重判断此后是否继续给药。,口腔肿胀、口腔浮肿、口腔瘙痒症、口腔内不适感、口腔感觉异常、咽喉刺激感、咽喉头不适感、耳部瘙痒症、口炎、舌炎、口腔感觉迟钝,本剂应在隶属于能充分应对紧急情况的医疗机构，且拥有本剂及脱敏疗法相关充分知识・经验，并能对本剂风险等进行充分管理・说明的医师指导下处方・使用。药剂师在调剂前应确认该医师后方可调剂。因本剂给药曾引起休克的患者重症支气管哮喘患者［本剂给药可能诱发哮喘发作。］,这是改善打喷嚏、流鼻涕、鼻塞等症状的药物。具有通过一点点摄取过敏原因物质让身体习惯，从而使过敏症状不易发生的功效。,10片×1板（10片）,舌下片,"有效成分粉尘螨提取物 3DU（5,000JAU）及屋尘螨提取物 3DU（5,000JAU）添加物D-甘露醇、明胶（鱼源）、pH调节剂"
"Cedarcure杉花粉舌下片 2,000JAU",杉花粉提取物,杉花粉症（脱敏疗法）。(与功效或效果相关的注意)本剂开始给药时，应进行皮肤反应测试（划痕试验（点刺试验）、皮内试验）或特异性IgE抗体检查，确诊为杉花粉症。开始使用本剂时，应根据上一季节花粉飞散时期患者的症状，并考虑其他治疗方法后，判断是否适用本剂。对于除杉花粉以外的变应原也具有高反应性（除杉花粉以外的变应原特异性IgE抗体价也高）的杉花粉症患者，本剂的有效性及安全性尚未确立（无使用经验）。,通常，给药开始后第1周，每日1次1片Cedarcure杉花粉舌下片2000JAU；给药第2周起，每日1次1片Cedarcure杉花粉舌下片5000JAU，于舌下保持1分钟后吞下。之后5分钟内避免漱口和饮食。(与用法及用量相关的注意)杉花粉飞散时期不要新开始给药（杉花粉飞散时期患者对杉花粉变应原的过敏性往往较高）。给药开始后，若首次花粉飞散时期结束时本剂未获得治疗效果，对于该患者此后是否继续给药应慎重判断。,口腔肿胀、口腔浮肿、口腔瘙痒症、口腔内不适感、咽喉刺激感、咽喉头不适感、耳部瘙痒症、鼻塞、口炎、口腔粘膜红斑、口腔感觉迟钝,本剂应在隶属于能充分应对紧急情况的医疗机构，且拥有本剂及脱敏疗法相关充分知识・经验，并能对本剂风险等进行充分管理・说明的医师指导下处方・使用。药剂师在调剂前应确认该医师后方可调剂。因本剂给药曾引起休克的患者重症支气管哮喘患者,这是改善打喷嚏、流鼻涕、鼻塞等症状的药物。具有通过一点点摄取过敏原因物质让身体习惯，从而使过敏症状不易发生的功效。,7片×1板（7片）,舌下片,"有效成分杉花粉提取物原末 2,000JAU添加物D-甘露醇、明胶（鱼源）、pH调节剂"
"Cedarcure杉花粉舌下片 5,000JAU",杉花粉提取物,杉花粉症（脱敏疗法）。（注意事项同上 2000JAU）,通常，给药开始后第1周，每日1次1片Cedarcure杉花粉舌下片2000JAU；给药第2周起，每日1次1片Cedarcure杉花粉舌下片5000JAU，于舌下保持1分钟后吞下。之后5分钟内避免漱口和饮食。（注意事项同上 2000JAU）,口腔肿胀、口腔浮肿、口腔瘙痒症、口腔内不适感、咽喉刺激感、咽喉头不适感、耳部瘙痒症、鼻塞、口炎、口腔粘膜红斑、口腔感觉迟钝,本剂应在隶属于能充分应对紧急情况的医疗机构，且拥有本剂及脱敏疗法相关充分知识・经验，并能对本剂风险等进行充分管理・说明的医师指导下处方・使用。药剂师在调剂前应确认该医师后方可调剂。因本剂给药曾引起休克的患者重症支气管哮喘患者,这是改善打喷嚏、流鼻涕、鼻塞等症状的药物。具有通过一点点摄取过敏原因物质让身体习惯，从而使过敏症状不易发生的功效。,10片×1板（10片）,舌下片,"有效成分杉花粉提取物原末 5,000JAU添加物D-甘露醇、明胶（鱼源）、pH调节剂"
Urocalun片 225mg,抑石（里白樫/Quercus salicina）提取物,促进肾结石・输尿管结石的排出。,通常1次2片，每日3次口服。根据年龄、症状适当增减。,胃部不适、胃部膨胀感、胃肠障碍、皮疹、发红、皮肤瘙痒、荨麻疹、腹泻,无特别提及,具有溶解结石、防止结石变大、促进结石排出的功效。这是溶解或排出肾脏及膀胱结石的药物。,10片×10板（100片）,片剂,有效成分抑石（里白樫）提取物 225mg添加物乳糖水合物、玉米淀粉、交联羧甲基纤维素钠、轻质无水硅酸、滑石粉、硬脂酸镁、羟丙甲纤维素、精制白糖、丙二醇、二氧化钛、硬脂酸、黄色三氧化二铁
Hythiol片 40,L-半胱氨酸,湿疹、中毒疹、药疹、荨麻疹、寻常痤疮、多形性渗出性红斑。放射线障碍引起的白细胞减少症。,〈湿疹、中毒疹、药疹、荨麻疹、寻常痤疮、多形性渗出性红斑〉通常成人下列单次用量每日2～3次口服。此外，根据年龄・症状适当增减。作为L-半胱氨酸1次80mg（本剂2片，注：原表此行可能有误，80mg通常指2片40mg或1片80mg，此处按原文翻译为1次80mg，即本剂2片）。〈放射线障碍引起的白细胞减少症〉通常成人下列单次用量每日3次口服。此外，根据年龄・症状适当增减。作为L-半胱氨酸1次160mg（本剂4片）。,恶心、腹泻、口渴、腹痛,无特别提及,"具有使皮肤代谢正常化、解毒的功效。这是治疗放射线引起的白细胞减少症的药物。
具有改善造血功能、提高免疫力的功效。这是治疗湿疹、荨麻疹、粉刺（痤疮）的药物。",10片×10板（100片）,片剂,有效成分L-半胱氨酸 40mg添加物微晶纤维素、低取代度羟丙纤维素、羟丙甲纤维素、硬脂酸镁、滑石粉
Hythiol片 80,L-半胱氨酸,湿疹、中毒疹、药疹、荨麻疹、寻常痤疮、多形性渗出性红斑。放射线障碍引起的白细胞减少症。,〈湿疹、中毒疹、药疹、荨麻疹、寻常痤疮、多形性渗出性红斑〉通常成人下列单次用量每日2～3次口服。此外，根据年龄・症状适当增减。作为L-半胱氨酸1次80mg（本剂1片）。〈放射线障碍引起的白细胞减少症〉通常成人下列单次用量每日3次口服。此外，根据年龄・症状适当增减。作为L-半胱氨酸1次160mg（本剂2片）。,恶心、腹泻、口渴、腹痛,无特别提及,"具有使皮肤代谢正常化、解毒的功效。这是治疗放射线引起的白细胞减少症的药物。
具有改善造血功能、提高免疫力的功效。这是治疗湿疹、荨麻疹、粉刺（痤疮）的药物。",10片×10板（100片）,片剂,有效成分L-半胱氨酸 80mg添加物微晶纤维素、羟丙纤维素、羟丙甲纤维素、硬脂酸镁、滑石粉
Frozin外用液 5%,氯化卡普氯铵液,下列疾病的脱发防止及生发促进：斑秃（含多发性斑秃）、恶性脱发、弥漫性脱发、糠疹状脱发、壮年性脱发、症状性脱发等。干性脂溢性皮炎。寻常型白癜风。,〈脱发症・干性脂溢性皮炎的情况〉1日2～3次适量涂抹于患处，或撒在有发部位，轻轻按摩。〈寻常型白癜风的情况〉1日3～4次适量涂抹于患处。,过敏症、一过性发红、瘙痒感、刺激痛、局部发汗、热感、乙酰胆碱样作用、全身性发汗、恶寒、战栗、恶心,无特别提及,"这是治疗白癜风（白斑）的药物。这是防止脱发、促进生发的药物。
具有扩张头皮毛细血管改善血流，防止脱发，促进生发的功效。具有扩张头皮毛细血管，改善血液流动的功效。这是用于治疗头皮屑的药物。",30ml×10（300ml）,瓶/支,有效成分1mL中氯化卡普氯铵水合物 54.6mg（作为氯化卡普氯铵为50mg）添加剂丙二醇、dl-苹果酸、氢氧化钠、乙醇、黄色4号（酒石黄）、蓝色1号、香料
生物素散 0.2%「Fuso」,生物素,急性湿疹・慢性湿疹、小儿湿疹、接触性皮炎、脂溢性湿疹、寻常痤疮。,作为生物素，通常成人1日0.5～2mg分1～3次口服。此外，根据年龄、症状适当增减。（与用法及用量相关的注意）1日制剂用量：0.25～1.0g,无特别提及,无特别提及,这是维生素制剂。是治疗湿疹和皮炎的药物。具有保持皮肤正常，抑制炎症的功效。,散装 500g,细粒,有效成分1g中日局 生物素 2mg添加物乳糖水合物、玉米淀粉、微晶纤维素
Harnal D片 0.2mg,坦索罗辛,前列腺增生症伴随的排尿障碍。,通常，成人作为盐酸坦索罗辛每日1次0.2mg饭后口服。此外，根据年龄、症状适当增减。(与用法及用量相关的注意)高龄者若肾功能低下，从0.1mg开始给药，在充分观察过程后增量至0.2mg（若0.2mg未获得期待效果，不再进行增量，应采取其他适当处置）。,眩晕、摇晃感、心动过速、皮疹、胃不适、恶心、呕吐、胃重感、胃痛、食欲不振、吞咽障碍,对本剂成分有过敏史的患者,这是改善排尿困难、残尿感、尿频等症状的药物。具有缓解尿道及前列腺肌肉的强烈紧张，降低尿道内部压力的功效。,14片×10板（140片）,片剂,有效成分盐酸坦索罗辛 0.2mg添加物纤维素、羟丙甲纤维素、乙基纤维素、甲基丙烯酸共聚物LD、月桂醇硫酸钠、聚山梨酯80、十六醇、丙烯酸乙酯・甲基丙烯酸甲酯共聚物、聚氧乙烯壬基苯基醚、D-甘露醇、乳糖水合物、糖粉、硬脂酸钙
Betanis片 50mg,米拉贝隆,过动性膀胱引起的尿急、尿频及急迫性尿失禁。,通常，成人作为米拉贝隆每日1次50mg饭后口服。(与用法及用量相关的注意)中度肝功能障碍（Child-Pugh评分7～9）患者给药从每日1次25mg开始。重度肾功能障碍患者（eGFR 15～29mL/min/1.73㎡）给药从每日1次25mg开始。,血小板数增加、白细胞数增加、血小板数减少、白细胞数减少、右束支传导阻滞、心悸、室上性期前收缩、心动过速、室性期前收缩、血压升高、心率增加,应尽可能避免给予育龄期患者。动物实验（大鼠）中，观察到精囊、前列腺及子宫的重量低值或萎缩等生殖器系影响，高剂量下观察到发情休止期延长、伴随黄体数减少的着床数及生存胎儿数减少。对本剂成分有过敏史的患者重笃心脏病患者［有报告称心率增加等，症状可能恶化。］孕妇及可能妊娠的女性哺乳妇重度肝功能障碍患者（Child-Pugh评分10以上）正在服用醋酸氟卡尼或盐酸普罗帕酮的患者,这是改善排尿次数增加、有强烈尿意、无意识漏尿等症状的药物。具有松弛膀胱肌肉，使膀胱更容易储尿的功效。,10片×10板（100片）,片剂,有效成分米拉贝隆 50mg添加物聚氧化乙烯、聚乙二醇、羟丙纤维素、二丁基羟基甲苯、硬脂酸镁、羟丙甲纤维素、黄色三氧化二铁
Avamys鼻喷雾剂 27.5μg 56喷雾用,糠酸氟替卡松,过敏性鼻炎。,成人通常1次各鼻腔2喷（每喷含糠酸氟替卡松27.5μg），每日1次给药。儿童通常1次各鼻腔1喷（每喷含糠酸氟替卡松27.5μg），每日1次给药。(与用法及用量相关的注意)为获得充分的临床效果，应持续使用。,鼻出血、鼻症状、鼻刺激感、鼻疼痛、鼻干燥感、血中皮质醇减少、白细胞数增加、过敏症、皮疹、血管性水肿、荨麻疹,无有效抗菌剂存在的感染症、深部真菌症患者［症状可能恶化］对本剂成分有过敏史的患者,这是改善打喷嚏、流鼻涕、鼻塞等症状的药物。具有抑制鼻粘膜炎症和过敏的功效。,1套,套装,有效成分1g中 糠酸氟替卡松 0.5mg1次喷雾中 糠酸氟替卡松 27.5μg添加物微晶纤维素、羧甲基纤维素钠、精制葡萄糖、聚山梨酯80、苯扎氯铵液、依地酸钠水合物
Pantosin片 100mg,泛硫乙胺(Pantethine),泛酸缺乏症的预防及治疗。泛酸需求增大，且从饮食中摄取不足时的补充（消耗性疾病、甲状腺功能亢进症、孕产妇、哺乳妇等）。下列疾病中，推测与泛酸缺乏或泛酸代谢障碍有关的情况：高脂血症、弛缓性便秘、推测与泛酸缺乏或泛酸代谢障碍有关的链霉素副作用及卡那霉素副作用的预防及治疗、推测与泛酸缺乏或泛酸代谢障碍有关的急性湿疹・慢性湿疹、推测与泛酸缺乏或泛酸代谢障碍有关的血液疾病的血小板数改善及出血倾向改善。此外，对于适应症，若效果不明显不应漫然长期使用月余。,通常，成人作为泛硫乙胺1日30～180mg，血液疾病、弛缓性便秘1日300～600mg分1～3次口服。高脂血症1日600mg分3次口服。此外，根据年龄、症状适当增减。,腹泻、软便、食欲不振、腹胀、呕吐,无特别提及,这是预防泛酸缺乏症，以及治疗因泛酸不足引起的各种疾病的药物。是对体内蛋白质、脂质、碳水化合物等代谢重要的维生素剂。,10片×10板（100片）,片剂,有效成分1片中 泛硫乙胺（日局）注）125mg（作为泛硫乙胺为100mg）添加物轻质无水硅酸、玉米淀粉、硅酸铝镁、羧甲基纤维素钙、滑石粉、硬脂酸镁、羟丙甲纤维素、二氧化钛、聚乙二醇6000、二甲基聚硅氧烷、二氧化硅、卡那道蜡
Pantosin片 200mg,泛硫乙胺,泛酸缺乏症的预防及治疗。泛酸需求增大，且从饮食中摄取不足时的补充（消耗性疾病、甲状腺功能亢进症、孕产妇、哺乳妇等）。下列疾病中，推测与泛酸缺乏或泛酸代谢障碍有关的情况：高脂血症、弛缓性便秘、推测与泛酸缺乏或泛酸代谢障碍有关的链霉素副作用及卡那霉素副作用的预防及治疗、推测与泛酸缺乏或泛酸代谢障碍有关的急性湿疹・慢性湿疹、推测与泛酸缺乏或泛酸代谢障碍有关的血液疾病的血小板数改善及出血倾向改善。此外，对于适应症，若效果不明显不应漫然长期使用月余。,通常，成人作为泛硫乙胺1日30～180mg，血液疾病、弛缓性便秘1日300～600mg分1～3次口服。高脂血症1日600mg分3次口服。此外，根据年龄、症状适当增减。,腹泻、软便、食欲不振、腹胀、呕吐,无特别提及,这是预防泛酸缺乏症，以及治疗因泛酸不足引起的各种疾病的药物。是对体内蛋白质、脂质、碳水化合物等代谢重要的维生素剂。,10片×10板（100片）,片剂,有效成分1片中 泛硫乙胺（日局）注）250mg（作为泛硫乙胺为200mg）添加物（同上 100mg 的添加物）
Cepharanthin片 1mg,千金藤素（千金藤提取生物碱）10mg,放射线引起的白细胞减少症。斑秃・糠疹状脱发。,〈白细胞减少症〉通常成人作为千金藤提取生物碱，1日3～6mg分2～3次饭后口服。此外，根据年龄、症状适当增减。〈脱发症〉通常成人作为千金藤提取生物碱，1日1.5～2mg分2～3次饭后口服。此外，根据年龄、症状适当增减。,浮肿、过敏症、皮疹、皮损、面部浮肿、手足浮肿、食欲不振、胃部不适、恶心、呕吐、腹泻,对本剂成分有过敏史的患者,具有抑制过敏，改善血液流动的功效。这是治疗斑秃和白细胞减少症的药物。具有改善造血功能、提高免疫力的功效。,10片×10板（100片）,片剂,有效成分千金藤素（千金藤提取生物碱）10mg(注：原数据为10mg，但药名显示1mg)添加物乳糖水合物、马铃薯淀粉、羧甲基纤维素钠、硬脂酸镁
Feburic片 10mg,非布司他,痛风、高尿酸血症。癌症化疗引起的高尿酸血症。,〈痛风、高尿酸血症〉成人通常，成人作为非布司他每日从10mg开始，每日1次口服。之后确认血中尿酸值，根据需要徐徐增量。维持量通常每日1次40mg，根据患者状态适当增减，但最大给药量为每日1次60mg。儿童通常，儿童根据体重，按下列给药量作为非布司他每日1次口服。体重40kg未满：通常，从每日5mg开始，每日1次口服。之后确认血中尿酸值，根据需要徐徐增量。维持量通常每日1次20mg，根据患者状态适当增减，但最大给药量为每日1次30mg。体重40kg以上：通常，从每日10mg开始，每日1次口服。之后确认血中尿酸值，根据需要徐徐增量。维持量通常每日1次40mg，根据患者状态适当增减，但最大给药量为每日1次60mg。〈癌症化疗引起的高尿酸血症〉通常，成人作为非布司他60mg每日1次口服。,白细胞数减少、TSH增加、手足麻木感、浮动性眩晕、嗜睡、心电图异常、腹泻、腹部不适、恶心、腹痛、肝功能检查值异常,对本剂成分有过敏史的患者正在服用巯嘌呤水合物或硫唑嘌呤的患者,具有抑制体内尿酸生成的功效，从而减少血液中增加的尿酸量。这是治疗痛风等高尿酸血症的药物。,10片×10板（100片）,片剂,有效成分非布司他 10㎎添加物乳糖、部分预胶化淀粉、羟丙纤维素、交联羧甲基纤维素钠、硬脂酸镁、羟丙甲纤维素、聚乙二醇
Feburic片 20mg,非布司他,痛风、高尿酸血症。癌症化疗引起的高尿酸血症。,〈痛风、高尿酸血症〉成人通常，成人作为非布司他每日从10mg开始，每日1次口服。之后确认血中尿酸值，根据需要徐徐增量。维持量通常每日1次40mg，根据患者状态适当增减，但最大给药量为每日1次60mg。儿童通常，儿童根据体重，按下列给药量作为非布司他每日1次口服。体重40kg未满：通常，从每日5mg开始，每日1次口服。之后确认血中尿酸值，根据需要徐徐增量。维持量通常每日1次20mg，根据患者状态适当增减，但最大给药量为每日1次30mg。体重40kg以上：通常，从每日10mg开始，每日1次口服。之后确认血中尿酸值，根据需要徐徐增量。维持量通常每日1次40mg，根据患者状态适当增减，但最大给药量为每日1次60mg。〈癌症化疗引起的高尿酸血症〉通常，成人作为非布司他60mg每日1次口服。,白细胞数减少、TSH增加、手足麻木感、浮动性眩晕、嗜睡、心电图异常、腹泻、腹部不适、恶心、腹痛、肝功能检查值异常,对本剂成分有过敏史的患者正在服用巯嘌呤水合物或硫唑嘌呤的患者,具有抑制体内尿酸生成的功效，从而减少血液中增加的尿酸量。这是治疗痛风等高尿酸血症的药物。,10片×10板（100片）,片剂,有效成分非布司他 20㎎添加物乳糖、部分预胶化淀粉、羟丙纤维素、交联羧甲基纤维素钠、硬脂酸镁、羟丙甲纤维素、聚乙二醇
Feburic片 40mg,非布司他,痛风、高尿酸血症。癌症化疗引起的高尿酸血症。,〈痛风、高尿酸血症〉成人通常，成人作为非布司他每日从10mg开始，每日1次口服。之后确认血中尿酸值，根据需要徐徐增量。维持量通常每日1次40mg，根据患者状态适当增减，但最大给药量为每日1次60mg。儿童通常，儿童根据体重，按下列给药量作为非布司他每日1次口服。体重40kg未满：通常，从每日5mg开始，每日1次口服。之后确认血中尿酸值，根据需要徐徐增量。维持量通常每日1次20mg，根据患者状态适当增减，但最大给药量为每日1次30mg。体重40kg以上：通常，从每日10mg开始，每日1次口服。之后确认血中尿酸值，根据需要徐徐增量。维持量通常每日1次40mg，根据患者状态适当增减，但最大给药量为每日1次60mg。〈癌症化疗引起的高尿酸血症〉通常，成人作为非布司他60mg每日1次口服。,白细胞数减少、TSH增加、手足麻木感、浮动性眩晕、嗜睡、心电图异常、腹泻、腹部不适、恶心、腹痛、肝功能检查值异常,对本剂成分有过敏史的患者正在服用巯嘌呤水合物或硫唑嘌呤的患者,具有抑制体内尿酸生成的功效，从而减少血液中增加的尿酸量。这是治疗痛风等高尿酸血症的药物。,10片×10板（100片）,片剂,有效成分非布司他 40㎎添加物乳糖、部分预胶化淀粉、羟丙纤维素、交联羧甲基纤维素钠、硬脂酸镁、羟丙甲纤维素、聚乙二醇
Locoa贴片 7枚×10袋),艾司氟雷比洛芬・薄荷油,骨关节炎的镇痛・消炎。,每日1次，贴于患处。同时贴敷不得超过2枚。(与用法及用量相关的注意)因本剂贴敷2枚时的全身暴露量达到氟雷比洛芬口服剂通常用量给药时的同等程度，故每日贴敷枚数不得超过2枚。本剂给药时应尽可能避免与其他期待全身作用的消炎镇痛剂并用，若必须并用，应仅限必要最小限度的使用，并充分注意患者状态。,皮炎、瘙痒感、皮疹、内出血、刺激感、色素沉着、浮动性眩晕、腹部不适、胃炎、消化性溃疡、腹痛,有消化性溃疡的患者［因前列腺素合成抑制作用导致胃粘膜防御能力低下，可能使消化性溃疡恶化。］重笃血液异常患者［可能出现血液障碍，使血液异常进一步恶化。］重笃肝功能障碍患者重笃肾功能障碍患者重笃心功能不全患者［因前列腺素合成抑制作用导致水・钠潴留，可能使心功能不全进一步恶化。］重笃高血压症患者［因前列腺素合成抑制作用导致水・钠潴留，可能使血压进一步升高。］对本剂成分或氟雷比洛芬有过敏史的患者阿司匹林哮喘（非甾体类消炎镇痛剂等引起的哮喘发作诱发）或有其既往史的患者［可能诱发哮喘发作。］正在服用依诺沙星水合物、洛美沙星、诺氟沙星、普卢利沙星的患者妊娠后期的女性,具有抑制引起疼痛和炎症的物质（前列腺素）生成的功效。这是缓解炎症引起的疼痛和肿胀的药物。,7枚×10袋（70枚）,贴剂,有效成分1枚10cm×14cm（膏体1.73g/140cm²）中艾司氟雷比洛芬 40mg日局 薄荷油 36.2mg添加物液体石蜡、苯乙烯・异戊二烯・苯乙烯嵌段共聚物、聚异丁烯、酯胶HG、二辛酸丙二醇、二丁基羟基甲苯、其他1种成分
Rosuzet配合片LD,依折麦布・瑞舒伐他汀钙,高胆固醇血症、家族性高胆固醇血症。(与功效或效果相关的注意)本剂不得作为高胆固醇血症、家族性高胆固醇血症治疗的首选药使用。适用前应实施充分检查，确认为高胆固醇血症、家族性高胆固醇血症后考虑适用本剂。关于纯合子家族性高胆固醇血症，作为LDL单采术等非药物疗法的辅助，或在无法实施这些疗法的情况下考虑适用本剂。,通常，成人1日1次1片（作为依折麦布/瑞舒伐他汀为10mg/2.5mg）饭后口服。(与用法及用量相关的注意)基于下列依折麦布和瑞舒伐他汀钙的用法及用量，针对每位患者考虑本剂的适用。[依折麦布]通常，成人作为依折麦布1次10mg，每日1次饭后口服。此外，根据年龄、症状适当减量。[瑞舒伐他汀钙]通常，成人作为瑞舒伐他汀每日1次从2.5mg开始给药，但若需要早期降低LDL胆固醇值，可从5mg开始给药。此外，根据年龄・症状适当增减，给药开始后或增量后，4周以后若LDL胆固醇值降低不充分，可逐渐增量至10mg。仅限给予10mg后LDL胆固醇值降低仍不充分的家族性高胆固醇血症患者等重症患者，可进一步增量，但每日最大为20mg。原则上，在并用依折麦布10mg及瑞舒伐他汀2.5mg的情况下，或使用瑞舒伐他汀2.5mg效果不充分的情况下，探讨适用本剂LD（作为依折麦布/瑞舒伐他汀为10mg/2.5mg）。肌酐清除率未满30mL/min/1.73㎡的患者给予瑞舒伐他汀钙时，作为瑞舒伐他汀应从2.5mg开始给药，每日最大给药量作为瑞舒伐他汀为5mg。特别是给予瑞舒伐他汀20mg时，可能对肾功能产生影响，因此在本剂中追加瑞舒伐他汀等情况下，瑞舒伐他汀20mg给药开始后12周内原则上每月1次，之后定期（每半年1次等）进行肾功能检查等，进行充分观察。,红斑、感觉迟钝、便秘、背部痛、四肢不适、ALT增加、肝功能检查异常、γ-GTP增加、HbA1c增加、血中CK增加、血中尿酸增加,对本剂成分有过敏史的患者重笃肝功能障碍患者及被认为肝功能低下的下列患者：急性肝炎、慢性肝炎的急性加重、肝硬化、肝癌、黄疸孕妇或可能妊娠的女性及哺乳妇正在服用环孢素的患者,"这是治疗高胆固醇血症的药物。
具有抑制小肠对胆固醇的吸收，同时抑制参与胆固醇生物合成的酶的作用，减少血液中胆固醇量的功效。",10片×10板（100片）,片剂,有效成分依折麦布 10mg / 瑞舒伐他汀钙 2.6mg（作为瑞舒伐他汀为2.5mg）添加物乳糖水合物、微晶纤维素、聚维酮、交联羧甲基纤维素钠、月桂醇硫酸钠、硬脂酸镁、D-甘露醇、低取代度羟丙纤维素、羟丙纤维素
Rosuzet配合片HD,依折麦布・瑞舒伐他汀钙,高胆固醇血症、家族性高胆固醇血症。(与功效或效果相关的注意)本剂不得作为高胆固醇血症、家族性高胆固醇血症治疗的首选药使用。适用前应实施充分检查，确认为高胆固醇血症、家族性高胆固醇血症后考虑适用本剂。关于纯合子家族性高胆固醇血症，作为LDL单采术等非药物疗法的辅助，或在无法实施这些疗法的情况下考虑适用本剂。,通常，成人1日1次1片（作为依折麦布/瑞舒伐他汀为10mg/2.5mg，注：此处原文可能为10mg/5mg，HD通常剂量较高，但此处翻译忠实于提供的原文表格，请注意原文表格此列描述与LD几乎一致，但HD通常含5mg瑞舒伐他汀）饭后口服。(与用法及用量相关的注意)（同上 LD，但HD对应瑞舒伐他汀5mg的情况）,红斑、感觉迟钝、便秘、背部痛、四肢不适、ALT增加、肝功能检查异常、γ-GTP增加、HbA1c增加、血中CK增加、血中尿酸增加,对本剂成分有过敏史的患者重笃肝功能障碍患者及被认为肝功能低下的下列患者：急性肝炎、慢性肝炎的急性加重、肝硬化、肝癌、黄疸孕妇或可能妊娠的女性及哺乳妇正在服用环孢素的患者,"这是治疗高胆固醇血症的药物。
具有抑制小肠对胆固醇的吸收，同时抑制参与胆固醇生物合成的酶的作用，减少血液中胆固醇量的功效。",10片×10板（100片）,片剂,有效成分依折麦布 10mg / 瑞舒伐他汀钙 5.2mg（作为瑞舒伐他汀为5mg）添加物乳糖水合物、微晶纤维素、聚维酮、交联羧甲基纤维素钠、月桂醇硫酸钠、硬脂酸镁、D-甘露醇、低取代度羟丙纤维素、羟丙纤维素
Jardiance片 10mg,恩格列净,2型糖尿病。慢性心力衰竭（仅限正在接受慢性心力衰竭标准治疗的患者）。慢性肾脏病（末期肾衰竭或正在进行透析的患者除外）。,〈2型糖尿病〉通常，成人作为恩格列净10mg每日1次早餐前或早餐后口服。此外，若效果不明显，可在充分观察过程的情况下增量至25mg每日1次。〈慢性心力衰竭、慢性肾脏病〉通常，成人作为恩格列净10mg每日1次早餐前或早餐后口服。(与用法及用量相关的注意)〈慢性心力衰竭、慢性肾脏病〉合并2型糖尿病的慢性心力衰竭、合并2型糖尿病的慢性肾脏病患者，若血糖控制不充分，以改善血糖控制为目的可增量至本剂25mg（因未确认针对慢性心力衰竭及慢性肾脏病超过本剂10mg每日1次的有效性，故不得期待针对慢性心力衰竭及慢性肾脏病有超过本剂10mg的有效性而给予本剂25mg）。,尿路感染、膀胱炎、外阴阴道念珠菌病、无症状性细菌尿、龟头包皮炎、阴部瘙痒症、高脂血症、眩晕、便秘、皮肤瘙痒症、皮疹,对本剂成分有过敏史的患者重症酮症、糖尿病性昏迷或前昏迷的患者［因必须通过输液及胰岛素迅速纠正高血糖，故不适合使用本剂。］重症感染症、手术前后、有严重外伤的患者［因糖尿病患者此时希望通过注射胰岛素进行血糖管理，故不适合使用本剂。］,"缓解气短、浮肿等心力衰竭症状，治疗糖尿病，治疗慢性肾脏病
具有将过剩的糖分随尿液排出从而降低血糖值的功效。具有减轻心脏负担，减轻肾脏负担的功效。",10片×10板（100片）,片剂,有效成分恩格列净 10㎎添加物乳糖水合物、微晶纤维素、羟丙纤维素、交联羧甲基纤维素钠、轻质无水硅酸、硬脂酸镁、羟丙甲纤维素、二氧化钛、滑石粉、聚乙二醇400、黄色三氧化二铁
Jardiance片 25mg,恩格列净,2型糖尿病。慢性心力衰竭（仅限正在接受慢性心力衰竭标准治疗的患者）。慢性肾脏病（末期肾衰竭或正在进行透析的患者除外）。,〈2型糖尿病〉通常，成人作为恩格列净10mg每日1次早餐前或早餐后口服。此外，若效果不明显，可在充分观察过程的情况下增量至25mg每日1次。〈慢性心力衰竭、慢性肾脏病〉通常，成人作为恩格列净10mg每日1次早餐前或早餐后口服。(与用法及用量相关的注意)〈慢性心力衰竭、慢性肾脏病〉合并2型糖尿病的慢性心力衰竭、合并2型糖尿病的慢性肾脏病患者，若血糖控制不充分，以改善血糖控制为目的可增量至本剂25mg（因未确认针对慢性心力衰竭及慢性肾脏病超过本剂10mg每日1次的有效性，故不得期待针对慢性心力衰竭及慢性肾脏病有超过本剂10mg的有效性而给予本剂25mg）。,尿路感染、膀胱炎、外阴阴道念珠菌病、无症状性细菌尿、龟头包皮炎、阴部瘙痒症、高脂血症、眩晕、便秘、皮肤瘙痒症、皮疹,对本剂成分有过敏史的患者重症酮症、糖尿病性昏迷或前昏迷的患者［因必须通过输液及胰岛素迅速纠正高血糖，故不适合使用本剂。］重症感染症、手术前后、有严重外伤的患者［因糖尿病患者此时希望通过注射胰岛素进行血糖管理，故不适合使用本剂。］,"缓解气短、浮肿等心力衰竭症状，治疗糖尿病，治疗慢性肾脏病
具有将过剩的糖分随尿液排出从而降低血糖值的功效。具有减轻心脏负担，减轻肾脏负担的功效。",10片×10板（100片）,片剂,有效成分恩格列净 25㎎添加物乳糖水合物、微晶纤维素、羟丙纤维素、交联羧甲基纤维素钠、轻质无水硅酸、硬脂酸镁、羟丙甲纤维素、二氧化钛、滑石粉、聚乙二醇400、黄色三氧化二铁
Micatrio配合剂,替米沙坦・苯磺酸氨氯地平・氢氯噻嗪,高血圧症。(与功效或效果相关的注意)因有过度降压的风险等，本剂不得作为高血压治疗的首选药。原则上，在替米沙坦80mg、氨氯地平5mg及氢氯噻嗪12.5mg一定期间内以同一用法・用量持续并用，且获得稳定的血压控制的情况下，探讨切换为本剂。,成人每日1次1片（作为替米沙坦/氨氯地平/氢氯噻嗪为80mg/5mg/12.5mg）口服。本剂不得作为高血压治疗的首选药使用。,血中尿酸增加、高尿酸血症、脂质异常症、浮动性眩晕、体位性眩晕、心房颤动、心动过速、低血压、直立性低血压、紫癜、血中肌酐增加,对本剂成分、二氢吡啶类化合物及噻嗪类药物或其类似化合物（例如氯噻酮等磺胺衍生物）有过敏史的患者孕妇或可能妊娠的女性有肝功能障碍的患者无尿患者或血液透析中的患者［不能期待本剂的效果。］急性肾衰竭患者体液中钠・钾明显减少的患者［可能使低钠血症、低钾血症等电解质失调恶化。］正在服用富马酸阿利吉仑的糖尿病患者（经其他降压治疗血压控制仍显著不良的患者除外）正在服用醋酸去氨加压素水合物（用于男性夜间多尿引起的夜间尿频）的患者,"这是降低血压的药物。具有抑制升高血压物质（血管紧张素Ⅱ）的作用。
或抑制使血管和心脏肌肉收缩的钙的作用从而扩张血管，同时增加尿量，排泄多余水分和盐分的功效。",10片×10板（100片）,片剂,有效成分替米沙坦 80mg苯磺酸氨氯地平 6.93mg（作为氨氯地平为5mg）氢氯噻嗪 12.5mg添加物葡甲胺、聚氧乙烯[160]聚氧丙烯[30]二醇、D-甘露醇、微晶纤维素、玉米淀粉、羟丙纤维素、轻质无水硅酸、硬脂酸镁、羟丙甲纤维素、聚乙二醇6000、二氧化钛、滑石粉、三氧化二铁、黄色三氧化二铁
Trazenta片 5mg,利格列汀,2型糖尿病。(与功效或效果相关的注意)本剂的应用仅限在事先充分进行了作为糖尿病治疗基本的饮食疗法、运动疗法但效果不充分的情况下考虑。,通常，成人作为利格列汀每日1次5mg口服。,便秘、浮肿、浮动性眩晕、鼻咽炎、胀气、胃肠炎、体重增加、胰酶增加、血中淀粉酶增加、血中脂肪酶增加、肝酶升高,对本剂成分有过敏史的患者糖尿病性酮症酸中毒、糖尿病性昏迷或前昏迷、1型糖尿病患者［因必须通过输液及胰岛素迅速纠正高血糖，故不应给予本剂。］重症感染症、手术前后、有严重外伤的患者［因希望通过注射胰岛素进行血糖管理，故不适合使用本剂。］,这是治疗糖尿病的药物。具有抑制分解保持血糖恒定物质的酶的作用，从而改善血糖值的功效。,10片×10板（100片）,片剂,有效成分利格列汀 5mg添加物D-甘露醇、部分预胶化淀粉、玉米淀粉、共聚维酮、硬脂酸镁、羟丙甲纤维素、二氧化钛、滑石粉、聚乙二醇6000NF、三氧化二铁
Quenmet配合片,柠檬酸钾・柠檬酸钠,痛风及高尿酸血症中的酸性尿改善。酸中毒的改善。,痛风及高尿酸血症中的酸性尿改善：通常成人1次2片，每日3次口服，调整给药量使尿检查pH在6.2至6.8范围内。酸中毒的改善：原则上成人1日量12片分3～4次口服，根据年龄、体重、血气分析结果等患者状况适当增减。,AST升高、ALT升高、Al-P升高、γ-GTP升高、胃部不适、腹泻、恶心、烧心、呕吐、食欲不振、皮疹、高钾血症、心动过缓、脱力感,正在服用六亚甲基四胺的患者,具有改善身体酸性的功效。这是改善痛风、高尿酸血症引起的酸性尿的药物。,10片×10板（100片）,片剂,有效成分（作为干燥重量）柠檬酸钾 231.5mg（日局）柠檬酸钠水合物 195.0mg添加物无水柠檬酸、微晶纤维素、部分预胶化淀粉、羟丙纤维素、硬脂酸镁、羟丙甲纤维素、聚乙二醇6000、二氧化钛、卡那道蜡
Entresto片 100mg,沙库巴曲缬沙坦钠水合物,成人：慢性心力衰竭（仅限正在接受慢性心力衰竭标准治疗的患者）。儿童：慢性心力衰竭。高血压症。,〈慢性心力衰竭〉通常，成人作为沙库巴曲缬沙坦以1次50mg为起始剂量，每日2次口服。若认可耐受性，每隔2～4周阶段性增量至1次200mg。1次给药量为50mg、100mg或200mg，无论何种给药量均每日2次口服。此外，根据耐受性适当减量。通常，1岁以上儿童作为沙库巴曲缬沙坦按下列根据体重的起始剂量每日2次口服。若认可耐受性，每隔2～4周阶段性增量至目标剂量。此外，根据耐受性适当减量。[儿童用量（1次给药量）]1. 体重40kg未满：起始剂量0.8mg/kg，第1递增剂量1.6mg/kg，第2递增剂量2.3mg/kg，目标剂量3.1mg/kg。2. 体重40kg以上50kg未满：起始剂量0.8mg/kg，第1递增剂量50mg，第2递增剂量100mg，目标剂量150mg。3. 体重50kg以上：起始剂量50mg，第1递增剂量100mg，第2递增剂量150mg，目标剂量200mg。〈高血压症〉通常，成人作为沙库巴曲缬沙坦1次200mg，每日1次口服。此外，根据年龄、症状适当增减，但最大给药量为1次400mg，每日1次。,咳嗽、贫血、嗜酸性粒细胞增多、低钾血症、食欲减退、低钠血症、浮动性眩晕、体位性眩晕、旋转性眩晕、头痛、失眠,对本剂成分有过敏史的患者正在服用血管紧张素转化酶抑制药（阿拉普利、盐酸咪达普利、马来酸依那普利、卡托普利、盐酸喹那普利、水合西拉普利、盐酸替莫普利、盐酸地拉普利、群多普利、盐酸贝那普利、培哚普利叔丁胺、水合赖诺普利）的患者，或给药中止36小时以内的患者有血管性水肿既往史的患者（血管紧张素Ⅱ受体拮抗药或血管紧张素转化酶抑制药引起的血管性水肿、遗传性血管性水肿、获得性血管性水肿、特发性血管性水肿等）正在服用富马酸阿利吉仑的糖尿病患者（经其他降压治疗血压控制仍显著不良的患者除外）重度肝功能障碍（Child-Pugh分类C）患者孕妇或可能妊娠的女性,"这是缓解气短、浮肿等心力衰竭症状的药物。这是降低血压的药物。
具有辅助心脏工作，抑制使心力衰竭恶化的物质（血管紧张素Ⅱ），扩张血管，同时抑制升高血压的物质（血管紧张素Ⅱ）的功效。",10片×10板（100片）,片剂,有效成分沙库巴曲缬沙坦钠水合物 113.103mg（作为沙库巴曲缬沙坦为100mg：相当于沙库巴曲48.6mg及缬沙坦51.4mg）添加物纤维素、羟丙纤维素、交联聚维酮、硬脂酸镁、滑石粉、无水硅酸、羟丙甲纤维素、聚乙二醇、二氧化钛、三氧化二铁、氧化铁
Entresto片 200mg,沙库巴曲缬沙坦钠水合物,成人：慢性心力衰竭（仅限正在接受慢性心力衰竭标准治疗的患者）。儿童：慢性心力衰竭。高血压症。,〈慢性心力衰竭〉通常，成人作为沙库巴曲缬沙坦以1次50mg为起始剂量，每日2次口服。若认可耐受性，每隔2～4周阶段性增量至1次200mg。1次给药量为50mg、100mg或200mg，无论何种给药量均每日2次口服。此外，根据耐受性适当减量。通常，1岁以上儿童作为沙库巴曲缬沙坦按下列根据体重的起始剂量每日2次口服。若认可耐受性，每隔2～4周阶段性增量至目标剂量。此外，根据耐受性适当减量。[儿童用量（1次给药量）]1. 体重40kg未满：起始剂量0.8mg/kg，第1递增剂量1.6mg/kg，第2递增剂量2.3mg/kg，目标剂量3.1mg/kg。2. 体重40kg以上50kg未满：起始剂量0.8mg/kg，第1递增剂量50mg，第2递增剂量100mg，目标剂量150mg。3. 体重50kg以上：起始剂量50mg，第1递增剂量100mg，第2递增剂量150mg，目标剂量200mg。〈高血压症〉通常，成人作为沙库巴曲缬沙坦1次200mg，每日1次口服。此外，根据年龄、症状适当增减，但最大给药量为1次400mg，每日1次。,咳嗽、贫血、嗜酸性粒细胞增多、低钾血症、食欲减退、低钠血症、浮动性眩晕、体位性眩晕、旋转性眩晕、头痛、失眠,对本剂成分有过敏史的患者正在服用血管紧张素转化酶抑制药（阿拉普利、盐酸咪达普利、马来酸依那普利、卡托普利、盐酸喹那普利、水合西拉普利、盐酸替莫普利、盐酸地拉普利、群多普利、盐酸贝那普利、培哚普利叔丁胺、水合赖诺普利）的患者，或给药中止36小时以内的患者有血管性水肿既往史的患者（血管紧张素Ⅱ受体拮抗药或血管紧张素转化酶抑制药引起的血管性水肿、遗传性血管性水肿、获得性血管性水肿、特发性血管性水肿等）正在服用富马酸阿利吉仑的糖尿病患者（经其他降压治疗血压控制仍显著不良的患者除外）重度肝功能障碍（Child-Pugh分类C）患者孕妇或可能妊娠的女性,"这是缓解气短、浮肿等心力衰竭症状的药物。这是降低血压的药物。
具有辅助心脏工作，抑制使心力衰竭恶化的物质（血管紧张素Ⅱ），扩张血管，同时抑制升高血压的物质（血管紧张素Ⅱ）的功效。",10片×10板（100片）,片剂,有效成分沙库巴曲缬沙坦钠水合物 226.206mg（作为沙库巴曲缬沙坦为200mg：相当于沙库巴曲97.2mg及缬沙坦102.8mg）添加物纤维素、羟丙纤维素、交联聚维酮、硬脂酸镁、滑石粉、无水硅酸、羟丙甲纤维素、聚乙二醇、二氧化钛、三氧化二铁、氧化铁
氨甲环酸片 250mg「YD」,氨甲环酸,被认为与全身性纤溶亢进有关的出血倾向（白血病、再生障碍性贫血、紫癜病等，及手术中・术后的异常出血）。被认为与局部纤溶亢进有关的异常出血（肺出血、鼻出血、生殖器出血、肾出血、前列腺手术中・术后的异常出血）。下列疾病中的红斑・肿胀・瘙痒等症状：湿疹及其类症、荨麻疹、药疹・中毒疹。下列疾病中的咽喉痛・发红・充血・肿胀等症状：扁桃体炎、咽喉头炎。口炎中的口腔痛及口腔粘膜阿弗他溃疡。,作为氨甲环酸，通常成人每日750～2000mg分3～4次口服。此外，根据年龄、症状适当增减。,食欲不振、恶心、呕吐、腹泻、烧心、过敏症、瘙痒感、皮疹、嗜睡,正在服用凝血酶的患者,"抑制具有抗凝血作用的纤溶酶的活性，辅助抑制出血。通过抑制纤溶酶的活性，同时具有抑制过敏和炎症的功效。
这是治疗口炎引起的口腔痛及口腔粘膜阿弗他溃疡的药物。这是辅助抑制出血的药物。
此外，也是治疗湿疹、荨麻疹、口炎等的药物。具有抑制炎症，抑制荨麻疹、湿疹等过敏症状的功效。",10片×10板（100片）,片剂,有效成分氨甲环酸 250mg添加物纤维素、硬化油、羟丙纤维素、硬脂酸镁
氨甲环酸片 500mg「YD」,氨甲环酸,被认为与全身性纤溶亢进有关的出血倾向（白血病、再生障碍性贫血、紫癜病等，及手术中・术后的异常出血）。被认为与局部纤溶亢进有关的异常出血（肺出血、鼻出血、生殖器出血、肾出血、前列腺手术中・术后的异常出血）。下列疾病中的红斑・肿胀・瘙痒等症状：湿疹及其类症、荨麻疹、药疹・中毒疹。下列疾病中的咽喉痛・发红・充血・肿胀等症状：扁桃体炎、咽喉头炎。口炎中的口腔痛及口腔粘膜阿弗他溃疡。,作为氨甲环酸，通常成人每日750～2000mg分3～4次口服。此外，根据年龄、症状适当增减。,食欲不振、恶心、呕吐、腹泻、烧心、过敏症、瘙痒感、皮疹、嗜睡,正在服用凝血酶的患者,"抑制具有抗凝血作用的纤溶酶的活性，辅助抑制出血。通过抑制纤溶酶的活性，同时具有抑制过敏和炎症的功效。
这是治疗口炎引起的口腔痛及口腔粘膜阿弗他溃疡的药物。这是辅助抑制出血的药物。
此外，也是治疗湿疹、荨麻疹、口炎等的药物。具有抑制炎症，抑制荨麻疹、湿疹等过敏症状的功效。",10片×10板（100片）,片剂,有效成分氨甲环酸 500mg添加物纤维素、硬化油、羟丙纤维素、硬脂酸镁
Rybelsus片 3mg,司美格鲁肽（基因重组）,2型糖尿病。(与功效或效果相关的注意)本剂的应用仅限在事先充分进行了作为糖尿病治疗基本的饮食疗法、运动疗法但效果不充分的情况下考虑。,通常，成人作为司美格鲁肽（基因重组）每日1次7mg维持量口服。但从每日1次3mg开始，给药4周以上后，增量至每日1次7mg。此外，根据患者状态适当增减，但每日1次7mg给药4周以上效果仍不充分时，可增量至每日1次14mg。(与用法及用量相关的注意)因胃内容物会降低本剂吸收，本剂应在每日第一次饮食或饮水前，空腹状态下以约半杯水（约120mL以下）服用3mg片或14mg片（注：此处原文可能涵盖不同规格说明），且服用时及服用后至少30分钟内避免饮食，服用时及服用后至少30分钟内避免口服其他药剂。不得分割・粉碎及咀嚼服用。忘记给药时，当日不给药，次日给药。,恶心、腹泻、腹痛、便秘、食欲减退、浮动性眩晕、味觉异常、糖尿病视网膜病变、腹部不适、消化不良、上腹部痛,对本剂成分有过敏史的患者糖尿病性酮症酸中毒、糖尿病性昏迷或前昏迷、1型糖尿病患者［因必须通过胰岛素制剂进行迅速治疗，故不应给予本剂。］重症感染症、手术等紧急情况［因希望通过胰岛素制剂进行血糖管理，故不适合使用本剂。］,这是治疗糖尿病的药物。具有根据血糖促进胰岛素分泌，改善血糖值的功效。,10片×10板（100片）,片剂,有效成分司美格鲁肽(基因重组) 3mg添加物沙夫卡酸钠、聚维酮、微晶纤维素、硬脂酸镁
Rybelsus片 7mg,司美格鲁肽（基因重组）,2型糖尿病。(与功效或效果相关的注意)本剂的应用仅限在事先充分进行了作为糖尿病治疗基本的饮食疗法、运动疗法但效果不充分的情况下考虑。,通常，成人作为司美格鲁肽（基因重组）每日1次7mg维持量口服。但从每日1次3mg开始，给药4周以上后，增量至每日1次7mg。此外，根据患者状态适当增减，但每日1次7mg给药4周以上效果仍不充分时，可增量至每日1次14mg。(与用法及用量相关的注意)因胃内容物会降低本剂吸收，本剂应在每日第一次饮食或饮水前，空腹状态下以约半杯水（约120mL以下）服用3mg片或14mg片（注：此处原文可能涵盖不同规格说明），且服用时及服用后至少30分钟内避免饮食，服用时及服用后至少30分钟内避免口服其他药剂。不得分割・粉碎及咀嚼服用。忘记给药时，当日不给药，次日给药。,恶心、腹泻、腹痛、便秘、食欲减退、浮动性眩晕、味觉异常、糖尿病视网膜病变、腹部不适、消化不良、上腹部痛,对本剂成分有过敏史的患者糖尿病性酮症酸中毒、糖尿病性昏迷或前昏迷、1型糖尿病患者［因必须通过胰岛素制剂进行迅速治疗，故不应给予本剂。］重症感染症、手术等紧急情况［因希望通过胰岛素制剂进行血糖管理，故不适合使用本剂。］,这是治疗糖尿病的药物。具有根据血糖促进胰岛素分泌，改善血糖值的功效。,10片×10板（100片）,片剂,有效成分司美格鲁肽(基因重组) 3mg(注：原文件此处数据可能有误，7mg片通常含7mg)添加物沙夫卡酸钠、聚维酮、微晶纤维素、硬脂酸镁
Rybelsus片 14mg,司美格鲁肽（基因重组）,2型糖尿病。(与功效或效果相关的注意)本剂的应用仅限在事先充分进行了作为糖尿病治疗基本的饮食疗法、运动疗法但效果不充分的情况下考虑。,通常，成人作为司美格鲁肽（基因重组）每日1次7mg维持量口服。但从每日1次3mg开始，给药4周以上后，增量至每日1次7mg。此外，根据患者状态适当增减，但每日1次7mg给药4周以上效果仍不充分时，可增量至每日1次14mg。(与用法及用量相关的注意)因胃内容物会降低本剂吸收，本剂应在每日第一次饮食或饮水前，空腹状态下以约半杯水（约120mL以下）服用3mg片或14mg片（注：此处原文可能涵盖不同规格说明），且服用时及服用后至少30分钟内避免饮食，服用时及服用后至少30分钟内避免口服其他药剂。不得分割・粉碎及咀嚼服用。忘记给药时，当日不给药，次日给药。,恶心、腹泻、腹痛、便秘、食欲减退、浮动性眩晕、味觉异常、糖尿病视网膜病变、腹部不适、消化不良、上腹部痛,对本剂成分有过敏史的患者糖尿病性酮症酸中毒、糖尿病性昏迷或前昏迷、1型糖尿病患者［因必须通过胰岛素制剂进行迅速治疗，故不应给予本剂。］重症感染症、手术等紧急情况［因希望通过胰岛素制剂进行血糖管理，故不适合使用本剂。］,这是治疗糖尿病的药物。具有根据血糖促进胰岛素分泌，改善血糖值的功效。,10片×10板（100片）,片剂,有效成分司美格鲁肽(基因重组) 3mg(注：原文件此处数据可能有误，14mg片通常含14mg)添加物沙夫卡酸钠、聚维酮、微晶纤维素、硬脂酸镁
Hyperdil Kowa滴眼液 0.25%,尼普地洛液,青光眼、高眼压症。,通常，1次1滴，每日2次滴眼。,结膜充血、表层角膜炎、角膜糜烂、睑缘炎、眼睑发红、眼睑浮肿、眼刺激症状、眼刺痛感、眼灼热感、眼瘙痒、眼异物感,对本剂成分有过敏史的患者支气管哮喘、支气管痉挛或有其既往史的患者、重笃慢性阻塞性肺疾病患者［可能诱发・加重哮喘发作。］控制不充分的心力衰竭、窦性心动过缓、房室传导阻滞（II、III度）或心源性休克患者［可能使这些症状恶化。］,具有减少眼内液产生，降低眼压的功效。这是降低因绿内障（青光眼）等导致眼压升高者的眼压的滴眼液。,10瓶（50ml）,滴眼液,有效成分1mL中 尼普地洛 2.5mg添加物磷酸氢二钠、磷酸二氢钾、稀盐酸、氯化钠、苯扎氯铵液
Tathion片 100mg,谷胱甘肽,药物中毒。丙酮血性呕吐症（自家中毒、周期性呕吐症）。金属中毒。妊娠恶阻。妊娠高血压综合征。,作为还原型谷胱甘肽，通常成人1次50～100mg，每日1～3次口服。此外，根据年龄、症状适当增减。,过敏症、皮疹、食欲不振、恶心、呕吐、胃痛,无特别提及,具有改善代谢障碍的功效的解毒剂。这是抑制妊娠高血压综合征或药物等中毒引起的恶心等症状的药物。,12片×10板（120片）,片剂,有效成分日局 谷胱甘肽 100mg添加物乳糖水合物、羧甲基纤维素钙、硬脂酸镁、硬化油、轻质无水硅酸、羟丙纤维素、精制白糖、阿拉伯胶末、滑石粉、磷酸氢钙水合物、高岭土、二氧化钛、卡那道蜡
Zepbound皮下注 2.5mg Ateos,替尔泊肽,肥胖症：仅限患有高血压、脂质异常症或2型糖尿病中任一者，且进行了饮食疗法・运动疗法仍未获得充分效果，并符合下列情况者（BMI 27kg/㎡以上且有2个以上肥胖相关健康障碍，或BMI 35kg/㎡以上）。(与功效或效果相关的注意)本剂的适用，仅限在事先进行了作为肥胖症治疗基本的饮食疗法・运动疗法仍未获得充分效果，且判断为适合药物治疗的患者。肥胖相关健康障碍应参考临床试验中纳入的患者背景进行判断。,通常，成人作为替尔泊肽从每周1次2.5mg开始，每隔4周增加2.5mg，每周1次皮下注射10mg。此外，根据患者状态适当增减，可减量至每周1次5mg，或每隔4周以上每次增加2.5mg，增至每周1次15mg。(与用法及用量相关的注意)本剂剂量调节时，应留意下列点。・ 因出现胃肠障碍等导致耐受性不足的患者，考虑减量或推迟渐增。・ 根据患者体重减少程度及对本剂的耐受性，也可考虑以每周1次5mg持续治疗。本剂为每周1次给药的药剂，应在同一星期几给药。忘记给药时，若距离下次给药时间在3天（72小时）以上，应在察觉时立即给药，之后按预定的星期几给药；若不足3天（72小时），则不给药，在下一次预定的星期几给药。另外，若需更改每周1次给药的星期几，应与上次给药间隔至少3天（72小时）以上。,呕吐、腹痛、便秘、恶心、腹泻、消化不良、食欲减退、注射部位反应、红斑、瘙痒感、疼痛,对本剂成分有过敏史的患者糖尿病性酮症酸中毒、糖尿病性昏迷或前昏迷、1型糖尿病患者［因必须通过胰岛素制剂进行迅速治疗，故不应给予本剂。］有2型糖尿病的患者发生重症感染症、手术等紧急情况［因希望通过胰岛素制剂进行血糖管理，故不适合使用本剂。］,具有减退食欲、提高满腹感，从而减轻体重的功效。这是用于肥胖症的药物。,2套×1盒,注射剂,有效成分1套中替尔泊肽 2.5mg添加物磷酸氢二钠七水合物 0.7mg氯化钠 4.1mg盐酸 适量氢氧化钠 适量
Zepbound皮下注 5mg Ateos,替尔泊肽,肥胖症：仅限患有高血压、脂质异常症或2型糖尿病中任一者，且进行了饮食疗法・运动疗法仍未获得充分效果，并符合下列情况者（BMI 27kg/㎡以上且有2个以上肥胖相关健康障碍，或BMI 35kg/㎡以上）。(与功效或效果相关的注意)本剂的适用，仅限在事先进行了作为肥胖症治疗基本的饮食疗法・运动疗法仍未获得充分效果，且判断为适合药物治疗的患者。肥胖相关健康障碍应参考临床试验中纳入的患者背景进行判断。,通常，成人作为替尔泊肽从每周1次2.5mg开始，每隔4周增加2.5mg，每周1次皮下注射10mg。此外，根据患者状态适当增减，可减量至每周1次5mg，或每隔4周以上每次增加2.5mg，增至每周1次15mg。(与用法及用量相关的注意)本剂剂量调节时，应留意下列点。・ 因出现胃肠障碍等导致耐受性不足的患者，考虑减量或推迟渐增。・ 根据患者体重减少程度及对本剂的耐受性，也可考虑以每周1次5mg持续治疗。本剂为每周1次给药的药剂，应在同一星期几给药。忘记给药时，若距离下次给药时间在3天（72小时）以上，应在察觉时立即给药，之后按预定的星期几给药；若不足3天（72小时），则不给药，在下一次预定的星期几给药。另外，若需更改每周1次给药的星期几，应与上次给药间隔至少3天（72小时）以上。,呕吐、腹痛、便秘、恶心、腹泻、消化不良、食欲减退、注射部位反应、红斑、瘙痒感、疼痛,对本剂成分有过敏史的患者糖尿病性酮症酸中毒、糖尿病性昏迷或前昏迷、1型糖尿病患者［因必须通过胰岛素制剂进行迅速治疗，故不应给予本剂。］有2型糖尿病的患者发生重症感染症、手术等紧急情况［因希望通过胰岛素制剂进行血糖管理，故不适合使用本剂。］,具有减退食欲、提高满腹感，从而减轻体重的功效。这是用于肥胖症的药物。,2套×1盒,注射剂,有效成分1套中替尔泊肽 5mg添加物（同上 2.5mg 的添加物）
Zepbound皮下注 7.5mg Ateos,替尔泊肽,肥胖症：仅限患有高血压、脂质异常症或2型糖尿病中任一者，且进行了饮食疗法・运动疗法仍未获得充分效果，并符合下列情况者（BMI 27kg/㎡以上且有2个以上肥胖相关健康障碍，或BMI 35kg/㎡以上）。(与功效或效果相关的注意)本剂的适用，仅限在事先进行了作为肥胖症治疗基本的饮食疗法・运动疗法仍未获得充分效果，且判断为适合药物治疗的患者。肥胖相关健康障碍应参考临床试验中纳入的患者背景进行判断。,通常，成人作为替尔泊肽从每周1次2.5mg开始，每隔4周增加2.5mg，每周1次皮下注射10mg。此外，根据患者状态适当增减，可减量至每周1次5mg，或每隔4周以上每次增加2.5mg，增至每周1次15mg。(与用法及用量相关的注意)本剂剂量调节时，应留意下列点。・ 因出现胃肠障碍等导致耐受性不足的患者，考虑减量或推迟渐增。・ 根据患者体重减少程度及对本剂的耐受性，也可考虑以每周1次5mg持续治疗。本剂为每周1次给药的药剂，应在同一星期几给药。忘记给药时，若距离下次给药时间在3天（72小时）以上，应在察觉时立即给药，之后按预定的星期几给药；若不足3天（72小时），则不给药，在下一次预定的星期几给药。另外，若需更改每周1次给药的星期几，应与上次给药间隔至少3天（72小时）以上。,呕吐、腹痛、便秘、恶心、腹泻、消化不良、食欲减退、注射部位反应、红斑、瘙痒感、疼痛,对本剂成分有过敏史的患者糖尿病性酮症酸中毒、糖尿病性昏迷或前昏迷、1型糖尿病患者［因必须通过胰岛素制剂进行迅速治疗，故不应给予本剂。］有2型糖尿病的患者发生重症感染症、手术等紧急情况［因希望通过胰岛素制剂进行血糖管理，故不适合使用本剂。］,具有减退食欲、提高满腹感，从而减轻体重的功效。这是用于肥胖症的药物。,2套×1盒,注射剂,有效成分1套中替尔泊肽 7.5mg添加物（同上 2.5mg 的添加物）
Zepbound皮下注 10mg Ateos,替尔泊肽,肥胖症：仅限患有高血压、脂质异常症或2型糖尿病中任一者，且进行了饮食疗法・运动疗法仍未获得充分效果，并符合下列情况者（BMI 27kg/㎡以上且有2个以上肥胖相关健康障碍，或BMI 35kg/㎡以上）。(与功效或效果相关的注意)本剂的适用，仅限在事先进行了作为肥胖症治疗基本的饮食疗法・运动疗法仍未获得充分效果，且判断为适合药物治疗的患者。肥胖相关健康障碍应参考临床试验中纳入的患者背景进行判断。,通常，成人作为替尔泊肽从每周1次2.5mg开始，每隔4周增加2.5mg，每周1次皮下注射10mg。此外，根据患者状态适当增减，可减量至每周1次5mg，或每隔4周以上每次增加2.5mg，增至每周1次15mg。(与用法及用量相关的注意)本剂剂量调节时，应留意下列点。・ 因出现胃肠障碍等导致耐受性不足的患者，考虑减量或推迟渐增。・ 根据患者体重减少程度及对本剂的耐受性，也可考虑以每周1次5mg持续治疗。本剂为每周1次给药的药剂，应在同一星期几给药。忘记给药时，若距离下次给药时间在3天（72小时）以上，应在察觉时立即给药，之后按预定的星期几给药；若不足3天（72小时），则不给药，在下一次预定的星期几给药。另外，若需更改每周1次给药的星期几，应与上次给药间隔至少3天（72小时）以上。,呕吐、腹痛、便秘、恶心、腹泻、消化不良、食欲减退、注射部位反应、红斑、瘙痒感、疼痛,对本剂成分有过敏史的患者糖尿病性酮症酸中毒、糖尿病性昏迷或前昏迷、1型糖尿病患者［因必须通过胰岛素制剂进行迅速治疗，故不应给予本剂。］有2型糖尿病的患者发生重症感染症、手术等紧急情况［因希望通过胰岛素制剂进行血糖管理，故不适合使用本剂。］,具有减退食欲、提高满腹感，从而减轻体重的功效。这是用于肥胖症的药物。,2套×1盒,注射剂,有效成分1套中替尔泊肽 10mg添加物（同上 2.5mg 的添加物）
Zepbound皮下注 12.5mg Ateos,替尔泊肽,肥胖症：仅限患有高血压、脂质异常症或2型糖尿病中任一者，且进行了饮食疗法・运动疗法仍未获得充分效果，并符合下列情况者（BMI 27kg/㎡以上且有2个以上肥胖相关健康障碍，或BMI 35kg/㎡以上）。(与功效或效果相关的注意)本剂的适用，仅限在事先进行了作为肥胖症治疗基本的饮食疗法・运动疗法仍未获得充分效果，且判断为适合药物治疗的患者。肥胖相关健康障碍应参考临床试验中纳入的患者背景进行判断。,通常，成人作为替尔泊肽从每周1次2.5mg开始，每隔4周增加2.5mg，每周1次皮下注射10mg。此外，根据患者状态适当增减，可减量至每周1次5mg，或每隔4周以上每次增加2.5mg，增至每周1次15mg。(与用法及用量相关的注意)本剂剂量调节时，应留意下列点。・ 因出现胃肠障碍等导致耐受性不足的患者，考虑减量或推迟渐增。・ 根据患者体重减少程度及对本剂的耐受性，也可考虑以每周1次5mg持续治疗。本剂为每周1次给药的药剂，应在同一星期几给药。忘记给药时，若距离下次给药时间在3天（72小时）以上，应在察觉时立即给药，之后按预定的星期几给药；若不足3天（72小时），则不给药，在下一次预定的星期几给药。另外，若需更改每周1次给药的星期几，应与上次给药间隔至少3天（72小时）以上。,呕吐、腹痛、便秘、恶心、腹泻、消化不良、食欲减退、注射部位反应、红斑、瘙痒感、疼痛,对本剂成分有过敏史的患者糖尿病性酮症酸中毒、糖尿病性昏迷或前昏迷、1型糖尿病患者［因必须通过胰岛素制剂进行迅速治疗，故不应给予本剂。］有2型糖尿病的患者发生重症感染症、手术等紧急情况［因希望通过胰岛素制剂进行血糖管理，故不适合使用本剂。］,具有减退食欲、提高满腹感，从而减轻体重的功效。这是用于肥胖症的药物。,2套×1盒,注射剂,有效成分1套中替尔泊肽 12.5mg添加物（同上 2.5mg 的添加物）
Zepbound皮下注 15mg Ateos,替尔泊肽,肥胖症：仅限患有高血压、脂质异常症或2型糖尿病中任一者，且进行了饮食疗法・运动疗法仍未获得充分效果，并符合下列情况者（BMI 27kg/㎡以上且有2个以上肥胖相关健康障碍，或BMI 35kg/㎡以上）。(与功效或效果相关的注意)本剂的适用，仅限在事先进行了作为肥胖症治疗基本的饮食疗法・运动疗法仍未获得充分效果，且判断为适合药物治疗的患者。肥胖相关健康障碍应参考临床试验中纳入的患者背景进行判断。,通常，成人作为替尔泊肽从每周1次2.5mg开始，每隔4周增加2.5mg，每周1次皮下注射10mg。此外，根据患者状态适当增减，可减量至每周1次5mg，或每隔4周以上每次增加2.5mg，增至每周1次15mg。(与用法及用量相关的注意)本剂剂量调节时，应留意下列点。・ 因出现胃肠障碍等导致耐受性不足的患者，考虑减量或推迟渐增。・ 根据患者体重减少程度及对本剂的耐受性，也可考虑以每周1次5mg持续治疗。本剂为每周1次给药的药剂，应在同一星期几给药。忘记给药时，若距离下次给药时间在3天（72小时）以上，应在察觉时立即给药，之后按预定的星期几给药；若不足3天（72小时），则不给药，在下一次预定的星期几给药。另外，若需更改每周1次给药的星期几，应与上次给药间隔至少3天（72小时）以上。,呕吐、腹痛、便秘、恶心、腹泻、消化不良、食欲减退、注射部位反应、红斑、瘙痒感、疼痛,对本剂成分有过敏史的患者糖尿病性酮症酸中毒、糖尿病性昏迷或前昏迷、1型糖尿病患者［因必须通过胰岛素制剂进行迅速治疗，故不应给予本剂。］有2型糖尿病的患者发生重症感染症、手术等紧急情况［因希望通过胰岛素制剂进行血糖管理，故不适合使用本剂。］,具有减退食欲、提高满腹感，从而减轻体重的功效。这是用于肥胖症的药物。,2套×1盒,注射剂,有效成分1套中替尔泊肽 15mg添加物（同上 2.5mg 的添加物）
