医薬品名,一般名,効能効果,用法用量,副作用・注意事項,警告・禁忌,医薬品の説明,内容量,剤形,成分一覧
チョコラＡ錠１万単位,ビタミンA錠,"○ビタミンA欠乏症の治療
（夜盲症、結膜乾燥症、角膜乾燥症、角膜軟化症）

 ○ 下記疾患のうち、ビタミンAの欠乏または代謝障害が関与
すると推定される場合
角化性皮膚疾患","治療の目的には、ビタミンAとして通常成人1日10,000～
100,000ビタミンA単位を経口投与する。なお、年齢、症状に
より適宜増減する。
なお、ビタミンAとして通常成人1日3,000～100,000ビタミン
A単位である",大泉門膨隆、神経過敏、頭痛、ビタミンA過剰症状、食欲不振、嘔吐、肝腫大、脱毛、皮膚そう痒感、過敏症、発疹,"レチノイド製剤（エトレチナート、トレチノイン、タ
ミバロテン、ベキサロテン）を投与中の患者
妊娠3ヵ月以内又は妊娠を希望する女性へのビタミン
A5,000IU／日以上の投与（ビタミンA欠乏症の女性は除
く）","ビタミンA不足による角化性皮膚疾患を治療するお薬です。
ビタミンAの不足により起こる夜盲症、目の乾燥や皮膚の乾燥などの症状を改善するお薬です。
皮膚や粘膜を保護し、正常に働かせるために大切なビタミンA製剤です。",10錠×10シート（100錠）,錠剤,"有効成分
ビタミンA油10mg
［ビタミンAとして
10,000ビタミンA単位］

添加物
アラビアゴム末、アルファー化デ
ンプン、カカオ末、カルナウバロ
ウ、小麦粉、三二酸化鉄、ジブチ
ルヒドロキシトルエン、ステアリ
ン酸、精製白糖、赤色3号、ゼラ
チン、タルク、沈降炭酸カルシウ
ム、トウモロコシデンプン、乳糖
水和物、白色セラック、バレイショ
デンプン、ビタチョコレート、ヒ
ドロキシプロピルセルロース、ブ
チルヒドロキシアニソール、薬用
炭"
フォシーガ錠１０ｍｇ,"ダパグリフロジン
プロピレングリコール
水和物錠","2型糖尿病
1型糖尿病
慢性心不全
ただし、慢性心不全の標準的な治療を受けている患者に限る。
慢性腎臓病
ただし、末期腎不全又は透析施行中の患者を除く。","〈2型糖尿病〉
通常、成人にはダパグリフロジンとして5mgを1日1回経口投与す
る。なお、効果不十分な場合には、経過を十分に観察しながら10mg1
日1回に増量することができる。
〈1型糖尿病〉
インスリン製剤との併用において、通常、成人にはダパグリフロジン
として5mgを1日1回経口投与する。なお、効果不十分な場合には、経
過を十分に観察しながら10mg1日1回に増量することができる。
〈慢性心不全、慢性腎臓病〉
通常、成人にはダパグリフロジンとして10mgを1日1回経口投与す
る。",性器感染、腟カンジダ症、尿路感染、膀胱炎、体液量減少、ケトーシス、食欲減退、多飲症、便秘、下痢、腹痛,"
本剤の成分に対し過敏症の既往歴のある患者
重症ケトーシス、糖尿病性昏睡又は前昏睡の患者［輸液、イン
スリンによる速やかな高血糖の是正が必須となるので本剤の
投与は適さない。］

重症感染症、手術前後、重篤な外傷のある患者［糖尿病を有す
る患者ではインスリン注射による血糖管理が望まれるので本
剤の投与は適さない。","息切れ、むくみなどの心不全の症状をやわらげるお薬です。
糖尿病を治療するお薬です。
過剰な糖を尿と一緒に排泄させて血糖値を下げる働きがあります。
心臓の負担を少なくする働きがあります。
腎臓の負担を少なくする働きがあります。
慢性腎臓病を治療するお薬です。",10錠×10シート（100錠）,錠剤,"有効成分
ダパグリフロジン5mg

添加物
結晶セルロース、無水乳糖、クロスポビドン、二酸化ケイ素、ステ
アリン酸マグネシウム、ポリビニルアルコール（部分けん化物）、
酸化チタン、マクロゴール4000、タルク、黄色三二酸化鉄"
"クラシエ加味帰脾湯
エキス細粒 3.75Ｇ",加味帰脾湯エキス細粒,"虚弱体質で血色の悪い人の次の諸症：
貧血、不眠症、精神不安、神経症","通常、成人1日7.5gを2～3回に分割し、食前又は食間に経口投与する
なお、年齢、体重、症状により適宜増減する","腹痛、下痢、過敏症、発疹、蕁麻疹、食欲不振、
胃部不快感、悪心",特になし,不眠、精神不安などの各種症状を改善する漢方薬です。,3.75Ｇ×28包（105Ｇ）,細粒,"有効成分
本品1日量（7.5g）中
日局ニンジン3.0g
日局ビャクジュツ3.0g
日局ブクリョウ3.0g
日局オウギ2.0g
日局トウキ2.0g
日局オンジ1.5g
日局サイコ3.0g
日局サンシシ2.0g
日局カンゾウ1.0g
日局モッコウ1.0g
日局タイソウ1.5g
日局ショウキョウ0.5g
日局サンソウニン3.0g
日局リュウガンニク3.0g
上記の混合生薬より抽出した日局加味帰脾湯エキス5,600mgを含有する。

添加物
日局ステアリン酸マグネシウム、日局結晶セル
ロース、日局軽質無水ケイ酸、日局乳糖水和
物、含水二酸化ケイ素"
"クラシエ加味逍遙散料
エキス細粒 ３Ｇ",加味逍遙散料エキス細粒,"体質虚弱な婦人で、肩がこり、疲れやすく、精神不安などの
精神神経症状、ときに便秘の傾向のある次の諸症：
冷え症、虚弱体質、月経不順、月経困難、更年期障害、血の道症。","通常、成人1日6.0gを2～3回に分割し、食前又は食間に経口投与する。

なお、年齢、体重、症状により適宜増減する。"," 偽アルドステロン症、ミオパチー、肝機能障害、
黄疸腸間膜静脈硬化症",特になし,肩こり、疲労感、精神不安、便秘などをやわらげ、月経不順や更年期障害などの各種症状を改善する漢方薬です。,3Ｇ×28包（84Ｇ）,細粒,"有効成分
本品1日量（6.0g）中
日局トウキ3.0g
日局シャクヤク3.0g
日局ビャクジュツ3.0g
日局ブクリョウ3.0g
日局サイコ3.0g
日局ボタンピ2.0g
日局サンシシ2.0g
日局カンゾウ1.5g
日局ショウキョウ0.5g
日局ハッカ1.0g
上記の混合生薬より抽出した日局加味逍遙散エ
キス4,100mgを含有する。

添加物
日局ステアリン酸マグネシウム、日局結晶セル
ロース、日局乳糖水和物、含水二酸化ケイ素"
ディビゲル1mg,エストラジオールゲル,"更年期障害及び卵巣欠落症状に伴う血管運動神経症状(Hot flush及び発汗)。
生殖補助医療における調節卵巣刺激の開始時期の調整。
凍結融解胚移植におけるホルモン補充周期。","〈更年期障害及び卵巣欠落症状に伴う血管運動神経症状（Hot flush及び発汗）〉通常、成人に対しディビゲル1mg（エストラジオールとして1mg含有）1包（1.0g）を1日1回左右いずれかの大腿部もしくは下腹部に、約400c㎡の範囲に塗布する
〈生殖補助医療における調節卵巣刺激の開始時期の調整〉通常、ディビゲル1mg（エストラジオールとして1mg含有）1包（1.0g）を1日1回、21～28日間、左右いずれかの大腿部もしくは下腹部に、約400c㎡の範囲に塗布し、投与期間の後半に黄体ホルモン剤を併用する
〈凍結融解胚移植におけるホルモン補充周期〉通常、ディビゲル1mg（エストラジオールとして1mg含有）2～4包（2.0～4.0g）を1日2回左右いずれかの大腿部もしくは下腹部に、1包あたり約400c㎡の範囲に塗布し、子宮内膜の十分な肥厚が得られた時点で、黄体ホルモン剤の併用を開始して、妊娠8週まで本剤の投与を継続する","紅斑、皮膚そう痒感、子宮出血、帯下、
乳房緊満感、皮膚熱感、皮膚炎、皮膚色素沈着、
塗布部位反応、湿疹、発疹","エストロゲン依存性悪性腫瘍（例えば乳癌、子宮内膜癌）
及びその疑いのある患者［腫瘍の悪化あるいは顕性化を
促すことがある］
乳癌の既往歴のある患者［乳癌再発リスク増加の報告が
ある
未治療の子宮内膜増殖症のある患者［子宮内膜増殖症は
細胞異型を伴う場合がある。］
血栓性静脈炎や肺塞栓症のある患者、又はその既往歴の
ある患者［卵胞ホルモン剤は凝固因子を増加させ、血栓
形成傾向を促進するとの報告がある。］
動脈性の血栓塞栓疾患（例えば、冠動脈性心疾患、脳卒
中）又はその既往歴のある患者
本剤の成分に対し過敏症の既往歴のある患者
授乳婦
重篤な肝障害のある患者
診断の確定していない異常性器出血のある患者［出血が
子宮内膜癌による場合は、癌の悪化あるいは顕性化を促
すことがある。］
 ポルフィリン症で急性発作の既往歴のある患者［発作を
誘発する可能性があるとの報告がある。］
〈更年期障害及び卵巣欠落症状に伴う血管運動神経症状
（Hot flush及び発汗）、生殖補助医療における調節卵巣刺激
の開始時期の調整〉
妊婦又は妊娠している可能性のある女性","不妊症を治療するお薬です。
女性（卵胞）ホルモン剤です。不足している女性ホルモンを補充し、ホルモンバランスを整える働きがあります。
女性（卵胞）ホルモンを補い体の調子を整えるお薬です。
更年期障害および卵巣摘出などによるほてりや発汗を治療するお薬です。
女性（卵胞）ホルモン剤です。月経周期を調整することにより、調節卵巣刺激の開始時期を調整する働きがあります。
凍結融解胚移植におけるホルモン補充周期において、妊娠を成立させたり維持するのによい子宮内膜の状態を作る働きがあります。",140包,包,"有効成分
1包（1.0g）中
エストラジオール1mg

添加物
エタノール、プロピレングリコール、カルボ
キシビニルポリマー、トリエタノールアミン"
メノエイドコンビパッチ,"エストラジオール
酢酸ノルエチステロン","更年期障害及び卵巣欠落症状に伴う血管運動神経系症状(Hot flush及び発汗)。
(効能又は効果に関連する注意)
本剤は、子宮のない患者には使用しないこと。",通常、成人に対し、メノエイドコンビパッチ1枚を3～4日ごとに1回(週2回)下腹部に貼付する。,皮膚そう痒、発赤、皮膚炎、帯下、乳房緊満感、乳房痛、下腹部痛、紅斑、皮膚色素沈着、皮膚水疱、発疹," エストロゲン依存性悪性腫瘍（例えば、乳癌、子宮内膜癌）
及びその疑いのある患者［腫瘍の悪化あるいは顕性化を
促すことがある。］
未治療の子宮内膜増殖症のある患者［子宮内膜増殖症は
細胞異型を伴う場合がある。］
乳癌の既往歴のある患者［乳癌が再発することがある。］
血栓性静脈炎や肺塞栓症のある患者又はその既往歴のあ
る患者［エストロゲンは凝固因子を増加させ、血栓形成傾
向を促進するとの報告がある。］
動脈性の血栓塞栓疾患（例えば、冠動脈性心疾患、脳卒中）
又はその既往歴のある患者
本剤の成分に対し過敏症の既往歴のある患者
妊婦又は妊娠している可能性のある女性及び授乳婦
重篤な肝障害のある患者
診断の確定していない異常性器出血のある患者［出血が
子宮内膜癌による場合は、癌の悪化あるいは顕性化を促
すことがある。］
ポルフィリン症の患者［症状が増悪することがある。］","女性（黄体・卵胞）ホルモン剤です。不足している女性ホルモンを補充し、ホルモンバランスを整える働きがあります。
更年期障害および卵巣摘出などによるほてりや発汗を治療するお薬です。",24枚,包,"有効成分
1枚（9cm2）中
エストラジオール　　 0.62mg
酢酸ノルエチステロン 2.70mg

添加物
アクリル酸2-エチルヘキシル・アクリル
酸2-ヒドロキシエチル・酢酸ビニル・メ
タクリル酸グリシジル共重合体、オレイ
ン酸、ジプロピレングリコール、シリコ
ン樹脂、ポビドン"
エストリール腟錠０．５ｍｇ,エストリオール,腟炎(老人腟炎、小児腟炎及び非特異性腟炎)、子宮頸管炎並びに子宮腟部びらん。,エストリオールとして、通常成人1日1回0.5～1.0mgを腟内に挿入する。なお、年齢、症状により適宜増減する。,過敏症、乳房痛、乳房緊満感,"エストロゲン依存性悪性腫瘍（例えば、乳癌、子宮内膜
癌）及びその疑いのある患者［腫瘍の悪化あるいは顕性化を
促すことがある。］
本剤の成分に対し過敏症の既往歴のある患者
妊婦又は妊娠している可能性のある女性［","子宮頚部または膣部に働いて、局所の炎症をおさえる働きがあります。
膣部の炎症をおさえ、不快な症状を改善する膣剤です。",10錠×10シート（100錠）,錠剤,"有効成分
エストリオール0.5mg

添加剤
酒石酸、炭酸水素ナトリウム、バレイショデンプン、ステアリン酸マグネシウム、乳糖水和物"
"向 フルニトラゼパム
1㎎「アメル」",フルニトラゼパム,"不眠症。

麻酔前投薬。","通常成人1回、フルニトラゼパムとして、0.5～2mgを就寝前又は手術前に経口投与する。

なお、年齢・症状により適宜増減するが、高齢者には1回1mgまでとする。","ふらつき、眠気、頭痛、めまい、
頭がボーッとする、運動失調、頭重、口渇、
倦怠感、尿失禁、失調性歩行","急性閉塞隅角緑内障の患者
［抗コリン作用により眼圧が上昇し、症状を悪化させるこ
とがある。］
重症筋無力症の患者
［重症筋無力症の症状を悪化させるおそれがある。］","不安や緊張をやわらげ、寝つきをよくし、睡眠を持続させる働きがあります。
寝つきが悪い、熟睡できないなどの不眠症状を改善するお薬です。",10錠×10シート（100錠）,錠剤,"有効成分
フルニトラゼパム1㎎

添加物
乳糖水和物、結晶セルロ
ース、低置換度ヒドロキ
シプロピルセルロース、
青色1号、含水二酸化ケ
イ素、タルク、ステアリ
ン酸マグネシウム、ヒプ
ロメロース、マクロゴー
ル6000、酸化チタン、カ
ルナウバロウ"
"向 ゾルピデム酒石酸塩錠
5mg「JG」",ゾルピデム,不眠症（統合失調症及び躁うつ病に伴う不眠症は除く）,"通常、成人にはゾルピデム酒石酸塩として1回5～10mgを就寝直前に経口投与する
なお、高齢者には1回5mgから投与を開始する
年齢、症状、疾患により適宜増減するが、1日10mgを超えないこととする","ふらつき、眠気、頭痛、残眠感、頭重感、
めまい、不安、悪夢、気分高揚、白血球増多、白血球減少","重篤な肝障害のある患者
重症筋無力症の患者［筋弛緩作用により症状を悪化させる
おそれがある。］
急性閉塞隅角緑内障の患者［眼圧が上昇し、症状を悪化さ
せるおそれがある。］
 本剤により睡眠随伴症状（夢遊症状等）として異常行動を
発現したことがある患者［重篤な自傷・他傷行為、事故等に
至る睡眠随伴症状を発現するおそれがある。］","寝つきが悪い、熟睡できないなどの不眠症状を改善するお薬です。
不安や緊張をやわらげ、寝つきをよくする働きがあります。",10錠×10シート（100錠）,錠剤,"有効成分
ゾルピデム5㎎

添加物
乳糖水和物、結晶セルロース、デンプ
ングリコール酸ナトリウム、ステアリ
ン酸マグネシウム、ヒプロメロース、
マクロゴール6000、酸化チタン、三二
酸化鉄、黄色三二酸化鉄、カルナウバ
ロウ"
"アルプラゾラム錠
0.4mg「サワイ」",アルプラゾラム,"心身症(胃潰瘍・十二指腸潰瘍、過敏性腸症候群、
自律神経失調症)における身体症候並びに不安・緊張・抑うつ・睡眠障害。","通常、成人にはアルプラゾラムとして1日1.2mgを3回に分けて経口投与する。なお、年齢、症状により適宜増減する。増量する場合には、最高用量を1日2.4mgとして漸次増量し、3～4回に分けて経口投与する。

高齢者では、1回0.4mgの1日1～2回投与から開始し、増量する場合でも1日1.2mgを超えないものとする。

","眠気、めまい、ふらつき、頭痛、眼症状、
霧視、複視、構音障害、焦躁感、神経過敏、動悸","急性閉塞隅角緑内障の患者［抗コリン作用により眼圧が上
昇し、症状を悪化させることがある。］
重症筋無力症の患者［筋弛緩作用により症状が悪化するお
それがある。］","穏やかに脳に働いて、興奮をしずめ、緊張や不安などを取り除く働きがあります。
不安や緊張をやわらげるお薬です。",10錠×10シート（100錠）,錠剤,"有効成分
アルプラゾラム0.4㎎

添加物
ステアリン酸Mg、トウモロコシデンプン、乳糖、ヒドロキシプロピルセルロース"
ベオーバ錠５０ｍｇ,ビベグロン,過活動膀胱における尿意切迫感、頻尿及び切迫性尿失禁。,通常、成人にはビベグロンとして50mgを1日1回食後に経口投与する。,"口内乾燥、便秘、尿路感染、膀胱炎、
残尿量増加、羞明、AST上昇、ALT上昇、頭痛、めまい、不眠症、尿閉塞",本剤の成分に対し過敏症の既往歴のある患者,"尿の回数が増えたり、尿意を強く感じたり、無意識に尿が出たりする症状を改善するお薬です。
膀胱の筋肉をやわらげて、膀胱に尿をためやすくする働きがあります。",10錠×10シート（100錠）,錠剤,"有効成分
ビベグロン50㎎

添加物
D-マンニトール、結晶セルロース、クロスカル
メロースナトリウム、ヒドロキシプロピルセル
ロース、ステアリン酸マグネシウム、乳糖水和
物、ヒプロメロース、酸化チタン、トリアセチ
ン、黄色三二酸化鉄、青色2号アルミニウム
レーキ、カルナウバロウ"
"クエン酸第一鉄Na錠
50mg「NIG」","クエン酸第一鉄ナトリウ
ム鉄",鉄欠乏性貧血。,"通常成人は、鉄として1日100～200mg(2～4錠)を1～2回に分けて食後経口投与する。

なお、年齢、症状により適宜増減する。","悪心、嘔吐、上腹部不快感、胃痛、腹痛、
下痢、食欲不振、便秘、胸やけ、発疹、AST上昇","鉄欠乏状態にない患者
［過量投与にならないよう注意する。過剰症を起こすおそれが
ある。］","体内で不足した鉄分を補い、骨髄での造血力を高める働きがあります。
鉄分の不足が原因となる貧血の症状を改善するお薬です。",10錠×10シート（100錠）,錠剤,"有効成分
クエン酸第一鉄ナトリウム50㎎

添加物
D-マンニトール、結晶セルロース、クロスカル
メロースナトリウム、ヒドロキシプロピルセル
ロース、ステアリン酸マグネシウム、乳糖水和
物、ヒプロメロース、酸化チタン、トリアセチ
ン、黄色三二酸化鉄、青色2号アルミニウム
レーキ、カルナウバロウ"
"プソフェキ配合錠
「サワイ」","フェキソフェナジン塩酸塩　
塩酸プソイドエフェドリン　",アレルギー性鼻炎。,"通常、成人及び12歳以上の小児には1回2錠(フェキソフェナジン塩酸塩として
60mg及び塩酸プソイドエフェドリンとして120mg)を1日2回、朝及び夕の空腹時に経口投与する。","発疹、頭痛、疲労、口渇、浮腫、過敏症、
しびれ感、眠気、倦怠感、めまい、不眠","本剤の成分及び塩酸プソイドエフェドリンと化学構造が類似する化合物(エフェドリン塩酸塩又はメチルエフェドリン塩酸塩を含有する製剤)に対し過敏症の既往歴のある患者。
重症高血圧の患者[症状が悪化するおそれがある]。
重症冠動脈疾患の患者[症状が悪化するおそれがある]。
閉塞隅角緑内障の患者[症状が悪化するおそれがある]。
尿閉のある患者[症状が悪化するおそれがある]。
交感神経刺激薬による不眠、めまい、脱力、振戦、不整脈等の既往歴のある患者[塩酸プソイドエフェドリンの交感神経刺激作用が強くあらわれるおそれがある]","くしゃみ、鼻水、鼻づまりなどの症状を改善するお薬です。
アレルギー症状を引き起こす物質（ヒスタミンなど）の働きをおさえるとともに、鼻の血管を収縮させて粘膜の充血や炎症をおさえる働きがあります。",10錠×10シート（100錠）,錠剤,"有効成分
フェキソフェナジン塩酸塩　30mg
塩酸プソイドエフェドリン　60mg

添加物
カルナウバロウ、クロスカルメロースNa、軽質無水ケイ
酸、結晶セルロース、硬化油、酸化チタン、三二酸化鉄、ス
テアリン酸、ステアリン酸Mg、タルク、ヒドロキシプロピ
ルセルロース、部分アルファー化デンプン、ポリビニルアル
コール（部分けん化物）、マクロゴール4000"
"ドネペジル塩酸塩錠
３ｍｇ「サワイ」",ドネペジル塩酸塩,"アルツハイマー型認知症における認知症症状及びレビー小体型
認知症における認知症症状の進行抑制。","〈アルツハイマー型認知症における認知症症状の進行抑制〉通常、成人にはドネペジル塩酸塩として1日1回3mgから開始し、1～2週間後に5mgに増量し、経口投与する
高度のアルツハイマー型認知症患者には、5mgで4週間以上経過後、10mgに増量する
なお、症状により適宜減量する
〈レビー小体型認知症における認知症症状の進行抑制〉通常、成人にはドネペジル塩酸塩として1日1回3mgから開始し、1～2週間後に5mgに増量し、経口投与する
5mgで4週間以上経過後、10mgに増量する
なお、症状により5mgまで減量できる
レビー小体型認知症における認知症症状の進行抑制の場合、投与開始12週間後までを目安に、認知機能検査、患者及び家族・介護者から自他覚症状の聴取等による有効性評価を行い、認知機能、精神症状・行動障害、日常生活動作等を総合的に評価してベネフィットがリスクを上回ると判断できない場合は、投与を中止すること（投与開始12週間後までの有効性評価の結果に基づき投与継続を判断した場合であっても、定期的に有効性評価を行い、投与継続の可否を判断すること）","過敏症、発疹、そう痒感、食欲不振、嘔気、
嘔吐、下痢、腹痛、便秘、流涎、興奮",本剤の成分又はピペリジン誘導体に対し過敏症の既往歴のある患者。,"脳内の神経伝達物質（アセチルコリン）を分解する酵素の働きをおさえます。
物忘れがはげしくなる、同じことを繰返す、判断ができにくくなるなどの症状が進むのをおさえるお薬です。",14錠×1シート（14錠）,錠剤,"有効成分
ドネペジル塩酸塩錠
3mg「サワイ」

添加物
結晶セルロース、酸化チタン、ステアリン酸Mg、タルク、
トウモロコシデンプン、乳糖、ヒドロキシプロピルセルロー
ス、ヒプロメロース、マクロゴール6000"
"ドネペジル塩酸塩錠
5ｍｇ「サワイ」",ドネペジル塩酸塩,"アルツハイマー型認知症における認知症症状及びレビー小体型
認知症における認知症症状の進行抑制。","〈アルツハイマー型認知症における認知症症状の進行抑制〉通常、成人にはドネペジル塩酸塩として1日1回3mgから開始し、1～2週間後に5mgに増量し、経口投与する
高度のアルツハイマー型認知症患者には、5mgで4週間以上経過後、10mgに増量する
なお、症状により適宜減量する
〈レビー小体型認知症における認知症症状の進行抑制〉通常、成人にはドネペジル塩酸塩として1日1回3mgから開始し、1～2週間後に5mgに増量し、経口投与する
5mgで4週間以上経過後、10mgに増量する
なお、症状により5mgまで減量できる
レビー小体型認知症における認知症症状の進行抑制の場合、投与開始12週間後までを目安に、認知機能検査、患者及び家族・介護者から自他覚症状の聴取等による有効性評価を行い、認知機能、精神症状・行動障害、日常生活動作等を総合的に評価してベネフィットがリスクを上回ると判断できない場合は、投与を中止すること（投与開始12週間後までの有効性評価の結果に基づき投与継続を判断した場合であっても、定期的に有効性評価を行い、投与継続の可否を判断すること）","過敏症、発疹、そう痒感、食欲不振、嘔気、
嘔吐、下痢、腹痛、便秘、流涎、興奮",本剤の成分又はピペリジン誘導体に対し過敏症の既往歴のある患者。,"脳内の神経伝達物質（アセチルコリン）を分解する酵素の働きをおさえます。
物忘れがはげしくなる、同じことを繰返す、判断ができにくくなるなどの症状が進むのをおさえるお薬です。",14錠×4シート（56錠）,錠剤,"有効成分
ドネペジル塩酸塩錠
5mg「サワイ」

添加物
結晶セルロース、酸化チタン、ステアリン酸Mg、タルク、
トウモロコシデンプン、乳糖、ヒドロキシプロピルセルロー
ス、ヒプロメロース、マクロゴール6000"
"フィナステリド錠
１ｍｇ「サワイ」",フィナステリド,男性における男性型脱毛症の進行遅延。,"男性成人には、通常、フィナステリドとして0.2mgを1日1回経口投与する。
なお、必要に応じて適宜増量できるが、1日1mgを上限とする。","肝機能障害、リビドー減退、勃起機能不全、射精障害、
精液量減少、過敏症、そう痒症、じん麻疹、発疹、血管浮腫、口唇腫脹、舌腫脹","本剤の成分に対し過敏症の既往歴のある患者。
妊婦又は妊娠している可能性のある女性及び授乳中の女性","ホルモンのバランスを整え、髪の毛が薄くなるのをおさえる働きがあります。
男性型脱毛症で髪の毛が薄くなるのをおさえるお薬です。",14錠×2シート（28錠）,錠剤,"有効成分
フィナステリド錠1mg

添加物
カルナウバロウ、結晶セルロース、酸化チタン、三二酸化
鉄、ジオクチルソジウムスルホサクシネート、ステアリン酸
Mg、タルク、デンプングリコール酸Na、乳糖、ヒドロキシ
プロピルセルロース、ヒプロメロース、部分アルファー化デ
ンプン"
"ファモチジンＤ錠
１０ｍｇ「サワイ」",ファモチジン," 胃潰瘍、十二指腸潰瘍、吻合部潰瘍、上部消化管出血(消化性潰瘍、急性ストレス潰瘍、出血性胃炎による)、逆流性食道炎、Zollinger－Ellison症候群。
**次記疾患の胃粘膜病変(胃粘膜びらん、胃粘膜出血、胃粘膜発赤、胃粘膜浮腫)の改善**：急性胃炎、慢性胃炎の急性増悪期。","〈胃潰瘍、十二指腸潰瘍、吻合部潰瘍、上部消化管出血(消化性潰瘍、急性ストレス潰瘍、出血性胃炎による)、逆流性食道炎、Zollinger－Ellison症候群〉

通常、成人にはファモチジンとして1回20mgを1日2回(朝食後、夕食後または就寝前)経口投与する。また、1回40mgを1日1回(就寝前)経口投与することもできる。

なお、年齢・症状により適宜増減する。ただし、上部消化管出血の場合には通常注射剤で治療を開始し、内服可能になった後は経口投与に切りかえる。

〈次記疾患の胃粘膜病変(びらん、出血、発赤、浮腫)の改善

急性胃炎、慢性胃炎の急性増悪期〉

通常、成人にはファモチジンとして1回10mgを1日2回(朝食後、夕食後または就寝前)経口投与する。また、1回20mgを1日1回(就寝前)経口投与することもできる。

なお、年齢・症状により適宜増減する。","白血球減少、便秘、Al－P上昇、痙攣、徐脈、
頻脈、房室ブロック、肝機能異常、可逆性の錯乱状態、うつ状態、めまい", 本剤の成分に対し過敏症の既往歴のある患者,"胃潰瘍や十二指腸潰瘍、胃炎、逆流性食道炎などを治療するお薬です。
胃酸や胃液に含まれる消化酵素の分泌をおさえる働きがあります。
胃酸や胃液に含まれる消化酵素の分泌をおさえる働きや、出血をおさえる働きがあります。
潰瘍や胃炎などによる消化管の出血を治療するお薬です。",10錠×10シート（100錠）,錠剤,"有効成分
ファモチジンD錠10mg

添加物
アスパルテーム（L-フェニルアラニン化合物）、エチルセル
ロース、エチルバニリン、還元麦芽糖水アメ、クロスポビド
ン、軽質無水ケイ酸、セタノール、タルク、トリアセチン、
バニリン、ヒドロキシプロピルセルロース、フマル酸ステア
リルNa、D-マンニトール、ラウリル硫酸Na、香料"
"ファモチジンＤ錠
２０ｍｇ「サワイ」",ファモチジン," 胃潰瘍、十二指腸潰瘍、吻合部潰瘍、上部消化管出血(消化性潰瘍、急性ストレス潰瘍、出血性胃炎による)、逆流性食道炎、Zollinger－Ellison症候群。
**次記疾患の胃粘膜病変(胃粘膜びらん、胃粘膜出血、胃粘膜発赤、胃粘膜浮腫)の改善**：急性胃炎、慢性胃炎の急性増悪期。","〈胃潰瘍、十二指腸潰瘍、吻合部潰瘍、上部消化管出血(消化性潰瘍、急性ストレス潰瘍、出血性胃炎による)、逆流性食道炎、Zollinger－Ellison症候群〉

通常、成人にはファモチジンとして1回20mgを1日2回(朝食後、夕食後または就寝前)経口投与する。また、1回40mgを1日1回(就寝前)経口投与することもできる。

なお、年齢・症状により適宜増減する。ただし、上部消化管出血の場合には通常注射剤で治療を開始し、内服可能になった後は経口投与に切りかえる。

〈次記疾患の胃粘膜病変(びらん、出血、発赤、浮腫)の改善

急性胃炎、慢性胃炎の急性増悪期〉

通常、成人にはファモチジンとして1回10mgを1日2回(朝食後、夕食後または就寝前)経口投与する。また、1回20mgを1日1回(就寝前)経口投与することもできる。

なお、年齢・症状により適宜増減する。","白血球減少、便秘、Al－P上昇、痙攣、徐脈、
頻脈、房室ブロック、肝機能異常、可逆性の錯乱状態、うつ状態、めまい", 本剤の成分に対し過敏症の既往歴のある患者,"胃潰瘍や十二指腸潰瘍、胃炎、逆流性食道炎などを治療するお薬です。
胃酸や胃液に含まれる消化酵素の分泌をおさえる働きがあります。
胃酸や胃液に含まれる消化酵素の分泌をおさえる働きや、出血をおさえる働きがあります。
潰瘍や胃炎などによる消化管の出血を治療するお薬です。",10錠×10シート（100錠）,錠剤,"有効成分
ファモチジンD錠20mg

添加物
アスパルテーム（L-フェニルアラニン化合物）、エチルセル
ロース、エチルバニリン、還元麦芽糖水アメ、クロスポビド
ン、軽質無水ケイ酸、セタノール、タルク、トリアセチン、
バニリン、ヒドロキシプロピルセルロース、フマル酸ステア
リルNa、D-マンニトール、ラウリル硫酸Na、香料"
"ボグリボース錠
０．３ｍｇ「サワイ」",ボグリボース,"糖尿病の食後過血糖の改善(ただし、食事療法・運動療法を
行っている患者で十分な効果が得られない場合、又は食事療法・運動療法に加えて経口血糖降下剤若しくはインスリン製剤を使用している患者で十分な効果が得られない場合に限る)。",通常、成人にはボグリボースとして1回0.2mgを1日3回毎食直前に経口投与する。なお、効果不十分な場合には、経過を十分に観察しながら1回量を0.3mgまで増量することができる。,"腹部膨満、放屁、下痢、腹痛、便秘、軟便、
腹鳴、食欲不振、悪心、胸やけ、口渇","重症ケトーシス、糖尿病性昏睡又は前昏睡の患者［輸液及
びインスリンによる速やかな高血糖の是正が必須となるの
で本剤の投与は適さない。］ 重症感染症、手術前後、重篤な外傷のある患者［インスリン
注射による血糖管理が望まれるので本剤の投与は適さない。］
 本剤の成分に対する過敏症の既往歴のある患者","糖尿病を治療するお薬です。
腸でのブドウ糖の吸収を遅らせ、食後の血糖値をコントロールする働きがあります。",10錠×10シート（100錠）,錠剤,"有効成分
ボグリボース錠0.3mg

添加物
ステアリン酸Mg、トウモロコシデンプン、乳糖、ヒドロキシプロピルセルロース"
"ロキソニンテープ
１００ｍｇ",ロキソプロフェン,"次記疾患並びに症状の消炎・鎮痛：変形性関節症、筋肉痛、
外傷後の腫脹・外傷後の疼痛。",1日1回、患部に貼付する。,"皮膚そう痒、紅斑、接触性皮膚炎、皮疹、
胃不快感、上腹部痛、下痢、軟便、AST上昇、ALT上昇、γ－GTP上昇"," 本剤の成分に対し過敏症の既往歴のある患者
 アスピリン喘息（非ステロイド性消炎鎮痛剤等による喘
息発作の誘発）又はその既往歴のある患者
［喘息発作を誘発することがある。]","痛みや炎症の原因となる物質（プロスタグランジン）が作られるのをおさえる働きがあります。
関節痛、筋肉痛などを治療するお薬です。",7枚×10袋（70枚）,貼付,"有効成分
1枚（膏体質量2g）中
ロキソプロフェンナトリ
ウム水和物（日局）
113.4mg
（無水物として100mg）

添加物
スチレン・イソプレン・
スチレンブロック共重合
体、ポリイソブチレン、
水素添加ロジングリセリ
ンエステル、ジブチルヒ
ドロキシトルエン、l-メン
トール、流動パラフィン、
その他2成分"
"イナビル吸入粉末剤
２０ｍｇ"," 
ラニナミビルオクタン酸
エステル水和物
","A型インフルエンザウイルス感染症又はB型インフルエンザ
ウイルス感染症の治療及びその予防。"," 成人：ラニナミビルオクタン酸エステルとして40mgを単回吸入投与する。 
小児：
    ①. **10歳以上**：ラニナミビルオクタン酸エステルとして40mgを単回吸入投与する。

    ②. **10歳未満**：ラニナミビルオクタン酸エステルとして20mgを単回吸入投与する。

    〈予防〉
成人：ラニナミビルオクタン酸エステルとして40mgを単回吸入投与する。また、20mgを1日1回、2日間吸入投与することもできる。
小児
    ①. **10歳以上**：ラニナミビルオクタン酸エステルとして40mgを単回吸入投与する。また、20mgを1日1回、2日間吸入投与することもできる。

    ②. **10歳未満**：ラニナミビルオクタン酸エステルとして20mgを単回吸入投与する。","下痢、胃腸炎、悪心、嘔吐、腹痛、口内炎、
腹部膨満、食欲減退、腹部不快感、めまい、頭痛",本剤の成分に対し過敏症の既往歴のある患者,"インフルエンザウイルスの増殖をおさえる働きがあります。
インフルエンザの治療や予防をするお薬です。",2キット,吸入,"有効成分
 1容器中
ラニナミビルオクタン酸
エステル水和物
20.76mg
（ラニナミビルオクタン酸
エステルとして20mg）

添加物
乳糖水和物"
ゾフルーザ錠２０ｍｇ,バロキサビルマルボキシル,A型インフルエンザウイルス感染症又はB型インフルエンザウイルス感染症の治療及びその予防。,"通常、次の用量を単回経口投与する
1）． 治療①． 成人及び12歳以上の小児（体重80kg以上）：20mg錠4錠（バロキサビル マルボキシルとして80mg）
②． 成人及び12歳以上の小児（体重80kg未満）：20mg錠2錠（バロキサビル マルボキシルとして40mg）
③． 12歳未満の小児（体重40kg以上）：20mg錠2錠（バロキサビル マルボキシルとして40mg）
④． 12歳未満の小児（体重20kg以上40kg未満）：20mg錠1錠（バロキサビル マルボキシルとして20mg）
2）． 予防①． 成人及び12歳以上の小児（体重80kg以上）：20mg錠4錠（バロキサビル マルボキシルとして80mg）
②． 成人及び12歳以上の小児（体重80kg未満）：20mg錠2錠（バロキサビル マルボキシルとして40mg）
③． 12歳未満の小児（体重40kg以上）：20mg錠2錠（バロキサビル マルボキシルとして40mg）
④． 12歳未満の小児（体重20kg以上40kg未満）：20mg錠1錠（バロキサビル マルボキシルとして20mg）",ショック、アナフィラキシー、異常行動、虚血性大腸炎、腹痛、下痢、血便、出血、鼻出血、血尿、発疹、蕁麻疹、頭痛、悪心、嘔吐、ALT増加、AST増加、過敏症、そう痒、血管性浮腫,"本剤の投与にあたっては、本剤の必要性を慎重に検討する
こと。
〈治療〉
抗ウイルス薬の投与がA型又はB型インフルエンザウイル
ス感染症の全ての患者に対しては必須ではないことに加え、
低年齢になるほど低感受性株の出現頻度が高くなる傾向が示
されており、本剤の投与が拡大した場合に、低感受性株が地
域社会に伝播拡大する可能性が否定できないことを踏まえ、
体重20kg未満の小児に対しては、他の抗インフルエンザウイ
ルス薬の使用を考慮した上で、本剤の投与の必要性を特に慎
重に検討すること。

〈予防〉
インフルエンザウイルス感染症の予防の基本はワクチンに
よる予防であり、本剤の予防使用はワクチンによる予防に置
き換わるものではない
本剤の成分に対し過敏症の既往歴のある患者","インフルエンザウイルスの増殖をおさえる働きがあります。
インフルエンザの治療や予防をするお薬です。",10錠×1シート（10錠）,錠剤,"有効成分
 1錠中
バロキサビルマルボキシル20mg

添加物
乳糖水和物、クロス
カルメロースナトリ
ウム、ポビドン、結
晶セルロース、フマ
ル酸ステアリルナト
リウム、ヒプロメ
ロース、酸化チタ
ン、タルク"
"オセルタミビル錠
75mg「トーワ」",オセルタミビルリン酸塩,A型インフルエンザウイルス感染症又はB型インフルエンザウイルス感染症及びA型インフルエンザウイルス感染症又はB型インフルエンザウイルス感染症の予防。,"〈治療〉
通常、成人及び体重37.5kg以上の小児にはオセルタミビルとして1回75mgを1日2回、5日間経口投与する。

〈予防〉
成人
通常、オセルタミビルとして1回75mgを1日1回、7～10日間経口投与する。
体重37.5kg以上の小児
通常、オセルタミビルとして1回75mgを1日1回、10日間経口投与する。",下痢、発疹、腹痛、悪心、嘔吐、めまい、頭痛、不眠症、ALT増加、蛋白尿、好酸球数増加,"本剤の使用にあたっては、本剤の必要性を慎重に検討するこ
と。インフルエンザウイルス感染症の予防の基本はワクチンによ
る予防であり、本剤の予防使用はワクチンによる予防に置き換
わるものではない。

本剤の成分に対し過敏症の既往歴のある者","インフルエンザウイルスの増殖をおさえる働きがあります。
インフルエンザの治療や予防をするお薬です。","10カプセル×1シート
（10カプセル）",カプセル,"有効成分
オセルタミビルリン酸塩98.5mg
（オセルタミビルとして75mg）

添加物
D-マンニトール、ヒドロキシプロピルセルロース、フマル酸ステアリルナトリウム、ヒプロメロース、酸化チタン、タルク"
ミネブロ錠２．５ｍｇ,エサキセレノン,高血圧症。,"通常、成人にはエサキセレノンとして2.5mgを1日1回経口投与する
なお、効果不十分な場合は、5mgまで増量することができる","高カリウム血症、貧血、血小板数減少、白血球数減少、
血清カリウム値上昇、血中尿酸増加、高尿酸血症、痛風、めまい、頭痛、肝機能異常、γ－GTP上昇","本剤の成分に対し過敏症の既往歴のある患者
高カリウム血症の患者もしくは本剤投与開始時に血
清カリウム値が5.0mEq/Lを超えている患者［高カリ
ウム血症を増悪させるおそれがある。］
重度の腎機能障害（eGFR 30mL/min/1.73m2未満）
のある患者
カリウム保持性利尿剤（スピロノラクトン、トリアム
テレン、カンレノ酸カリウム）、アルドステロン拮抗
剤（エプレレノン）又はカリウム製剤（塩化カリウム、
グルコン酸カリウム、アスパラギン酸カリウム、ヨ
ウ化カリウム（放射性ヨウ素による甲状腺の内部被曝
の予防・低減に使用する場合を除く。）、酢酸カリウ
ム）を投与中の患者","血圧を下げるお薬です。
血圧を上げる物質（アルドステロン）の働きをおさえます。",10錠×10シート（100錠）,錠剤,"有効成分
エサキセレノン
2.5mg

添加物
乳糖水和物、低置換度ヒドロキシプ
ロピルセルロース、ヒドロキシプロ
ピルセルロース、ステアリン酸マグ
ネシウム、黄色三二酸化鉄"
ミネブロ錠５ｍｇ,エサキセレノン,高血圧症。,"通常、成人にはエサキセレノンとして2.5mgを1日1回経口投与する
なお、効果不十分な場合は、5mgまで増量することができる","高カリウム血症、貧血、血小板数減少、白血球数減少、
血清カリウム値上昇、血中尿酸増加、高尿酸血症、痛風、めまい、頭痛、肝機能異常、γ－GTP上昇","本剤の成分に対し過敏症の既往歴のある患者
高カリウム血症の患者もしくは本剤投与開始時に血
清カリウム値が5.0mEq/Lを超えている患者［高カリ
ウム血症を増悪させるおそれがある。］
重度の腎機能障害（eGFR 30mL/min/1.73m2未満）
のある患者
カリウム保持性利尿剤（スピロノラクトン、トリアム
テレン、カンレノ酸カリウム）、アルドステロン拮抗
剤（エプレレノン）又はカリウム製剤（塩化カリウム、
グルコン酸カリウム、アスパラギン酸カリウム、ヨ
ウ化カリウム（放射性ヨウ素による甲状腺の内部被曝
の予防・低減に使用する場合を除く。）、酢酸カリウ
ム）を投与中の患者","血圧を下げるお薬です。
血圧を上げる物質（アルドステロン）の働きをおさえます。",10錠×10シート（100錠）,錠剤,"有効成分
エサキセレノン
5mg

添加物
乳糖水和物、低置換度ヒドロキシプ
ロピルセルロース、ヒドロキシプロ
ピルセルロース、ステアリン酸マグ
ネシウム、三二酸化鉄"
ベルソムラ錠１０ｍｇ,スボレキサント,不眠症。,"通常、成人にはスボレキサントとして1日1回20mgを、高齢者には1日1回15mgを
就寝直前に経口投与する。","疲労、傾眠、頭痛、浮動性めまい、睡眠時麻痺、
悪夢、異常な夢、入眠時幻覚、動悸、悪心、嘔吐","　本剤の成分に対し過敏症の既往歴のある患者
イトラコナゾール、ポサコナゾール、ボリコナゾール、
クラリスロマイシン、ボノプラザン・アモキシシリン・
クラリスロマイシン、ラベプラゾール・アモキシシリ
ン・クラリスロマイシン、リトナビル、ニルマトレルビ
ル・リトナビル、エンシトレルビルを投与中の患者","寝つきが悪い、熟睡できないなどの不眠症状を改善するお薬です。
覚醒を促す物質の働きをおさえます。",10錠×10シート（100錠）,錠剤,"有効成分
ベルソムラ®錠
10mg

添加物
コポビドン、結
晶セルロース、
乳糖水和物、ク
ロスカルメロー
スナトリウム、
ステアリン酸マ
グネシウム、ヒ
プロメロース、
酸化チタン、ト
リアセチン、黄
色三二酸化鉄、
青色1号アルミニ
ウムレーキ"
ベルソムラ錠１5ｍｇ,スボレキサント,不眠症。,"通常、成人にはスボレキサントとして1日1回20mgを、高齢者には1日1回15mgを
就寝直前に経口投与する。","疲労、傾眠、頭痛、浮動性めまい、睡眠時麻痺、
悪夢、異常な夢、入眠時幻覚、動悸、悪心、嘔吐","本剤の成分に対し過敏症の既往歴のある患者
イトラコナゾール、ポサコナゾール、ボリコナゾール、
クラリスロマイシン、ボノプラザン・アモキシシリン・
クラリスロマイシン、ラベプラゾール・アモキシシリ
ン・クラリスロマイシン、リトナビル、ニルマトレルビ
ル・リトナビル、エンシトレルビルを投与中の患者","寝つきが悪い、熟睡できないなどの不眠症状を改善するお薬です。
覚醒を促す物質の働きをおさえます。",10錠×10シート（100錠）,錠剤,"有効成分
ベルソムラ®錠
15mg

添加物
コポビドン、結晶セルロース、乳
糖水和物、クロスカルメロースナ
トリウム、ステアリン酸マグネシ
ウム、ヒプロメロース、酸化チタ
ン、トリアセチン"
サンコバ点眼液０．０２％,シアノコバラミン,調節性眼精疲労における微動調節の改善。,"通常、1回1～2滴を1日3～5回点眼する
なお、症状により適宜増減する",過敏症状,特になし,"目のピント調節に関与する筋肉に働いて、調節機能の異常を改善する働きがあります。
目の疲れをとる目薬です。",10瓶（50㎖）,点眼,"有効成分
 1mL中
シアノコバラミン
0.2mg

添加物
ホウ酸、ベンザルコニウム塩化物、ホウ砂"
ヒアレイン点眼液０．１％,"精製ヒアルロン酸
ナトリウム液","次記疾患に伴う角結膜上皮障害：1)シェーグレン症候群、
スティーブンス・ジョンソン症候群、眼球乾燥症候群(ドライアイ)等の内因性疾患、2)術後、薬剤性、外傷、コンタクトレンズ装用等による外因性疾患。","1回1滴、1日5～6回点眼し、症状により適宜増減する
なお、通常は0.1%製剤を投与し、重症疾患等で効果不十分の場合には、0.3%製剤を投与する","眼そう痒感、眼刺激、眼脂、結膜充血、
眼異物感、眼瞼炎、結膜炎、びまん性表層角膜炎、角膜障害、眼痛",特になし,"角膜を保護し、目の乾燥を防ぐ働きがあります。
角膜の傷を治療する目薬です。",10瓶（50㎖）,点眼,"有効成分
1mL中
精製ヒアルロン酸ナトリウム1mg

添加物
塩化ナトリウム、プロピ
レングリコール、イプシ
ロン-アミノカプロン酸、
エデト酸ナトリウム水和
物、クロルヘキシジング
ルコン酸塩液、pH調節剤"
"ヒアルロン酸ナトリウム
ＰＦ点眼液０．１％「日点」","精製ヒアルロン酸
ナトリウム液","次記疾患に伴う角結膜上皮障害：1)シェーグレン症候群、
スティーブンス・ジョンソン症候群、眼球乾燥症候群(ドライアイ)等の内因性疾患、2)術後、薬剤性、外傷、コンタクトレンズ装用等による外因性疾患。","1回1滴、1日5～6回点眼し、症状により適宜増減する。

なお、通常は0.1%製剤を投与し、重症疾患等で効果不十分の場合には、0.3%製剤を投与する。","眼そう痒感、眼刺激、眼脂、結膜充血、
眼異物感、眼瞼炎、結膜炎、びまん性表層角膜炎等の角膜障害、眼痛。",特になし,"角膜を保護し、目の乾燥を防ぐ働きがあります。
角膜の傷を治療する目薬です。",10瓶（50㎖）,点眼,"有効成分
1mL中
精製ヒアルロン酸ナトリウム1mg

添加物
ホウ酸、ホウ砂、エデト
酸ナトリウム水和物、
pH調節剤、等張化剤"
フルメトロン点眼液０．０２％,フルオロメトロン,"外眼部の炎症性疾患(眼瞼炎、結膜炎、角膜炎、強膜炎、
上強膜炎等)。","用時よく振りまぜたのち、通常1回1～2滴、1日2～4回点眼する。

年齢、症状に応じ適宜増減する。","緑内障、眼内圧亢進、角膜ヘルペス、
角膜真菌症、緑膿菌感染症、角膜穿孔、後嚢下白内障、眼刺激、結膜充血、角膜沈着物、眼瞼炎、眼瞼皮膚炎、下垂体・副腎皮質系機能抑制、発疹、創傷治癒遅延",本剤の成分に対し過敏症の既往歴のある患者。,"細菌やウイルスの感染が原因でない目の急性炎症をおさえる働きがあります。
目の痛み、はれ、かゆみなどの症状をおさえる目薬です。",10瓶（50㎖）,点眼,"有効成分
1mL中
フルオロメトロン0.2mg

添加物
塩化ナトリウム、ベンザルコニウム塩化物、
ポリソルベート80、メチルセルロース、エデ
ト酸ナトリウム水和物、リン酸水素ナトリウ
ム水和物、リン酸二水素ナトリウム水和物"
フルメトロン点眼液０．１％,フルオロメトロン,"外眼部の炎症性疾患(眼瞼炎、結膜炎、角膜炎、強膜炎、
上強膜炎等)。","用時よく振りまぜたのち、通常1回1～2滴、1日2～4回点眼する。

年齢、症状に応じ適宜増減する。","緑内障、眼内圧亢進、角膜ヘルペス、
角膜真菌症、緑膿菌感染症、角膜穿孔、後嚢下白内障、眼刺激、結膜充血、角膜沈着物、眼瞼炎、眼瞼皮膚炎、下垂体・副腎皮質系機能抑制、発疹、創傷治癒遅延",本剤の成分に対し過敏症の既往歴のある患者。,"細菌やウイルスの感染が原因でない目の急性炎症をおさえる働きがあります。
目の痛み、はれ、かゆみなどの症状をおさえる目薬です。",10瓶（50㎖）,点眼,"有効成分
1mL中
フルオロメトロン1mg

添加物
塩化ナトリウム、ベンザルコニウム塩化物、
ポリソルベート80、メチルセルロース、エデ
ト酸ナトリウム水和物、リン酸水素ナトリウ
ム水和物、リン酸二水素ナトリウム水和物"
"ケトプロフェンテープ
４０ｍｇ「三和」",ケトプロフェン," **次記疾患並びに症状の鎮痛・消炎**：腰痛症(筋・筋膜性腰痛症、変形性脊椎症、椎間板症、腰椎捻挫)、変形性関節症、肩関節周囲炎、腱炎・腱鞘炎、腱周囲炎、上腕骨上顆炎(テニス肘等)、筋肉痛、外傷後の腫脹・外傷後の疼痛。
1.  関節リウマチにおける関節局所の鎮痛。",1日1回患部に貼付する,"光線過敏症を発現することがあるので、使用中は天候にかかわらず、戸外の活動を避けるとともに、日常の外出時も、貼付部を衣服、サポーター等で遮光すること。なお、白い生地や薄手の服は紫外線を透過させるおそれがあるので、
紫外線を透過させにくい色物の衣服などを着用すること。
また、使用後数日から数カ月を経過して発現することもあるので、使用後も当分の間、同様に注意すること。異常が認められた場合には直ちに使用を中止し、患部を遮光し、適切な処置を行うこと。

局所発疹、蕁麻疹、顔面浮腫、過敏症、
皮膚剥脱、眼瞼浮腫、消化性潰瘍、皮下出血","本剤又は本剤の成分に対して過敏症の既往歴のある患者。
アスピリン喘息(非ステロイド性消炎鎮痛剤等による喘息発作の誘発)又はその既往歴のある患者[喘息発作を誘発するおそれがある]。
チアプロフェン酸に対して過敏症、スプロフェンに対して過敏症、フェノフィブラートに対して過敏症並びにオキシベンゾンを含有する製品に対して過敏症及びオクトクリレンを含有する製品に対して過敏症(サンスクリーン、香水等)の既往歴のある患者[これらの成分に対して過敏症の既往歴のある患者では、本剤に対しても過敏症を示すおそれがある]。
光線過敏症の既往歴のある患者。
妊娠後期の女性。","痛みや炎症の原因となる物質（プロスタグランジン）が作られるのをおさえる働きがあります。
関節痛や筋肉痛などを治療したり、関節リウマチによる痛みをやわらげるお薬です。",7枚×10袋（70枚）,貼付,"有効成分
1枚（膏体1.4g）中
「日局」ケトプロフェン 40mg

添加物
流動パラフィン、l-メントール、水素添加ロジングリセリンエステ
ル、スチレン・イソプレン・スチレンブロック共重合体、ポリイソブ
チレン、ミリスチン酸イソプロピル、BHT、その他2成分"
シナール配合錠,"アスコルビン酸・
パントテン酸カルシウム","本剤に含まれるビタミン類の需要が増大し、食事からの摂取が不十分な際の補給(消耗性疾患、妊産婦、授乳婦など)、炎症後の色素沈着。

効果がないのに月余にわたって漫然と使用すべきでない。","通常、成人には1回1～3錠を1日1～3回経口投与する。

なお、年齢、症状により適宜増減する。",胃不快感、悪心・嘔吐、下痢等。,特になし,"ビタミンCやパントテン酸が含まれるビタミン剤です。本剤に含まれるビタミン群を補給します。
ビタミンCなどの補給や、しみやそばかすなどを改善するお薬です。",10錠×10シート（100錠）,錠剤,"有効成分
1錠中
アスコルビン酸200mg
パントテン酸カルシウム 3mg

添加物
トウモロコシデンプン、白糖、
カルメロースカルシウム、ヒ
ドロキシプロピルセルロース、
ステアリン酸マグネシウム、
リボフラビン、黄色5号、黄
色三二酸化鉄"
メトグルコ錠２５０ｍｇ,メトホルミン塩酸塩錠,"2型糖尿病
      食事療法・運動療法のみで十分な効果が得られない場合の2型糖尿病。
     食事療法・運動療法に加えてスルホニルウレア剤を使用し十分な効果が得られない場合の2型糖尿病。
　 多嚢胞性卵巣症候群における排卵誘発(ただし、肥満、耐糖能異常、又はインスリン抵抗性のいずれかを呈する患者に限る)、多嚢胞性卵巣症候群の生殖補助医療における調節卵巣刺激(ただし、肥満、耐糖能異常、又はインスリン抵抗性のいずれかを呈する患者に限る)。","〈2型糖尿病〉

通常、成人にはメトホルミン塩酸塩として1日500mgより開始し、1日2～3回に分割して食直前又は食後に経口投与する。維持量は効果を観察しながら決めるが、通常1日750～1500mgとする。なお、患者の状態により適宜増減するが、1日最高投与量は2250mgまでとする。

通常、10歳以上の小児にはメトホルミン塩酸塩として1日500mgより開始し、1日2～3回に分割して食直前又は食後に経口投与する。維持量は効果を観察しながら決めるが、通常1日500～1500mgとする。なお、患者の状態により適宜増減するが、1日最高投与量は2000mgまでとする。

〈多嚢胞性卵巣症候群における排卵誘発〉

他の排卵誘発薬との併用で、通常、メトホルミン塩酸塩として500mgの1日1回経口投与より開始する。患者の忍容性を確認しながら増量し、1日投与量として1500mgを超えない範囲で、1日2～3回に分割して経口投与する。なお、本剤は排卵までに中止する。

〈多嚢胞性卵巣症候群の生殖補助医療における調節卵巣刺激〉

他の卵巣刺激薬との併用で、通常、メトホルミン塩酸塩として500mgの1日1回経口投与より開始する。患者の忍容性を確認しながら増量し、1日投与量として1500mgを超えない範囲で、1日2～3回に分割して経口投与する。なお、本剤は採卵までに中止する。","低血糖、低血糖症状、脱力感、高度空腹感、
発汗、乳酸アシドーシス、血中乳酸値上昇、乳酸/ピルビン酸比上昇、血液pH低下、胃腸症状、倦怠感、筋肉痛、過呼吸、肝機能障害、黄疸、著しいAST上昇、著しいALT上昇、著しいALP上昇、著しいγ－GTP上昇、著しいビリルビン上昇、横紋筋融解症、CK上昇、血中ミオグロビン上昇、尿中ミオグロビン上昇、下痢、悪心、食欲不振、腹痛、嘔吐、乳酸上昇、空腹感、消化不良、腹部膨満感、便秘、胃炎","重篤な乳酸アシドーシスを起こすことがあり、死亡に至っ
た例も報告されている。乳酸アシドーシスを起こしやすい
患者には投与しないこと。
1腎機能障害又は肝機能障害のある患者、高齢者に投与す
る場合には、定期的に腎機能や肝機能を確認するなど慎重
に投与すること。特に75歳以上の高齢者では、本剤投与の
適否を慎重に判断すること。

・乳酸アシドーシスの既往のある患者
 ・ 重度の腎機能障害（eGFR 30mL/min/1.73m2未満）のある
患者又は透析患者（腹膜透析を含む）
 ・重度の肝機能障害のある患者
 ・ 心血管系、肺機能に高度の障害（ショック、心不全、心筋
梗塞、肺塞栓等）のある患者及びその他の低酸素血症を
伴いやすい状態にある患者［嫌気的解糖の亢進により乳
酸産生が増加する。］
 ・ 脱水症の患者又は脱水状態が懸念される患者（下痢、嘔
吐等の胃腸障害のある患者、経口摂取が困難な患者等）
 ・過度のアルコール摂取者［10.1参照］
重症ケトーシス、糖尿病性昏睡又は前昏睡、1型糖尿病
の患者［輸液、インスリンによる速やかな高血糖の是正が
必須である。］
重症感染症、手術前後、重篤な外傷のある患者［インス
リン注射による血糖管理が望まれるので本剤の投与は適
さない。また、乳酸アシドーシスを起こしやすい。］
栄養不良状態、飢餓状態、衰弱状態、脳下垂体機能不
全又は副腎機能不全の患者［低血糖を起こすおそれがあ
る。］
婦又は妊娠している可能性のある女性
本剤の成分又はビグアナイド系薬剤に対し過敏症の既
往歴のある患者","糖尿病を治療するお薬です。
筋肉や脂肪での糖の消費を促したり、新しく糖が生成されるのをおさえて血糖値を下げる働きがあります。
不妊症を治療するお薬です。
多嚢胞性卵巣症候群（PCOS）における排卵障害を改善する働きがあります。",10錠×10シート（100錠）,錠剤,"有効成分
1錠中日局メトホルミン塩酸塩250mg

添加物
ポビドン、ステアリン酸マ
グネシウム、ヒプロメロー
ス、マクロゴール400、マ
クロゴール6000、タルク"
メトグルコ錠50０ｍｇ,メトホルミン塩酸塩錠,"2型糖尿病
      食事療法・運動療法のみで十分な効果が得られない場合の2型糖尿病。
     食事療法・運動療法に加えてスルホニルウレア剤を使用し十分な効果が得られない場合の2型糖尿病。
　 多嚢胞性卵巣症候群における排卵誘発(ただし、肥満、耐糖能異常、又はインスリン抵抗性のいずれかを呈する患者に限る)、多嚢胞性卵巣症候群の生殖補助医療における調節卵巣刺激(ただし、肥満、耐糖能異常、又はインスリン抵抗性のいずれかを呈する患者に限る)。","〈2型糖尿病〉

通常、成人にはメトホルミン塩酸塩として1日500mgより開始し、1日2～3回に分割して食直前又は食後に経口投与する。維持量は効果を観察しながら決めるが、通常1日750～1500mgとする。なお、患者の状態により適宜増減するが、1日最高投与量は2250mgまでとする。

通常、10歳以上の小児にはメトホルミン塩酸塩として1日500mgより開始し、1日2～3回に分割して食直前又は食後に経口投与する。維持量は効果を観察しながら決めるが、通常1日500～1500mgとする。なお、患者の状態により適宜増減するが、1日最高投与量は2000mgまでとする。

〈多嚢胞性卵巣症候群における排卵誘発〉

他の排卵誘発薬との併用で、通常、メトホルミン塩酸塩として500mgの1日1回経口投与より開始する。患者の忍容性を確認しながら増量し、1日投与量として1500mgを超えない範囲で、1日2～3回に分割して経口投与する。なお、本剤は排卵までに中止する。

〈多嚢胞性卵巣症候群の生殖補助医療における調節卵巣刺激〉

他の卵巣刺激薬との併用で、通常、メトホルミン塩酸塩として500mgの1日1回経口投与より開始する。患者の忍容性を確認しながら増量し、1日投与量として1500mgを超えない範囲で、1日2～3回に分割して経口投与する。なお、本剤は採卵までに中止する。","低血糖、低血糖症状、脱力感、高度空腹感、
発汗、乳酸アシドーシス、血中乳酸値上昇、乳酸/ピルビン酸比上昇、血液pH低下、胃腸症状、倦怠感、筋肉痛、過呼吸、肝機能障害、黄疸、著しいAST上昇、著しいALT上昇、著しいALP上昇、著しいγ－GTP上昇、著しいビリルビン上昇、横紋筋融解症、CK上昇、血中ミオグロビン上昇、尿中ミオグロビン上昇、下痢、悪心、食欲不振、腹痛、嘔吐、乳酸上昇、空腹感、消化不良、腹部膨満感、便秘、胃炎","重篤な乳酸アシドーシスを起こすことがあり、死亡に至っ
た例も報告されている。乳酸アシドーシスを起こしやすい
患者には投与しないこと。
1腎機能障害又は肝機能障害のある患者、高齢者に投与す
る場合には、定期的に腎機能や肝機能を確認するなど慎重
に投与すること。特に75歳以上の高齢者では、本剤投与の
適否を慎重に判断すること。

・乳酸アシドーシスの既往のある患者
 ・ 重度の腎機能障害（eGFR 30mL/min/1.73m2未満）のある
患者又は透析患者（腹膜透析を含む）
 ・重度の肝機能障害のある患者
 ・ 心血管系、肺機能に高度の障害（ショック、心不全、心筋
梗塞、肺塞栓等）のある患者及びその他の低酸素血症を
伴いやすい状態にある患者［嫌気的解糖の亢進により乳
酸産生が増加する。］
 ・ 脱水症の患者又は脱水状態が懸念される患者（下痢、嘔
吐等の胃腸障害のある患者、経口摂取が困難な患者等）
 ・過度のアルコール摂取者［10.1参照］
重症ケトーシス、糖尿病性昏睡又は前昏睡、1型糖尿病
の患者［輸液、インスリンによる速やかな高血糖の是正が
必須である。］
重症感染症、手術前後、重篤な外傷のある患者［インス
リン注射による血糖管理が望まれるので本剤の投与は適
さない。また、乳酸アシドーシスを起こしやすい。］
栄養不良状態、飢餓状態、衰弱状態、脳下垂体機能不
全又は副腎機能不全の患者［低血糖を起こすおそれがあ
る。］
婦又は妊娠している可能性のある女性
本剤の成分又はビグアナイド系薬剤に対し過敏症の既
往歴のある患者","糖尿病を治療するお薬です。
筋肉や脂肪での糖の消費を促したり、新しく糖が生成されるのをおさえて血糖値を下げる働きがあります。
不妊症を治療するお薬です。
多嚢胞性卵巣症候群（PCOS）における排卵障害を改善する働きがあります。",10錠×10シート（100錠）,錠剤,"有効成分
1錠中日局メトホルミン塩酸塩500mg

添加物
ポビドン、ステアリン酸マグネシウ
ム、ヒプロメロース、マクロゴー
ル400、マクロゴール6000、タルク"
"コルヒチン錠０．５ｍｇ
「タカタ」",コルヒチン,"痛風発作の緩解及び予防。
家族性地中海熱。","〈痛風発作の緩解及び予防〉通常、成人にはコルヒチンとして1日3～4mgを6～8回に分割経口投与する
なお、年齢、症状により適宜増減する
発病予防には通常、成人にはコルヒチンとして1日0.5～1mg、発作予感時には1回0.5mgを経口投与する
〈家族性地中海熱〉通常、成人にはコルヒチンとして1日0.5mgを1回又は2回に分けて経口投与する
なお、患者の状態により適宜増減するが、1日最大投与量は1.5mgまでとする
通常、小児にはコルヒチンとして1日0.01～0.02mg/kgを1回又は2回に分けて経口投与する
なお、患者の状態により適宜増減するが、1日最大投与量は0.03mg/kgまでとし、かつ成人の1日最大投与量を超えないこととする","過敏症、全身そう痒、発疹、発熱、下痢、
悪心、嘔吐、腹痛、腹部疝痛、BUN上昇、クレアチニン上昇、再生不良性貧血、顆粒球減少、白血球減少、血小板減少、横紋筋融解症、ミオパチー、筋肉痛、脱力感、CK上昇、血中ミオグロビン上昇、尿中ミオグロビン上昇、急性腎障害、重篤な腎障害、筋力低下、末梢神経障害","本剤の成分に対し過敏症の既往歴のある患者
肝臓又は腎臓に障害のある患者で、肝代謝酵素
CYP3A4を強く阻害する薬剤又はP糖蛋白を阻害する
薬剤を服用中の患者
〈痛風発作の緩解及び予防〉
妊婦又は妊娠している可能性のある女性","炎症による痛みやはれをやわらげ、熱を下げるお薬です。
白血球が尿酸を取り込んで炎症物質を放出するのをおさえ、痛風の発作をやわらげる働きがあります。
痛風発作の治療や予防をするお薬です。
炎症による痛みやはれをやわらげ、熱を下げる働きがあります。",10錠×10シート（100錠）,錠剤,"有効成分
1錠中
日局　コルヒチン0.5mg

添加物
乳糖水和物、トウモロコシデンプ
ン、バレイショデンプン、タル
ク、ステアリン酸マグネシウム、
青色1号"
タケキャブ錠1０ｍｇ,ボノプラザンフマル酸塩,"胃潰瘍、十二指腸潰瘍、逆流性食道炎、低用量アスピリン投与時における胃潰瘍又は低用量アスピリン投与時における十二指腸潰瘍の再発抑制、非ステロイド性抗炎症薬投与時における胃潰瘍又は非ステロイド性抗炎症薬投与時における十二指腸潰瘍の再発抑制。
  **次記におけるヘリコバクター・ピロリの除菌の補助**：胃潰瘍、十二指腸潰瘍、胃MALTリンパ腫、特発性血小板減少性紫斑病、早期胃癌に対する内視鏡的治療後胃、ヘリコバクター・ピロリ感染胃炎。","〈胃潰瘍、十二指腸潰瘍〉

通常、成人にはボノプラザンとして1回20mgを1日1回経口投与する。なお、通常、胃潰瘍では8週間までの投与、十二指腸潰瘍では6週間までの投与とする。

〈逆流性食道炎〉

通常、成人にはボノプラザンとして1回20mgを1日1回経口投与する。なお、逆流性食道炎の場合、通常4週間までの投与とし、効果不十分の場合は8週間まで投与することができる。

さらに、再発・再燃を繰り返す逆流性食道炎の維持療法においては、1回10mgを1日1回経口投与するが、効果不十分の場合は、1回20mgを1日1回経口投与することができる。

〈低用量アスピリン投与時における胃潰瘍又は十二指腸潰瘍の再発抑制〉

通常、成人にはボノプラザンとして1回10mgを1日1回経口投与する。

〈非ステロイド性抗炎症薬投与時における胃潰瘍又は十二指腸潰瘍の再発抑制〉

通常、成人にはボノプラザンとして1回10mgを1日1回経口投与する。

〈ヘリコバクター・ピロリの除菌の補助〉

ヘリコバクター・ピロリの除菌の補助の場合、通常、成人にはボノプラザンとして1回20mg、アモキシシリン水和物として1回750mg(力価)及びクラリスロマイシンとして1回200mg(力価)の3剤を同時に1日2回、7日間経口投与する。なお、クラリスロマイシンは、必要に応じて適宜増量することができる。ただし、1回400mg(力価)1日2回を上限とする。

プロトンポンプインヒビター、アモキシシリン水和物及びクラリスロマイシンの3剤投与によるヘリコバクター・ピロリの除菌治療が不成功の場合は、これに代わる治療として、通常、成人にはボノプラザンとして1回20mg、アモキシシリン水和物として1回750mg(力価)及びメトロニダゾールとして1回250mgの3剤を同時に1日2回、7日間経口投与する。","下痢、便秘、腹部膨満感、悪心、過敏症、
発疹、AST上昇、ALT上昇、AL－P上昇、LDH上昇、γ－GTP上昇","本剤の成分に対し過敏症の既往歴のある患者 
アタザナビル硫酸塩、リルピビリン塩酸塩を投与中の患者","胃酸分泌の最終過程で働く酵素の働きをおさえ、強力に胃酸の分泌をおさえます。
逆流性食道炎に伴う痛みや胸やけなどの症状をやわらげるお薬です。
胃潰瘍や十二指腸潰瘍の原因となるヘリコバクター・ピロリ菌の除菌を補助するお薬です。
胃潰瘍や十二指腸潰瘍などを治療したり、再発をおさえるお薬です。",10錠×10シート（100錠）,錠剤,"有効成分
1錠中 
ボノプラザンフマル酸塩13.36mg 
（ボノプラザンとして10mg） 

添加物
D-マンニトール、結晶セル
ロース、クロスカルメロー
スナトリウム、ヒドロキシ
プロピルセルロース、フマ
ル酸、ステアリン酸マグネ
シウム、ヒプロメロース、
マクロゴール6000、酸化チ
タン、黄色三二酸化鉄 "
タケキャブ錠2０ｍｇ,ボノプラザンフマル酸塩,"胃潰瘍、十二指腸潰瘍、逆流性食道炎、低用量アスピリン投与時における胃潰瘍又は低用量アスピリン投与時における十二指腸潰瘍の再発抑制、非ステロイド性抗炎症薬投与時における胃潰瘍又は非ステロイド性抗炎症薬投与時における十二指腸潰瘍の再発抑制。
  **次記におけるヘリコバクター・ピロリの除菌の補助**：胃潰瘍、十二指腸潰瘍、胃MALTリンパ腫、特発性血小板減少性紫斑病、早期胃癌に対する内視鏡的治療後胃、ヘリコバクター・ピロリ感染胃炎。","〈胃潰瘍、十二指腸潰瘍〉

通常、成人にはボノプラザンとして1回20mgを1日1回経口投与する。なお、通常、胃潰瘍では8週間までの投与、十二指腸潰瘍では6週間までの投与とする。

〈逆流性食道炎〉

通常、成人にはボノプラザンとして1回20mgを1日1回経口投与する。なお、逆流性食道炎の場合、通常4週間までの投与とし、効果不十分の場合は8週間まで投与することができる。

さらに、再発・再燃を繰り返す逆流性食道炎の維持療法においては、1回10mgを1日1回経口投与するが、効果不十分の場合は、1回20mgを1日1回経口投与することができる。

〈低用量アスピリン投与時における胃潰瘍又は十二指腸潰瘍の再発抑制〉

通常、成人にはボノプラザンとして1回10mgを1日1回経口投与する。

〈非ステロイド性抗炎症薬投与時における胃潰瘍又は十二指腸潰瘍の再発抑制〉

通常、成人にはボノプラザンとして1回10mgを1日1回経口投与する。

〈ヘリコバクター・ピロリの除菌の補助〉

ヘリコバクター・ピロリの除菌の補助の場合、通常、成人にはボノプラザンとして1回20mg、アモキシシリン水和物として1回750mg(力価)及びクラリスロマイシンとして1回200mg(力価)の3剤を同時に1日2回、7日間経口投与する。なお、クラリスロマイシンは、必要に応じて適宜増量することができる。ただし、1回400mg(力価)1日2回を上限とする。

プロトンポンプインヒビター、アモキシシリン水和物及びクラリスロマイシンの3剤投与によるヘリコバクター・ピロリの除菌治療が不成功の場合は、これに代わる治療として、通常、成人にはボノプラザンとして1回20mg、アモキシシリン水和物として1回750mg(力価)及びメトロニダゾールとして1回250mgの3剤を同時に1日2回、7日間経口投与する。","下痢、便秘、腹部膨満感、悪心、過敏症、
発疹、AST上昇、ALT上昇、AL－P上昇、LDH上昇、γ－GTP上昇","本剤の成分に対し過敏症の既往歴のある患者 
アタザナビル硫酸塩、リルピビリン塩酸塩を投与中の患者","胃酸分泌の最終過程で働く酵素の働きをおさえ、強力に胃酸の分泌をおさえます。
逆流性食道炎に伴う痛みや胸やけなどの症状をやわらげるお薬です。
胃潰瘍や十二指腸潰瘍の原因となるヘリコバクター・ピロリ菌の除菌を補助するお薬です。
胃潰瘍や十二指腸潰瘍などを治療したり、再発をおさえるお薬です。",10錠×10シート（100錠）,錠剤,"有効成分
1錠中 
ボノプラザンフマル酸塩 26.72mg 
（ボノプラザンとして20mg） 

添加物
D-マンニトール、結晶セル
ロース、クロスカルメロー
スナトリウム、ヒドロキシ
プロピルセルロース、フマ
ル酸、ステアリン酸マグネ
シウム、ヒプロメロース、
マクロゴール6000、酸化チ
タン、三二酸化鉄 "
ボノサップパック４００,ボノプラザンフマル酸塩・アモキシシリン水和物・クラリスロマイシン,胃潰瘍・十二指腸潰瘍・胃MALTリンパ腫・特発性血小板減少性紫斑病・早期胃癌に対する内視鏡的治療後胃におけるヘリコバクター・ピロリ感染症、ヘリコバクター・ピロリ感染胃炎。,通常、成人にはボノプラザンとして1回20mg、アモキシシリン水和物として1回750mg(力価)及びクラリスロマイシンとして1回200mg(力価)の3剤を同時に1日2回、7日間経口投与する。なお、クラリスロマイシンは、必要に応じて適宜増量することができる。ただし、1回400mg(力価)1日2回を上限とする。,下痢、浮腫、じん麻疹、口内炎、腹部不快感、腹部膨満感、便秘、食欲不振、胃部不快感、耳鳴、過敏症,"本製品に包装されている各製剤の成分に対する過敏症の既
往歴のある患者 
 アタザナビル硫酸塩、リルピビリン塩酸塩、ピモジド、エル
ゴタミン酒石酸塩・無水カフェイン・イソプロピルアンチピリ
ン、ジヒドロエルゴタミンメシル酸塩、スボレキサント、ロミ
タピドメシル酸塩、タダラフィル〔アドシルカ〕、チカグレロ
ル、イブルチニブ、イバブラジン塩酸塩、ベネトクラクス（再
発又は難治性の慢性リンパ性白血病（小リンパ球性リンパ腫を
含む）の用量漸増期）、ルラシドン塩酸塩、アナモレリン塩酸
塩、フィネレノン、イサブコナゾニウム硫酸塩を投与中の患者
 肝臓又は腎臓に障害のある患者で、コルヒチンを投与中の患
者
伝染性単核症のある患者［アモキシシリン水和物で紅斑性丘
疹の発現頻度が高いとの報告がある。］ 
2.5 高度の腎障害のある患者","胃潰瘍や十二指腸潰瘍の原因となるヘリコバクター・ピロリ菌の感染を治療するお薬です。
胃酸の分泌をおさえるお薬と2種類の抗生物質により、胃潰瘍や十二指腸潰瘍の原因となるヘリコバクター・ピロリ菌を除菌する働きがあります。",7シート,錠剤,"〈タケキャブ錠20mg〉 
有効成分 1錠中 
ボノプラザンフマル酸塩26.72mg 
（ボノプラザンとして20mg） 

添加剤 D-マンニトール、結晶セルロース、クロスカルメロー
スナトリウム、ヒドロキシプロピルセルロース、フマ
ル酸、ステアリン酸マグネシウム、ヒプロメロース、
マクロゴール6000、酸化チタン、三二酸化鉄 

〈アモキシシリンカプセル250mg〉 
有効成分 1カプセル中 
日局 アモキシシリン水和物 250mg（力価） 

添加剤 ステアリン酸マグネシウム、メチルセルロース、トウモロコシデンプン、ゼラチン、ラウリル硫酸ナトリウム 

〈クラリス錠200〉 
有効成分 1錠中 
日局 クラリスロマイシン 200mg（力価）

添加剤 デンプングリコール酸ナトリウム、トウモロコシデンプン、ヒドロキシプロピルセルロース、ステアリン酸
マグネシウム、カルナウバロウ、パラフィン、ショ糖脂肪酸エステル、ポリソルベート80、ポリビニルアルコール（部分けん化物）、ヒプロメロース、酸化チタン、軽質無水ケイ酸 "
ボノサップパック８００,ボノプラザンフマル酸塩・アモキシシリン水和物・クラリスロマイシン,胃潰瘍・十二指腸潰瘍・胃MALTリンパ腫・特発性血小板減少性紫斑病・早期胃癌に対する内視鏡的治療後胃におけるヘリコバクター・ピロリ感染症、ヘリコバクター・ピロリ感染胃炎。,通常、成人にはボノプラザンとして1回20mg、アモキシシリン水和物として1回750mg(力価)及びクラリスロマイシンとして1回200mg(力価)の3剤を同時に1日2回、7日間経口投与する。なお、クラリスロマイシンは、必要に応じて適宜増量することができる。ただし、1回400mg(力価)1日2回を上限とする,下痢、浮腫、じん麻疹、口内炎、腹部不快感、腹部膨満感、便秘、食欲不振、胃部不快感、耳鳴、過敏症,"本製品に包装されている各製剤の成分に対する過敏症の既
往歴のある患者 
 アタザナビル硫酸塩、リルピビリン塩酸塩、ピモジド、エル
ゴタミン酒石酸塩・無水カフェイン・イソプロピルアンチピリ
ン、ジヒドロエルゴタミンメシル酸塩、スボレキサント、ロミ
タピドメシル酸塩、タダラフィル〔アドシルカ〕、チカグレロ
ル、イブルチニブ、イバブラジン塩酸塩、ベネトクラクス（再
発又は難治性の慢性リンパ性白血病（小リンパ球性リンパ腫を
含む）の用量漸増期）、ルラシドン塩酸塩、アナモレリン塩酸
塩、フィネレノン、イサブコナゾニウム硫酸塩を投与中の患者
 肝臓又は腎臓に障害のある患者で、コルヒチンを投与中の患
者
伝染性単核症のある患者［アモキシシリン水和物で紅斑性丘
疹の発現頻度が高いとの報告がある。］ 
2.5 高度の腎障害のある患者","胃潰瘍や十二指腸潰瘍の原因となるヘリコバクター・ピロリ菌の感染を治療するお薬です。
胃酸の分泌をおさえるお薬と2種類の抗生物質により、胃潰瘍や十二指腸潰瘍の原因となるヘリコバクター・ピロリ菌を除菌する働きがあります。",7シート,錠剤,"〈タケキャブ錠20mg〉 
有効成分 1錠中 
ボノプラザンフマル酸塩26.72mg 
（ボノプラザンとして20mg） 

添加剤 D-マンニトール、結晶セルロース、クロスカルメロー
スナトリウム、ヒドロキシプロピルセルロース、フマ
ル酸、ステアリン酸マグネシウム、ヒプロメロース、
マクロゴール6000、酸化チタン、三二酸化鉄 

〈アモキシシリンカプセル250mg〉 
有効成分 1カプセル中 
日局 アモキシシリン水和物 250mg（力価） 

添加剤 ステアリン酸マグネシウム、メチルセルロース、トウモロコシデンプン、ゼラチン、ラウリル硫酸ナトリウム 

〈クラリス錠200〉 
有効成分 1錠中 
日局 クラリスロマイシン 200mg（力価）

添加剤 デンプングリコール酸ナトリウム、トウモロコシデンプン、ヒドロキシプロピルセルロース、ステアリン酸
マグネシウム、カルナウバロウ、パラフィン、ショ糖脂肪酸エステル、ポリソルベート80、ポリビニルアルコール（部分けん化物）、ヒプロメロース、酸化チタン、軽質無水ケイ酸 "
ボノピオンパック,"ボノプラザンフマル酸塩
アモキシシリン水和物・メトロニダゾール","胃潰瘍・十二指腸潰瘍・胃MALTリンパ腫
・特発性血小板減少性紫斑病・早期胃癌に対する内視鏡的治療後胃におけるヘリコバクター・ピロリ感染症、ヘリコバクター・ピロリ感染胃炎。","プロトンポンプインヒビター、アモキシシリン水和物及びクラリスロマイシンの3剤投与によるヘリコバクター・ピロリの除菌治療が不成功の場合

通常、成人にはボノプラザンとして1回20mg、アモキシシリン水和物として1回750mg(力価)及びメトロニダゾールとして1回250mgの3剤を同時に1日2回、7日間経口投与する。","浮腫、じん麻疹、腹部不快感、腹部膨満感、
便秘、好酸球増多、発疹、AST上昇、ALT上昇、過敏症、AL－P上昇","本製品に包装されている各製剤の成分に対する過敏症の既
往歴のある患者 
アタザナビル硫酸塩、リルピビリン塩酸塩を投与中の患者
伝染性単核症のある患者［アモキシシリン水和物で紅斑性丘
疹の発現頻度が高いとの報告がある。］ 
高度の腎障害のある患者
 脳、脊髄に器質的疾患のある患者（脳膿瘍の患者を除く）［メ
トロニダゾールで中枢神経系症状があらわれることがある。］
妊娠3ヵ月以内の女性（有益性が危険性を上回ると判断され
る疾患の場合は除く）","胃潰瘍や十二指腸潰瘍の原因となるヘリコバクター・ピロリ菌の感染を治療するお薬です。
胃酸の分泌をおさえるお薬と抗生物質と抗菌剤により、胃潰瘍や十二指腸潰瘍の原因となるヘリコバクター・ピロリ菌を除菌する働きがあります。",7シート,錠剤,"〈タケキャブ錠20mg〉 
有効成分 1錠中 
ボノプラザンフマル酸塩26.72mg 
（ボノプラザンとして20mg）
 
添加剤 
D-マンニトール、結晶セルロース、クロスカルメロー
スナトリウム、ヒドロキシプロピルセルロース、フマル酸、ステアリン酸マグネシウム、ヒプロメロース、
マクロゴール6000、酸化チタン、三二酸化鉄 

〈アモキシシリンカプセル250mg〉 
有効成分 1カプセル中 
日局アモキシシリン水和物 250mg（力価） 

添加剤 
ステアリン酸マグネシウム、メチルセルロース、トウ
モロコシデンプン、ゼラチン、ラウリル硫酸ナトリウム 

〈フラジール内服錠250mg〉 
有効成分 1錠中 
日局メトロニダゾール 250mg 

添加剤 
コムギデンプン、グリセリン、メチルセルロース、水
アメ、タルク、ステアリン酸マグネシウム、白糖、デ
ンプングリコール酸ナトリウム、アラビアゴム末、ゼ
ラチン、沈降炭酸カルシウム、安息香酸ナトリウム、
カルナウバロウ "
"ベンズブロマロン錠２５ｍｇ
「ＮＩＧ」",ベンズブロマロン,"次記の場合における高尿酸血症の改善：痛風、高尿酸血症を
伴う高血圧症。","痛風

通常成人1日1回1錠または2錠(ベンズブロマロンとして25mgまたは50mg)を経口投与し、その後維持量として1回2錠を1日1～3回(ベンズブロマロンとして50～150mg)経口投与する。

なお、年齢、症状により適宜増減する。

高尿酸血症を伴う高血圧症

通常成人1回2錠を1日1～3回(ベンズブロマロンとして50～150mg)経口投与する。

なお、年齢、症状により適宜増減する。","そう痒感、発疹、蕁麻疹、AST上昇、ALT上昇
、胃部不快感、胃腸障害、下痢、軟便、胸やけ、過敏症","劇症肝炎等の重篤な肝障害が主に投与開始6ヶ月以内に発現
し、死亡等の重篤な転帰に至る例も報告されているので、投
与開始後少なくとも6ヶ月間は必ず、定期的に肝機能検査を行
うこと。また、患者の状態を十分観察し、肝機能検査値の異
常、黄疸が認められた場合には投与を中止し、適切な処置を
行うこと。
副作用として肝障害が発生する場合があることをあらかじ
め患者に説明するとともに、食欲不振、悪心・嘔吐、全身倦
怠感、腹痛、下痢、発熱、尿濃染、眼球結膜黄染等があらわ
れた場合には、本剤の服用を中止し、直ちに受診するよう患
者に注意を行うこと。

肝障害のある患者
腎結石を伴う患者［尿中尿酸排泄量の増大により、腎結石
の症状を悪化させるおそれがある。］
高度の腎機能障害のある患者
妊婦又は妊娠している可能性のある女性
本剤の成分に対し過敏症の既往歴のある患者","腎臓で尿酸が尿中へ排泄される働きを促すことで、血液中の尿酸の量を減らし、関節などに発生する炎症と痛みをしずめる働きがあります。
痛風などの高尿酸血症を治療するお薬です。",10錠×10シート（100錠）,錠剤,"有効成分
1錠中：
ベンズブロマロン25mg

添加剤
結晶セルロース、ステアリン酸マグネシウム、トウモロコシデンプン、乳糖水和物、ヒドロキシプロピルセルロース"
"マンジャロ皮下注
２．５ｍｇアテオス",チルゼパチド,"2型糖尿病
効能又は効果に関連する注意
本剤の適用は、あらかじめ糖尿病治療の基本である食事療法、運動療法を十分に行った上で効果が不十分な場合に限り考慮すること。","通常、成人には、チルゼパチドとして週1回5mgを維持用量とし、皮下注射する。ただし、週1回2.5mgから開始し、4週間投与した後、週1回5mgに増量する。

なお、患者の状態に応じて適宜増減するが、週1回5mgで効果不十分な場合は、4週間以上の間隔で2.5mgずつ増量できる。ただし、最大用量は週1回15mgまでとする。

(用法及び用量に関連する注意)
本剤は週1回投与する薬剤であり、同一曜日に投与させること。
投与を忘れた場合は、次回投与までの期間が3日間(72時間)以上であれば気づいた時点で直ちに投与しその後はあらかじめ定めた曜日に投与、3日間(72時間)未満であれば投与せず次のあらかじめ定めた曜日に投与すること。なお、週1回投与の曜日を変更する必要がある場合は、前回投与から少なくとも3日間(72時間)以上間隔を空けること。","嘔吐、腹痛、便秘、悪心、下痢、消化不良、
食欲減退、心拍数増加、低血圧、血圧低下、胃食道逆流性疾患、低血糖、低血糖症状、脱力感、高度空腹感、冷汗、顔面蒼白、動悸、振戦、頭痛、めまい、嘔気、視覚異常、重篤な低血糖症状、意識消失、膵炎、胆嚢炎、胆汁うっ滞性黄疸、アナフィラキシー、血管性浮腫、イレウス、腸閉塞、高度便秘、腹部膨満、持続する腹痛、急性膵炎、嘔吐を伴う持続的な激しい腹痛、胆管炎","本剤の成分に対し過敏症の既往歴のある患者
糖尿病性ケトアシドーシス、糖尿病性昏睡又は前昏睡、1型
糖尿病の患者［インスリン製剤による速やかな治療が必須と
なるので、本剤を投与すべきでない。］
重症感染症、手術等の緊急の場合［インスリン製剤による
血糖管理が望まれるので、本剤の投与は適さない。","糖尿病を治療するお薬です。
血糖に応じてインスリンの分泌を促し、血糖値を改善する働きがあります。",2キット,皮下注,"有効成分
1キット中
チルゼパチド2.5mg

添加物
リン酸水素二ナトリウム七水和物
塩化ナトリウム塩酸
水酸化ナトリウム"
"マンジャロ皮下注
５ｍｇアテオス",チルゼパチド,"2型糖尿病
効能又は効果に関連する注意
本剤の適用は、あらかじめ糖尿病治療の基本である食事療法、運動療法を十分に行った上で効果が不十分な場合に限り考慮すること。","通常、成人には、チルゼパチドとして週1回5mgを維持用量とし、皮下注射する。ただし、週1回2.5mgから開始し、4週間投与した後、週1回5mgに増量する。

なお、患者の状態に応じて適宜増減するが、週1回5mgで効果不十分な場合は、4週間以上の間隔で2.5mgずつ増量できる。ただし、最大用量は週1回15mgまでとする。

(用法及び用量に関連する注意)
本剤は週1回投与する薬剤であり、同一曜日に投与させること。
投与を忘れた場合は、次回投与までの期間が3日間(72時間)以上であれば気づいた時点で直ちに投与しその後はあらかじめ定めた曜日に投与、3日間(72時間)未満であれば投与せず次のあらかじめ定めた曜日に投与すること。なお、週1回投与の曜日を変更する必要がある場合は、前回投与から少なくとも3日間(72時間)以上間隔を空けること。","嘔吐、腹痛、便秘、悪心、下痢、消化不良、
食欲減退、心拍数増加、低血圧、血圧低下、胃食道逆流性疾患、低血糖、低血糖症状、脱力感、高度空腹感、冷汗、顔面蒼白、動悸、振戦、頭痛、めまい、嘔気、視覚異常、重篤な低血糖症状、意識消失、膵炎、胆嚢炎、胆汁うっ滞性黄疸、アナフィラキシー、血管性浮腫、イレウス、腸閉塞、高度便秘、腹部膨満、持続する腹痛、急性膵炎、嘔吐を伴う持続的な激しい腹痛、胆管炎","本剤の成分に対し過敏症の既往歴のある患者
糖尿病性ケトアシドーシス、糖尿病性昏睡又は前昏睡、1型
糖尿病の患者［インスリン製剤による速やかな治療が必須と
なるので、本剤を投与すべきでない。］
重症感染症、手術等の緊急の場合［インスリン製剤による
血糖管理が望まれるので、本剤の投与は適さない。","糖尿病を治療するお薬です。
血糖に応じてインスリンの分泌を促し、血糖値を改善する働きがあります。",2キット,皮下注,"有効成分
1キット中
チルゼパチド5mg

添加物
リン酸水素二ナトリウム七水和物
塩化ナトリウム塩酸
水酸化ナトリウム"
"マンジャロ皮下注
7.5ｍｇアテオス",チルゼパチド,"2型糖尿病
効能又は効果に関連する注意
本剤の適用は、あらかじめ糖尿病治療の基本である食事療法、運動療法を十分に行った上で効果が不十分な場合に限り考慮すること。","通常、成人には、チルゼパチドとして週1回5mgを維持用量とし、皮下注射する。ただし、週1回2.5mgから開始し、4週間投与した後、週1回5mgに増量する。

なお、患者の状態に応じて適宜増減するが、週1回5mgで効果不十分な場合は、4週間以上の間隔で2.5mgずつ増量できる。ただし、最大用量は週1回15mgまでとする。

(用法及び用量に関連する注意)
本剤は週1回投与する薬剤であり、同一曜日に投与させること。
投与を忘れた場合は、次回投与までの期間が3日間(72時間)以上であれば気づいた時点で直ちに投与しその後はあらかじめ定めた曜日に投与、3日間(72時間)未満であれば投与せず次のあらかじめ定めた曜日に投与すること。なお、週1回投与の曜日を変更する必要がある場合は、前回投与から少なくとも3日間(72時間)以上間隔を空けること。","嘔吐、腹痛、便秘、悪心、下痢、消化不良、
食欲減退、心拍数増加、低血圧、血圧低下、胃食道逆流性疾患、低血糖、低血糖症状、脱力感、高度空腹感、冷汗、顔面蒼白、動悸、振戦、頭痛、めまい、嘔気、視覚異常、重篤な低血糖症状、意識消失、膵炎、胆嚢炎、胆汁うっ滞性黄疸、アナフィラキシー、血管性浮腫、イレウス、腸閉塞、高度便秘、腹部膨満、持続する腹痛、急性膵炎、嘔吐を伴う持続的な激しい腹痛、胆管炎","本剤の成分に対し過敏症の既往歴のある患者
糖尿病性ケトアシドーシス、糖尿病性昏睡又は前昏睡、1型
糖尿病の患者［インスリン製剤による速やかな治療が必須と
なるので、本剤を投与すべきでない。］
重症感染症、手術等の緊急の場合［インスリン製剤による
血糖管理が望まれるので、本剤の投与は適さない。","糖尿病を治療するお薬です。
血糖に応じてインスリンの分泌を促し、血糖値を改善する働きがあります。",2キット,皮下注,"有効成分
1キット中
チルゼパチド7.5mg

添加物
リン酸水素二ナトリウム七水和物
塩化ナトリウム塩酸
水酸化ナトリウム"
"マンジャロ皮下注
10ｍｇアテオス",チルゼパチド,"2型糖尿病
効能又は効果に関連する注意
本剤の適用は、あらかじめ糖尿病治療の基本である食事療法、運動療法を十分に行った上で効果が不十分な場合に限り考慮すること。","通常、成人には、チルゼパチドとして週1回5mgを維持用量とし、皮下注射する。ただし、週1回2.5mgから開始し、4週間投与した後、週1回5mgに増量する。

なお、患者の状態に応じて適宜増減するが、週1回5mgで効果不十分な場合は、4週間以上の間隔で2.5mgずつ増量できる。ただし、最大用量は週1回15mgまでとする。

(用法及び用量に関連する注意)
本剤は週1回投与する薬剤であり、同一曜日に投与させること。
投与を忘れた場合は、次回投与までの期間が3日間(72時間)以上であれば気づいた時点で直ちに投与しその後はあらかじめ定めた曜日に投与、3日間(72時間)未満であれば投与せず次のあらかじめ定めた曜日に投与すること。なお、週1回投与の曜日を変更する必要がある場合は、前回投与から少なくとも3日間(72時間)以上間隔を空けること。","嘔吐、腹痛、便秘、悪心、下痢、消化不良、
食欲減退、心拍数増加、低血圧、血圧低下、胃食道逆流性疾患、低血糖、低血糖症状、脱力感、高度空腹感、冷汗、顔面蒼白、動悸、振戦、頭痛、めまい、嘔気、視覚異常、重篤な低血糖症状、意識消失、膵炎、胆嚢炎、胆汁うっ滞性黄疸、アナフィラキシー、血管性浮腫、イレウス、腸閉塞、高度便秘、腹部膨満、持続する腹痛、急性膵炎、嘔吐を伴う持続的な激しい腹痛、胆管炎","本剤の成分に対し過敏症の既往歴のある患者
糖尿病性ケトアシドーシス、糖尿病性昏睡又は前昏睡、1型
糖尿病の患者［インスリン製剤による速やかな治療が必須と
なるので、本剤を投与すべきでない。］
重症感染症、手術等の緊急の場合［インスリン製剤による
血糖管理が望まれるので、本剤の投与は適さない。","糖尿病を治療するお薬です。
血糖に応じてインスリンの分泌を促し、血糖値を改善する働きがあります。",2キット,皮下注,"有効成分
1キット中
チルゼパチド10mg

添加物
リン酸水素二ナトリウム七水和物
塩化ナトリウム塩酸
水酸化ナトリウム"
"ツムラ防己黄耆湯エキス顆粒
（医療用）",防已黄耆湯エキス顆粒,"色白で筋肉軟らかく水ぶとりの体質で疲れやすく、汗が多く、
小便不利で下肢に浮腫をきたし、膝関節の腫痛するものの次の諸症：腎炎、ネフローゼ、妊娠腎、陰嚢水腫、肥満症、関節炎、癰、せつ、筋炎、浮腫、皮膚病、多汗症、月経不順。","通常、成人1日7.5gを2～3回に分割し、食前又は食間に経口投与する。
なお、年齢、体重、症状により適宜増減する。",過敏症、発疹、発赤、そう痒,特になし,"このくすりは漢方薬です。あなたの症状や体質に合わせて処方してあります。
疲労感や過剰な汗などをやわらげ、肥満症（水太り）、関節痛、むくみなどの各種症状を改善する漢方薬です。",42包,エキス顆粒,"有効成分
本品7.5g中、下記の割合の混合生薬の乾燥エキス
3.75gを含有する。
日局オウギ  5.0g
日局ボウイ  5.0g
日局ソウジュツ 3.0g
日局タイソウ 3.0g
日局カンゾウ 1.5g
日局ショウキョウ   

添加物
日局軽質無水ケイ酸、日局ステアリン酸マグネシウ
ム、日局乳糖水和物"
"ツムラ加味逍遙散エキス顆粒
（医療用）",加味逍遙散エキス顆粒,"体質虚弱な婦人で肩がこり、疲れやすく、精神不安などの
精神神経症状、ときに便秘の傾向のある次の諸症：
冷え症、虚弱体質、月経不順、月経困難、更年期障害、血の道症。","通常、成人1日7.5gを2～3回に分割し、食前又は食間に経口投与する。
なお、年齢、体重、症状により適宜増減する。","腹痛、下痢、過敏症、発疹、発赤、そう痒、
食欲不振、胃部不快感、悪心、嘔吐",特になし,"このくすりは漢方薬です。あなたの症状や体質に合わせて処方してあります。
肩こり、疲労感、精神不安、便秘などをやわらげ、月経不順や更年期障害などの各種症状を改善する漢方薬です。",42包,エキス顆粒,"有効成分
本品7.5g中、下記の割合の混合生薬の乾燥エキス
4.0gを含有する。
日局サイコ 3.0g
日局シャクヤク 3.0g
日局ソウジュツ 3.0g
日局トウキ  3.0g
日局ブクリョウ 3.0g
日局サンシシ 2.0g
日局ボタンピ 2.0g
日局カンゾウ 1.5g
日局ショウキョウ  1.0g
日局ハッカ 1.0g

添加物
日局ステアリン酸マグネシウム、日局乳糖水和物"
"ツムラ抑肝散エキス顆粒
（医療用）",抑肝散エキス顆粒,"虚弱な体質で神経がたかぶるものの次の諸症：
神経症、不眠症、小児夜なき、小児疳症。","通常、成人1日7.5gを2～3回に分割し、食前又は食間に経口投与する。
なお、年齢、体重、症状により適宜増減する。",過敏症、発疹、発赤、そう痒、食欲不振、胃部不快感、悪心、下痢、傾眠、倦怠感,特になし,"このくすりは漢方薬です。あなたの症状や体質に合わせて処方してあります。
神経の高ぶりなどをやわらげ、不安、不眠、夜なきなどの各種症状を改善する漢方薬です。",42包,エキス顆粒,"有効成分
本品7.5g中、下記の割合の混合生薬の乾燥エキス
3.25gを含有する。
日局ソウジュツ 4.0g
日局ブクリョウ 4.0g
日局センキュウ 3.0g
日局チョウトウコウ   3.0g
日局トウキ 3.0g
日局サイコ 2.0g
日局カンゾウ  1.5g

添加物
日局ステアリン酸マグネシウム、日局乳糖水和物"
"ツムラ防風通聖散エキス顆粒
（医療用）",防風通聖散エキス顆粒,"腹部に皮下脂肪が多く、便秘がちなものの次の諸症：
高血圧の随伴症状(高血圧のどうき、高血圧の肩こり、高血圧ののぼせ)、肥満症、むくみ、便秘。","通常、成人1日7.5gを2～3回に分割し、食前又は食間に経口投与する。
なお、年齢、体重、症状により適宜増減する。","腹痛、下痢、過敏症、発疹、そう痒、不眠、
発汗過多、頻脈、動悸、全身脱力感、精神興奮",特になし,"このくすりは漢方薬です。あなたの症状や体質に合わせて処方してあります。
高血圧に伴う症状（動悸、肩こり、のぼせ）、肥満症、むくみ、便秘などの各種症状を改善する漢方薬です。",42包,エキス顆粒,"有効成分
本品7.5g中、下記の割合の混合生薬の乾燥エキス
4.5gを含有する。
日局カッセキ 3.0g
日局オウゴン 2.0g
日局カンゾウ 2.0g
日局キキョウ 2.0g
日局セッコウ 2.0g
日局ビャクジュツ  2.0g
日局ダイオウ 1.5g
日局ケイガイ 1.2g
日局サンシシ 1.2g
日局シャクヤク 1.2g
日局センキュウ 1.2g
日局トウキ 1.2g
日局ハッカ 1.2g
日局ボウフウ 1.2g
日局マオウ 1.2g
日局レンギョウ 1.2g
日局無水ボウショウ   0.7g
日局ショウキョウ  0.3g

添加物
日局軽質無水ケイ酸、日局ステアリン酸マグネシウム、日局乳糖水和物"
"ツムラ大建中湯エキス顆粒
（医療用）",大建中湯エキス顆粒,腹が冷えて痛み、腹部膨満感のあるもの。,"通常、成人1日15.0gを2～3回に分割し、食前又は食間に経口投与する
なお、年齢、体重、症状により適宜増減する","過敏症、発疹、蕁麻疹、胃部不快感、悪心、
嘔吐、腹部膨満、腹痛、下痢",特になし,"このくすりは漢方薬です。あなたの症状や体質に合わせて処方してあります。
お腹の冷えや痛み、腹部膨満感などの症状を改善する漢方薬です。",84包,エキス顆粒,"有効成分本品15.0g中、下記の割合の混合生薬の乾燥エキス1.25gと日局コウイ10.0gを含有する。
日局カンキョウ   5.0g
日局ニンジン 3.0g
日局サンショウ   2.0g

添加剤
日局ステアリン酸マグネシウム、日局乳糖水和物"
"グリメピリド錠
０．５ｍｇ「トーワ」",グリメピリド,"2型糖尿病(ただし、食事療法・運動療法のみで十分な効果が
得られない場合に限る)。","通常、グリメピリドとして1日0.5～1mgより開始し、1日1～2回朝または朝夕、食前または食後に経口投与する。

維持量は通常1日1～4mgで、必要に応じて適宜増減する。なお、1日最高投与量は6mgまでとする。","低血糖、脱力感、高度空腹感、発汗、精神障害、意識障害、低血糖症状、動悸、振戦、頭痛、知覚異常、不安、興奮、神経過敏、集中力低下、痙攣、汎血球減少、無顆粒球症、溶血性貧血、血小板減少、肝機能障害、黄疸、AST上昇、ALT上昇、Al－P上昇、再生不良性貧血、貧血、白血球減少、LDH上昇、γ－GTP上昇、
BUN上昇、嘔気、嘔吐、心窩部痛、下痢、腹部膨満感、発疹","重篤かつ遷延性の低血糖を起こすことがある。用法及び用量、
使用上の注意に特に留意すること。

重症ケトーシス、糖尿病性昏睡又は前昏睡、インスリン依存
型糖尿病（若年型糖尿病、ブリットル型糖尿病等）の患者［イ
ンスリンの適用である。］
重篤な肝又は腎機能障害のある患者［低血糖を起こすおそれ
がある。］
重症感染症、手術前後、重篤な外傷のある患者［インスリン
の適用である。］
下痢、嘔吐等の胃腸障害のある患者［低血糖を起こすおそれ
がある。］
妊婦又は妊娠している可能性のある女性［9.5参照］2.5
本剤の成分又はスルホンアミド系薬剤に対し過敏症の既往歴
のある患者","糖尿病を治療するお薬です。
インスリンの分泌を促して血糖値を下げる働きがあります。",10錠×10シート（100錠）,錠剤,"有効成分
グリメピリド0.5mg

添加物
D-マンニトール、
低置換度ヒドロキ
シプロピルセル
ロース、デンプン
グリコール酸ナト
リウム、ヒドロキ
シプロピルセル
ロース、ステアリ
ン酸マグネシウム"
グリメピリド錠１ｍｇ「トーワ」,グリメピリド,"2型糖尿病(ただし、食事療法・運動療法のみで十分な効果が
得られない場合に限る)。","通常、グリメピリドとして1日0.5～1mgより開始し、1日1～2回朝または朝夕、食前または食後に経口投与する。

維持量は通常1日1～4mgで、必要に応じて適宜増減する。なお、1日最高投与量は6mgまでとする。","低血糖、脱力感、高度空腹感、発汗、精神障害、意識障害、低血糖症状、動悸、振戦、頭痛、知覚異常、不安、興奮、神経過敏、集中力低下、痙攣、汎血球減少、無顆粒球症、溶血性貧血、血小板減少、肝機能障害、黄疸、AST上昇、ALT上昇、Al－P上昇、再生不良性貧血、貧血、白血球減少、LDH上昇、γ－GTP上昇、
BUN上昇、嘔気、嘔吐、心窩部痛、下痢、腹部膨満感、発疹","重篤かつ遷延性の低血糖を起こすことがある。用法及び用量、
使用上の注意に特に留意すること。

重症ケトーシス、糖尿病性昏睡又は前昏睡、インスリン依存
型糖尿病（若年型糖尿病、ブリットル型糖尿病等）の患者［イ
ンスリンの適用である。］
重篤な肝又は腎機能障害のある患者［低血糖を起こすおそれ
がある。］
重症感染症、手術前後、重篤な外傷のある患者［インスリン
の適用である。］
下痢、嘔吐等の胃腸障害のある患者［低血糖を起こすおそれ
がある。］
妊婦又は妊娠している可能性のある女性［9.5参照］2.5
本剤の成分又はスルホンアミド系薬剤に対し過敏症の既往歴
のある患者","糖尿病を治療するお薬です。
インスリンの分泌を促して血糖値を下げる働きがあります。",10錠×10シート（100錠）,錠剤,"有効成分
グリメピリド1mg

添加物
D-マンニトール、
低置換度ヒドロキ
シプロピルセル
ロース、デンプン
グリコール酸ナト
リウム、ヒドロキ
シプロピルセル
ロース、ステアリ
ン酸マグネシウ
ム、三二酸化鉄"
"モサプリドクエン酸塩錠５ｍｇ
「トーワ」",モサプリド," 慢性胃炎に伴う消化器症状(胸やけ、悪心・嘔吐)。
経口腸管洗浄剤によるバリウム注腸X線造影検査前処置の補助。","〈慢性胃炎に伴う消化器症状(胸やけ、悪心・嘔吐)〉

通常、成人には、モサプリドクエン酸塩として1日15mgを3回に分けて食前または食後に経口投与する。

〈経口腸管洗浄剤によるバリウム注腸X線造影検査前処置の補助〉

通常、成人には、経口腸管洗浄剤の投与開始時にモサプリドクエン酸塩として20mgを経口腸管洗浄剤(約180mL)で経口投与する。また、経口腸管洗浄剤投与終了後、モサプリドクエン酸塩として20mgを少量の水で経口投与する。","AST上昇、ALT上昇、γ－GTP上昇、嘔吐、
浮腫、好酸球増多、白血球減少、下痢、軟便、口渇、味覚異常",特になし,"胃炎などによる吐き気、食欲不振などを改善するお薬です。
弱っている胃腸の運動を調節する働きがあります。
バリウム注腸X線造影検査の前処置として、腸内を洗浄し、内容物を排除するためのお薬です。",10錠×10シート（100錠）,錠剤,"有効成分
モサプリドクエン酸塩水和物5.29mg
（モサプリドクエン酸塩として5mg）

添加物
D-マンニトール、低置換度ヒドロキシプロピルセル
ロース、ヒドロキシプロピルセルロース、アスパルテー
ム（L-フェニルアラニン化合物）、香料、軽質無水ケイ
酸、ステアリン酸マグネシウム、その他3成分"
"フェキソフェナジン塩酸塩錠
６０ｍｇ「トーワ」",フェキソフェナジン," アレルギー性鼻炎。
 蕁麻疹。
皮膚疾患(湿疹・皮膚炎、皮膚そう痒症、アトピー性皮膚炎)に伴うそう痒。","通常、成人にはフェキソフェナジン塩酸塩として1回60mgを1日2回経口投与する。
通常、7歳以上12歳未満の小児にはフェキソフェナジン塩酸塩として1回30mgを1日2回、12歳以上の小児にはフェキソフェナジン塩酸塩として1回60mgを1日2回経口投与する。なお、症状により適宜増減する。","頭痛、眠気、疲労、倦怠感、めまい、不眠、
神経過敏、嘔気、嘔吐、口渇、腹痛",本剤の成分に対し過敏症の既往歴のある患者,"かゆみをおさえるお薬です。
くしゃみ、鼻水、鼻づまりなどの症状を改善するお薬です。
アレルギー症状を引き起こす物質（ヒスタミンなど）の体内での産生や放出をおさえ、また、その物質の働きをおさえます。",10錠×10シート（100錠）,錠剤,"有効成分
フェキソフェナジン塩酸塩60mg

添加物
乳糖水和物、部分アルファー化デンプン、結晶セルロー
ス、クロスカルメロースナトリウム、ステアリン酸マグ
ネシウム、ヒプロメロース、ヒドロキシプロピルセル
ロース、タルク、酸化チタン、三二酸化鉄、黄色三二酸
化鉄"
オロパタジン塩酸塩錠５ｍｇ「トーワ」,オロパタジン塩酸塩," 成人：アレルギー性鼻炎、蕁麻疹、皮膚疾患に伴うそう痒(湿疹・皮膚炎、痒疹、皮膚そう痒症、尋常性乾癬、多形滲出性紅斑)。
小児：アレルギー性鼻炎、蕁麻疹、皮膚疾患(湿疹・皮膚炎、皮膚そう痒症)に伴うそう痒。","成人：通常、成人には1回オロパタジン塩酸塩として5mgを朝及び就寝前の1日2回経口投与する。
なお、年齢、症状により適宜増減する。
小児：通常、7歳以上の小児には1回オロパタジン塩酸塩として5mgを朝及び就寝前の1日2回経口投与する。",眠気、過敏症、紅斑、発疹、倦怠感、口渇、頭痛、頭重感、めまい、腹部不快感、腹痛,本剤の成分に対し過敏症の既往歴のある患者,"かゆみをおさえるお薬です。
くしゃみ、鼻水、鼻づまりなどの症状を改善するお薬です。
アレルギー症状を引き起こす物質（ヒスタミンなど）の体内での産生や放出をおさえ、また、その物質の働きをおさえます。",10錠×10シート（100錠）,錠剤,"有効成分
オロパタジン塩酸塩5㎎

添加物
D-マンニトール、低置換度ヒドロキシプロピルセルロース、メタクリル酸コポリマーLD、ポリソルベート80、ラウリル硫酸ナトリウム、クエン酸トリエチル、アクリル酸エチル・メタクリル酸メチルコポリマー分散液、ポリオキシエチレンノニルフェニルエーテル、タルク、黄色三二酸化鉄、l-メントール、軽質無水ケイ酸、
アスパルテーム（L-フェニルアラニン化合物）、香料、ステアリン酸マグネシウム、その他5成分"
"シルデナフィルＯＤ錠５０ｍｇ
ＶＩ「トーワ」",シルデナフィル,"勃起不全
(満足な性行為を行うに十分な勃起とその維持が出来ない患者)。","通常、成人には1日1回シルデナフィルとして25mg～50mgを性行為の約1時間前に経口投与する。

高齢者(65歳以上)、肝障害のある患者及び重度の腎障害(Ccr(30mL/min)のある患者については、本剤の血漿中濃度が増加することが認められているので、25mgを開始用量とすること。

1日の投与は1回とし、投与間隔は24時間以上とすること。","血管拡張、ほてり、潮紅、胸痛、動悸、頻脈、
頭痛、めまい、傾眠、昏迷、AST増加","本剤と硝酸剤あるいは一酸化窒素（NO）供与剤（ニトログ
リセリン、亜硝酸アミル、硝酸イソソルビド、ニコランジル
等）との併用により降圧作用が増強し、過度に血圧を下降させ
ることがあるので、本剤投与の前に、硝酸剤あるいは一酸化窒
素（NO）供与剤が投与されていないことを十分確認し、本剤
投与中及び投与後においても硝酸剤あるいは一酸化窒素
（NO）供与剤が投与されないよう十分注意すること。
死亡例を含む心筋梗塞等の重篤な心血管系等の有害事象が報
告されているので、本剤投与の前に、心血管系障害の有無等を
十分確認すること。

本剤の成分に対し過敏症の既往歴のある患者
硝酸剤あるいは一酸化窒素（NO）供与剤（ニトログリセリ
ン、亜硝酸アミル、硝酸イソソルビド、ニコランジル等）を投
与中の患者
心血管系障害を有するなど性行為が不適当と考えられる患者
重度の肝機能障害のある患者
低血圧の患者（血圧＜90/50mmHg）又は治療による管理が
なされていない高血圧の患者（安静時収縮期血圧＞170mmHg
又は安静時拡張期血圧＞100mmHg）
脳梗塞・脳出血や心筋梗塞の既往歴が最近6ヵ月以内にある
患者
網膜色素変性症患者［網膜色素変性症の患者にはホスホジエ
ステラーゼの遺伝的障害を持つ症例が少数認められる。］
アミオダロン塩酸塩（経口剤）を投与中の患者
可溶性グアニル酸シクラーゼ（sGC）刺激剤（リオシグア
ト）を投与中の患者","陰茎海綿体の筋肉を弛緩させ、陰茎を勃起させる働きがあります。
勃起を助けるお薬です。勃起不全（ED）の治療に用います。",10錠×2シート（20錠）,錠剤,"有効成分
シルデナフィルクエン酸塩70.23mg
（シルデナフィルとして50mg）

添加物
D-マンニトール、酸化チタン、カルメロースカルシウム、ヒドロキシプロピルセルロース、タルク、l-メントール、軽質無水ケイ酸、ステアリン酸マグネシウ
ム、アスパルテーム（L-フェニルアラニン化合物）、香料、その他3成分"
シアリス錠20mg,タダラフィル,勃起不全(満足な性行為を行うに十分な勃起とその維持が出来ない患者)。,"通常、成人には1日1回タダラフィルとして10mgを性行為の約1時間前に経口投与する。10mgの投与で十分な効果が得られず、忍容性が良好と判断された器質性又は混合型勃起不全患者に対しては、20mgに増量することができる。軽度又は中等度の肝障害のある患者では10mgを超えないこと。なお、いずれの場合も1日の投与は1回とし、投与間隔は24時間以上とすること。

中等度又は重度の腎障害のある患者では、5mgから開始し、投与間隔は24時間以上とすること。なお、中等度の腎障害のある患者では最高用量は10mgを超えないこととし、10mgを投与する場合には投与間隔を48時間以上とすること。重度の腎障害のある患者では5mgを超えないこと。",潮紅、動悸、ほてり、血管拡張、心拍数増加、胸痛、狭心症、頻脈、高血圧、低血圧、霧視,"本剤と硝酸剤又は一酸化窒素（NO）供与剤（ニトロ
グリセリン、亜硝酸アミル、硝酸イソソルビド、ニコラ
ンジル等）との併用により降圧作用が増強し、過度に血
圧を下降させることがあるので、本剤投与の前に、硝酸
剤又は一酸化窒素（NO）供与剤が投与されていないこ
とを十分確認し、本剤投与中及び投与後においても硝酸
剤又は一酸化窒素（NO）供与剤が投与されないよう十
分注意すること。
死亡例を含む心筋梗塞等の重篤な心血管系等の有害事
象が報告されているので、本剤投与の前に、心血管系障
害の有無等を十分確認すること。

 本剤の成分に対し過敏症の既往歴のある患者
 硝酸剤又は一酸化窒素（NO）供与剤（ニトログリセ
リン、亜硝酸アミル、硝酸イソソルビド、ニコランジル
等）を投与中の患者
可溶性グアニル酸シクラーゼ（sGC）刺激剤（リオシ
グアト）を投与中の患者
心血管系障害を有するなど性行為が不適当と考えられ
る患者
不安定狭心症のある患者又は性交中に狭心症を発現し
たことのある患者
コントロール不良の不整脈、低血圧（血圧<90/50 
mmHg）又はコントロール不良の高血圧（安静時血圧
>170/100 mmHg）のある患者
心筋梗塞の既往歴が最近3ヵ月以内にある患者
脳梗塞・脳出血の既往歴が最近6ヵ月以内にある患者
重度の肝障害のある患者
 網膜色素変性症患者［網膜色素変性症の患者にはホ
スホジエステラーゼ（PDE）の遺伝的障害を持つ症例
が少数認められる。","陰茎海綿体の筋肉を弛緩させ、陰茎を勃起させる働きがあります。
勃起を助けるお薬です。勃起不全（ED）の治療に用います。",10錠×2シート（20錠）,錠剤,"有効成分
タダラフィル20㎎

添加物
乳糖水和物、結晶セルロース、クロスカルメロースナトリウム、ヒドロキシプロピルセルロース、ラウリル硫酸ナトリウム、ステアリン酸マグネシウム、ヒプロメロース、酸化チタン、黄色三二酸化鉄、トリアセチ
ン、タルク"
"オロパタジン点眼液
０．１％「トーワ」",オロパタジン塩酸塩液,アレルギー性結膜炎。,通常、1回1～2滴、1日4回(朝、昼、夕方及び就寝前)点眼する。,眼痛、角膜炎、眼そう痒症、眼刺激、眼瞼浮腫、眼異常感、眼充血、眼瞼炎、眼脂、結膜濾胞、結膜出血,本剤の成分に対して過敏症の既往歴のある患者,"はれ、かゆみ、充血などのアレルギー症状を改善する目薬です。
アレルギー症状を引き起こす物質（ヒスタミンなど）の放出をおさえる働きがあります。",10瓶（50㎖）,点眼,"有効成分
オロパタジン塩酸塩1.1mg
（オロパタジンとして1mg）

添加物
ベンザルコニウム塩化物、無水リン酸一水素ナトリウム、pH調節剤、等張化剤"
"ロスバスタチン錠
２．５ｍｇ「トーワ」",ロスバスタチン,高コレステロール血症、家族性高コレステロール血症。,"通常、成人にはロスバスタチンとして1日1回2.5mgより投与を開始するが、
早期にLDL－コレステロール値を低下させる必要がある場合には5mgより投与を開始してもよい。なお、年齢・症状により適宜増減し、投与開始後あるいは増量後、4週以降にLDL－コレステロール値の低下が不十分な場合には、漸次10mgまで増量できる。10mgを投与してもLDL－コレステロール値の低下が十分でない、家族性高コレステロール血症患者などの重症患者に限り、さらに増量できるが、1日最大20mgまでとする。","筋肉痛、CK上昇、無力症、皮膚そう痒症、
発疹、蕁麻疹、腹痛、便秘、嘔気、下痢、関節痛","本剤の成分に対し過敏症の既往歴のある患者
肝機能が低下していると考えられる以下のような患者
急性肝炎、慢性肝炎の急性増悪、肝硬変、肝癌、黄疸
妊婦又は妊娠している可能性のある女性及び授乳婦
シクロスポリンを投与中の患者","コレステロールの生合成に関与する酵素の働きをおさえ、
血液中のコレステロールの量を減らす働きがあります。
高コレステロール血症を治療するお薬です。",10錠×10シート（100錠）,錠剤,"有効成分
ロスバスタチンカルシウム2.6mg
 (ロスバスタチンとして2.5mg)

添加物
D-マンニトール、結晶セルロース、クロスポビドン、炭酸水素ナトリウム、軽質無水ケイ酸、ステアリン酸マグネシウム、ヒプロメロース、トリアセチン、酸化チタン、黄色三二酸化鉄、マクロゴール6000"
"
ロスバスタチン錠
５ｍｇ「トーワ」",ロスバスタチン,高コレステロール血症、家族性高コレステロール血症。,"通常、成人にはロスバスタチンとして1日1回2.5mgより投与を開始するが、
早期にLDL－コレステロール値を低下させる必要がある場合には5mgより投与を開始してもよい。なお、年齢・症状により適宜増減し、投与開始後あるいは増量後、4週以降にLDL－コレステロール値の低下が不十分な場合には、漸次10mgまで増量できる。10mgを投与してもLDL－コレステロール値の低下が十分でない、家族性高コレステロール血症患者などの重症患者に限り、さらに増量できるが、1日最大20mgまでとする。","筋肉痛、CK上昇、無力症、皮膚そう痒症、
発疹、蕁麻疹、腹痛、便秘、嘔気、下痢、関節痛","本剤の成分に対し過敏症の既往歴のある患者
肝機能が低下していると考えられる以下のような患者
急性肝炎、慢性肝炎の急性増悪、肝硬変、肝癌、黄疸
妊婦又は妊娠している可能性のある女性及び授乳婦
シクロスポリンを投与中の患者","コレステロールの生合成に関与する酵素の働きをおさえ、
血液中のコレステロールの量を減らす働きがあります。
高コレステロール血症を治療するお薬です。",10錠×10シート（100錠）,錠剤,"有効成分
ロスバスタチンカルシウム5.2mg
 (ロスバスタチンとして5mg)

添加物
D-マンニトール、結晶セルロース、クロスポビドン、炭酸水素ナトリウム、軽質無水ケイ酸、ステアリン酸マグネシウム、ヒプロメロース、トリアセチン、酸化チタン、黄色三二酸化鉄、マクロゴール6000"
"メトホルミン塩酸塩錠
２５０ｍｇＭＴ「トーワ」",メトホルミン塩酸塩錠," 食事療法・運動療法のみで十分な効果が得られない場合の2型糖尿病。
 食事療法・運動療法に加えてスルホニルウレア剤を使用し十分な効果が得られない場合の2型糖尿病。
多嚢胞性卵巣症候群における排卵誘発(ただし、肥満、耐糖能異常、又はインスリン抵抗性のいずれかを呈する患者に限る)、多嚢胞性卵巣症候群の生殖補助医療における調節卵巣刺激(ただし、肥満、耐糖能異常、又はインスリン抵抗性のいずれかを呈する患者に限る)","〈2型糖尿病〉

通常、成人にはメトホルミン塩酸塩として1日500mgより開始し、1日2～3回に分割して食直前又は食後に経口投与する。維持量は効果を観察しながら決めるが、通常1日750～1500mgとする。なお、患者の状態により適宜増減するが、1日最高投与量は2250mgまでとする。

通常、10歳以上の小児にはメトホルミン塩酸塩として1日500mgより開始し、1日2～3回に分割して食直前又は食後に経口投与する。維持量は効果を観察しながら決めるが、通常1日500～1500mgとする。なお、患者の状態により適宜増減するが、1日最高投与量は2000mgまでとする。

〈多嚢胞性卵巣症候群における排卵誘発〉

他の排卵誘発薬との併用で、通常、メトホルミン塩酸塩として500mgの1日1回経口投与より開始する。患者の忍容性を確認しながら増量し、1日投与量として1500mgを超えない範囲で、1日2～3回に分割して経口投与する。なお、本剤は排卵までに中止する。

〈多嚢胞性卵巣症候群の生殖補助医療における調節卵巣刺激〉

他の卵巣刺激薬との併用で、通常、メトホルミン塩酸塩として500mgの1日1回経口投与より開始する。患者の忍容性を確認しながら増量し、1日投与量として1500mgを超えない範囲で、1日2～3回に分割して経口投与する。なお、本剤は採卵までに中止する。","下痢、悪心、食欲不振、腹痛、嘔吐、乳酸上昇
、空腹感、消化不良、腹部膨満感、便秘、胃炎","重篤な乳酸アシドーシスを起こすことがあり、死亡に至った
例も報告されている。乳酸アシドーシスを起こしやすい患者に
は投与しないこと。
腎機能障害又は肝機能障害のある患者、高齢者に投与する場
合には、定期的に腎機能や肝機能を確認するなど慎重に投与す
ること。特に75歳以上の高齢者では、本剤投与の適否を慎重に
判断すること。

次に示す患者［乳酸アシドーシスを起こしやすい。］
乳酸アシドーシスの既往のある患者・
重度の腎機能障害（eGFR30mL/min/1.73m2未満）のある患者
又は透析患者（腹膜透析を含む）
重度の肝機能障害のある患者
心血管系、肺機能に高度の障害（ショック、心不全、心筋梗
塞、肺塞栓等）のある患者及びその他の低酸素血症を伴いやす
い状態にある患者［嫌気的解糖の亢進により乳酸産生が増加す
る。］
脱水症の患者又は脱水状態が懸念される患者（下痢、嘔吐等の
胃腸障害のある患者、経口摂取が困難な患者等）
過度のアルコール摂取者
重症ケトーシス、糖尿病性昏睡又は前昏睡、1型糖尿病の患者
［輸液、インスリンによる速やかな高血糖の是正が必須であ
る。］
重症感染症、手術前後、重篤な外傷のある患者［インスリン注
射による血糖管理が望まれるので本剤の投与は適さない。また、
乳酸アシドーシスを起こしやすい。］
栄養不良状態、飢餓状態、衰弱状態、脳下垂体機能不全又は副
腎機能不全の患者［低血糖を起こすおそれがある。］
妊婦又は妊娠している可能性のある女性
本剤の成分又はビグアナイド系薬剤に対し過敏症の既往歴のあ
る患者","糖尿病を治療するお薬です。
筋肉や脂肪での糖の消費を促したり、新しく糖が生成されるのをおさえて血糖値を下げる働きがあります。
不妊症を治療するお薬です。
多嚢胞性卵巣症候群（PCOS）における排卵障害を改善する働きがあります。",10錠×10シート（100錠）,錠剤,"有効成分
メトホルミン塩酸塩250mg

添加物
ヒプロメロース、軽質無水ケイ酸、ステアリン酸マグネシウム、酸化チタン、タルク、ヒドロキシプロピルセルロース
"
"メトホルミン塩酸塩錠
５0０ｍｇＭＴ「トーワ」",メトホルミン塩酸塩錠," 食事療法・運動療法のみで十分な効果が得られない場合の2型糖尿病。
 食事療法・運動療法に加えてスルホニルウレア剤を使用し十分な効果が得られない場合の2型糖尿病。
多嚢胞性卵巣症候群における排卵誘発(ただし、肥満、耐糖能異常、又はインスリン抵抗性のいずれかを呈する患者に限る)、多嚢胞性卵巣症候群の生殖補助医療における調節卵巣刺激(ただし、肥満、耐糖能異常、又はインスリン抵抗性のいずれかを呈する患者に限る)","〈2型糖尿病〉

通常、成人にはメトホルミン塩酸塩として1日500mgより開始し、1日2～3回に分割して食直前又は食後に経口投与する。維持量は効果を観察しながら決めるが、通常1日750～1500mgとする。なお、患者の状態により適宜増減するが、1日最高投与量は2250mgまでとする。

通常、10歳以上の小児にはメトホルミン塩酸塩として1日500mgより開始し、1日2～3回に分割して食直前又は食後に経口投与する。維持量は効果を観察しながら決めるが、通常1日500～1500mgとする。なお、患者の状態により適宜増減するが、1日最高投与量は2000mgまでとする。

〈多嚢胞性卵巣症候群における排卵誘発〉

他の排卵誘発薬との併用で、通常、メトホルミン塩酸塩として500mgの1日1回経口投与より開始する。患者の忍容性を確認しながら増量し、1日投与量として1500mgを超えない範囲で、1日2～3回に分割して経口投与する。なお、本剤は排卵までに中止する。

〈多嚢胞性卵巣症候群の生殖補助医療における調節卵巣刺激〉

他の卵巣刺激薬との併用で、通常、メトホルミン塩酸塩として500mgの1日1回経口投与より開始する。患者の忍容性を確認しながら増量し、1日投与量として1500mgを超えない範囲で、1日2～3回に分割して経口投与する。なお、本剤は採卵までに中止する。","下痢、悪心、食欲不振、腹痛、嘔吐、乳酸上昇
、空腹感、消化不良、腹部膨満感、便秘、胃炎","重篤な乳酸アシドーシスを起こすことがあり、死亡に至った
例も報告されている。乳酸アシドーシスを起こしやすい患者に
は投与しないこと。
腎機能障害又は肝機能障害のある患者、高齢者に投与する場
合には、定期的に腎機能や肝機能を確認するなど慎重に投与す
ること。特に75歳以上の高齢者では、本剤投与の適否を慎重に
判断すること。

次に示す患者［乳酸アシドーシスを起こしやすい。］
乳酸アシドーシスの既往のある患者・
重度の腎機能障害（eGFR30mL/min/1.73m2未満）のある患者
又は透析患者（腹膜透析を含む）
重度の肝機能障害のある患者
心血管系、肺機能に高度の障害（ショック、心不全、心筋梗
塞、肺塞栓等）のある患者及びその他の低酸素血症を伴いやす
い状態にある患者［嫌気的解糖の亢進により乳酸産生が増加す
る。］
脱水症の患者又は脱水状態が懸念される患者（下痢、嘔吐等の
胃腸障害のある患者、経口摂取が困難な患者等）
過度のアルコール摂取者
重症ケトーシス、糖尿病性昏睡又は前昏睡、1型糖尿病の患者
［輸液、インスリンによる速やかな高血糖の是正が必須であ
る。］
重症感染症、手術前後、重篤な外傷のある患者［インスリン注
射による血糖管理が望まれるので本剤の投与は適さない。また、
乳酸アシドーシスを起こしやすい。］
栄養不良状態、飢餓状態、衰弱状態、脳下垂体機能不全又は副
腎機能不全の患者［低血糖を起こすおそれがある。］
妊婦又は妊娠している可能性のある女性
本剤の成分又はビグアナイド系薬剤に対し過敏症の既往歴のあ
る患者","糖尿病を治療するお薬です。
筋肉や脂肪での糖の消費を促したり、新しく糖が生成されるのをおさえて血糖値を下げる働きがあります。
不妊症を治療するお薬です。
多嚢胞性卵巣症候群（PCOS）における排卵障害を改善する働きがあります。",10錠×10シート（100錠）,錠剤,"有効成分
メトホルミン塩酸塩500mg

添加物
ヒプロメロース、軽質無水ケイ酸、ステアリン酸マグネシウム、酸化チタン、タルク、ヒドロキシプロピルセルロース"
"エゼチミブＯＤ錠
１０ｍｇ「トーワ」",エゼチミブ,"高コレステロール血症、家族性高コレステロール血症、
ホモ接合体性シトステロール血症。","通常、成人にはエゼチミブとして1回10mgを1日1回食後経口投与する。
なお、年齢、症状により適宜減量する。","浮腫、頭痛、しびれ、めまい、坐骨神経痛、
便秘、下痢、腹痛、腹部膨満、悪心、嘔吐","本剤の成分に対し過敏症の既往歴のある患者
本剤とHMG-CoA還元酵素阻害剤を併用する場合、重篤な肝
機能障害のある患者","小腸からのコレステロールの吸収をおさえ、血液中のコレステロールの量を減らす働きがあります。
脂質異常症を治療するお薬です。",10錠×10シート（100錠）,錠剤,"有効成分
エゼチミブ10㎎

添加物
D-マンニトール、ラウリル
硫酸ナトリウム、結晶セル
ロース、クロスカルメロー
スナトリウム、ステアリン
酸マグネシウム、その他1成
分"
"デュタステリドカプセル
０．５ｍｇＺＡ「トーワ」",デュタステリド,男性における男性型脱毛症。,"男性成人には、通常、デュタステリドとして0.1mgを1日1回経口投与する。
なお、必要に応じて0.5mgを1日1回経口投与する。","発疹、頭痛、抑うつ気分、乳房障害、
性機能不全、リビドー減退、勃起不全、射精障害、女性化乳房、乳頭痛、乳房痛","本剤の成分及び他の5α還元酵素阻害薬に対し過敏症の既往
歴のある患者
女性
小児等
重度の肝機能障害のある患者","ホルモンのバランスを整え、髪の毛が薄くなるのをおさえる働きがあります。
男性型脱毛症で髪の毛が薄くなるのをおさえるお薬です。","10カプセル×３シート
（30カプセル）",カプセル,"有効成分
デュタステリド0.5㎎

添加物
ジブチルヒドロキシトルエ
ン、中鎖モノ・ジグリセリ
ド
カプセル本体：ゼラチン、
コハク化ゼラチン、濃グリ
セリン、酸化チタン、三二
酸化鉄、プロピレングリ
コール脂肪酸エステル"
"ロキソプロフェンＮａ錠
６０ｍｇ「トーワ」",ロキソプロフェンナトリウム,"次記疾患並びに症状の消炎・鎮痛：関節リウマチ、変形性関節症、腰痛症、肩関節周囲炎、頸肩腕症候群、歯痛。
手術後、外傷後並びに抜歯後の鎮痛・消炎。
次記疾患の解熱・鎮痛**：急性上気道炎(急性気管支炎を伴う急性上気道炎を含む)。","次記疾患並びに症状の消炎・鎮痛(関節リウマチ、変形性関節症、腰痛症、肩関節周囲炎、頸肩腕症候群、歯痛)、手術後、外傷後並びに抜歯後の鎮痛・消炎：
通常、成人にロキソプロフェンナトリウム(無水物として)1回60mg、1日3回経口投与する。頓用の場合は、1回60～120mgを経口投与する。なお、年齢、症状により適宜増減する。また、空腹時の投与は避けさせることが望ましい。

次記疾患の解熱・鎮痛(急性上気道炎(急性気管支炎を伴う急性上気道炎を含む))：
通常、成人にロキソプロフェンナトリウム(無水物として)1回60mgを頓用する。なお、年齢、症状により適宜増減する。ただし、原則として1日2回までとし、1日最大180mgを限度とする。また、空腹時の投与は避けさせることが望ましい。","浮腫、発疹、そう痒感、胃部不快感、食欲不振、
下痢、便秘、胸やけ、口内炎、口渇、眠気","消化性潰瘍のある患者［プロスタグランジン生合成抑制によ
り、胃の血流量が減少し消化性潰瘍が悪化することがある。］
重篤な血液の異常のある患者［血小板機能障害を起こし、悪
化するおそれがある。］
重篤な肝機能障害のある患者
重篤な腎機能障害のある患者
重篤な心機能不全のある患者
本剤の成分に対し過敏症の既往歴のある患者2.6
アスピリン喘息（非ステロイド性消炎鎮痛剤等による喘息発
作の誘発）又はその既往歴のある患者［アスピリン喘息発作を
誘発することがある。］
妊娠後期の女性","痛みや炎症の原因となる物質（プロスタグランジン）が作られるのをおさえる働きがあります。
炎症による痛みやはれをやわらげ、熱を下げるお薬です。",10錠×10シート（100錠）,錠剤,"有効成分
ロキソプロフェンナトリウム水和物68.1mg
（無水物として60mg）

添加剤
乳糖水和物、低置換度ヒドロキシプロピルセルロース、三二酸化鉄、黄色三二酸化鉄、軽質無水ケイ酸、ステアリン酸マグネシウム"
"レバミピド錠１００ｍｇ
「トーワ」",レバミピド,"胃潰瘍。
次記疾患の胃粘膜病変(胃粘膜びらん、胃粘膜出血、胃粘膜発赤、胃粘膜浮腫)の改善：急性胃炎、慢性胃炎の急性増悪期。","〈胃潰瘍〉
通常、成人には1回1錠(レバミピドとして100mg)を1日3回、朝、夕及び就寝前に経口投与する。
〈次記疾患の胃粘膜病変(びらん、出血、発赤、浮腫)の改善、急性胃炎、慢性胃炎の急性増悪期〉
通常、成人には1回1錠(レバミピドとして100mg)を1日3回経口投与する。","便秘、腹部膨満感、下痢、味覚異常、発疹、
蕁麻疹、しびれ、めまい、眠気、口渇、嘔吐",本剤の成分に対し過敏症の既往歴のある患者,"胃の粘膜を保護し、潰瘍部分の修復を促す働きや、胃の血液の流れをよくする働きがあります。
胃炎や胃潰瘍を治療するお薬です。",10錠×10シート（100錠）,錠剤,"有効成分
レバミピド100㎎

添加物
結晶セルロース、低置換度ヒドロキシプロピルセルロース、ヒドロキシプロピルセルロース、軽質無水ケイ酸、ステアリン酸マグネシウム、ヒプロメロース、マクロゴール6000、酸化チタン、カルナウバロウ"
"フェブキソスタット錠
１０ｍｇ「トーワ」",フェブキソスタット水和物,"痛風、高尿酸血症。
がん化学療法に伴う高尿酸血症。","〈痛風、高尿酸血症〉
通常、成人にはフェブキソスタットとして1日10mgより開始し、1日1回経口投与する。その後は血中尿酸値を確認しながら必要に応じて徐々に増量する。維持量は通常1日1回40mgで、患者の状態に応じて適宜増減するが、最大投与量は1日1回60mgとする。
〈がん化学療法に伴う高尿酸血症〉
通常、成人にはフェブキソスタットとして60mgを1日1回経口投与する。","白血球数減少、TSH増加、手足のしびれ感、
浮動性めまい、傾眠、心電図異常、下痢、腹部不快感、悪心、腹痛、肝機能検査値異常","本剤の成分に対し過敏症の既往歴のある患者
メルカプトプリン水和物又はアザチオプリンを投与中の患者","体内で尿酸が作られる働きをおさえることで、血液中に増えている尿酸の量を減らす働きがあります。
痛風などの高尿酸血症を治療するお薬です。",10錠×10シート（100錠）,錠剤,"有効成分
フェブキソスタット水和物 10.28mg
 (フェブキソスタットとして10mg)

添加物
D-マンニトール、ヒドロキシプロピルセルロース、クロスカルメロースナトリウム、アミノアルキルメタクリレートコポリマーE、タルク、ステアリン酸マグネシウム"
"フェブキソスタット錠
２０ｍｇ「トーワ」",フェブキソスタット水和物,"痛風、高尿酸血症。
がん化学療法に伴う高尿酸血症。","〈痛風、高尿酸血症〉
通常、成人にはフェブキソスタットとして1日10mgより開始し、1日1回経口投与する。その後は血中尿酸値を確認しながら必要に応じて徐々に増量する。維持量は通常1日1回40mgで、患者の状態に応じて適宜増減するが、最大投与量は1日1回60mgとする。
〈がん化学療法に伴う高尿酸血症〉
通常、成人にはフェブキソスタットとして60mgを1日1回経口投与する。","白血球数減少、TSH増加、手足のしびれ感、
浮動性めまい、傾眠、心電図異常、下痢、腹部不快感、悪心、腹痛、肝機能検査値異常","本剤の成分に対し過敏症の既往歴のある患者
メルカプトプリン水和物又はアザチオプリンを投与中の患者","体内で尿酸が作られる働きをおさえることで、血液中に増えている尿酸の量を減らす働きがあります。
痛風などの高尿酸血症を治療するお薬です。",10錠×10シート（100錠）,錠剤,"有効成分
フェブキソスタット水和物 …20.57mg
 (フェブキソスタットとして20mg)

添加物
D-マンニトール、ヒドロキシプロピルセルロース、クロスカルメロースナトリウム、アミノアルキルメタクリレートコポリマーE、タルク、ステアリン酸マグネシウム"
"フェブキソスタット錠
４０ｍｇ「トーワ」",フェブキソスタット水和物,"痛風、高尿酸血症。
がん化学療法に伴う高尿酸血症。","〈痛風、高尿酸血症〉
通常、成人にはフェブキソスタットとして1日10mgより開始し、1日1回経口投与する。その後は血中尿酸値を確認しながら必要に応じて徐々に増量する。維持量は通常1日1回40mgで、患者の状態に応じて適宜増減するが、最大投与量は1日1回60mgとする。
〈がん化学療法に伴う高尿酸血症〉
通常、成人にはフェブキソスタットとして60mgを1日1回経口投与する。","白血球数減少、TSH増加、手足のしびれ感、
浮動性めまい、傾眠、心電図異常、下痢、腹部不快感、悪心、腹痛、肝機能検査値異常","本剤の成分に対し過敏症の既往歴のある患者
メルカプトプリン水和物又はアザチオプリンを投与中の患者","体内で尿酸が作られる働きをおさえることで、血液中に増えている尿酸の量を減らす働きがあります。
痛風などの高尿酸血症を治療するお薬です。",10錠×10シート（100錠）,錠剤,"有効成分
フェブキソスタット水和物 41.14mg
 (フェブキソスタットとして40mg)

添加物
D-マンニトール、ヒドロキシプロピルセルロース、クロスカルメロースナトリウム、アミノアルキルメタクリレートコポリマーE、タルク、ステアリン酸マグネシウム"
"アムロジピン錠
２．５ｍｇ「トーワ」",アムロジピン,"高血圧症。
狭心症。","[高血圧症]
通常、成人にはアムロジピンとして2.5～5mgを1日1回経口投与する。なお、症状に応じ適宜増減するが、効果不十分な場合には1日1回10mgまで増量することができる。
通常、6歳以上の小児には、アムロジピンとして2.5mgを1日1回経口投与する。なお、年齢、体重、症状により適宜増減する。
[狭心症]
通常、成人にはアムロジピンとして5mgを1日1回経口投与する。なお、症状に応じ適宜増減する。
(用法及び用量に関連する注意)
6歳以上の小児への投与に際しては、1日5mgを超えないこと。","AST上昇、ALT上昇、めまい、ALP上昇、
LDH上昇、浮腫、ほてり、熱感、顔面潮紅、動悸、血圧低下",ジヒドロピリジン系化合物に対し過敏症の既往歴のある患者,"血管や心臓の筋肉を収縮させるカルシウムの働きをおさえ、血管をひろげる働きがあります。
血圧を下げるお薬です。
胸の圧迫感や胸痛といった狭心症などの発作を予防またはやわらげるお薬です。",10錠×10シート（100錠）,錠剤,"有効成分
アムロジピンベシル酸塩3.47mg
 (アムロジピンとして2.5mg)

添加剤
無水リン酸水素カルシウム、結晶セルロース、デンプン、グリコール酸ナトリウム、ヒドロキシプロピルセルロース、ステアリン酸マグネシウム、ヒプロメロース、タルク、酸化チタン、カルナウバロウ"
"アムロジピン錠
５ｍｇ「トーワ」",アムロジピン,"高血圧症。
狭心症。","[高血圧症]
通常、成人にはアムロジピンとして2.5～5mgを1日1回経口投与する。なお、症状に応じ適宜増減するが、効果不十分な場合には1日1回10mgまで増量することができる。
通常、6歳以上の小児には、アムロジピンとして2.5mgを1日1回経口投与する。なお、年齢、体重、症状により適宜増減する。
[狭心症]
通常、成人にはアムロジピンとして5mgを1日1回経口投与する。なお、症状に応じ適宜増減する。
(用法及び用量に関連する注意)
6歳以上の小児への投与に際しては、1日5mgを超えないこと。","AST上昇、ALT上昇、めまい、ALP上昇、
LDH上昇、浮腫、ほてり、熱感、顔面潮紅、動悸、血圧低下",ジヒドロピリジン系化合物に対し過敏症の既往歴のある患者,"血管や心臓の筋肉を収縮させるカルシウムの働きをおさえ、血管をひろげる働きがあります。
血圧を下げるお薬です。
胸の圧迫感や胸痛といった狭心症などの発作を予防またはやわらげるお薬です。",10錠×10シート（100錠）,錠剤,"有効成分
アムロジピンベシル酸塩6.93mg
 (アムロジピンとして5mg)

添加剤
無水リン酸水素カルシウム、結晶セルロース、デンプン、グリコール酸ナトリウム、ヒドロキシプロピルセルロース、ステアリン酸マグネシウム、ヒプロメロース、タルク、酸化チタン、カルナウバロウ"
"ミティキュアダニ
舌下錠３３００JAU",アレルゲンエキス,ダニ抗原によるアレルギー性鼻炎に対する減感作療法。,"通常、投与開始後1週間は、ミティキュアダニ舌下錠3300JAUを1日1回1錠、投与2週目以降は、ミティキュアダニ舌下錠10000JAUを1日1回1錠、舌下にて1分間保持した後、飲み込む。その後5分間は、うがいや飲食を控える。

(用法及び用量に関連する注意)
本剤を1年以上投与しても治療効果が得られなかった患者に対しては、それ以降の本剤投与の継続を慎重に判断すること。","口腔腫脹、口腔浮腫、口腔そう痒症、
口腔内不快感、口の錯感覚、咽喉刺激感、咽喉頭不快感、耳そう痒症、口内炎、舌炎、口の感覚鈍麻","本剤は、緊急時に十分に対応できる医療機関に所属し、本剤
に関する十分な知識と減感作療法に関する十分な知識・経験
を持ち、本剤のリスク等について十分に管理・説明できる医
師のもとで処方・使用すること。薬剤師においては、調剤前
に当該医師を確認した上で調剤を行うこと。

本剤の投与によりショックを起こしたことのある患者
 重症の気管支喘息患者［本剤の投与により喘息発作を誘発
するおそれがある。］","くしゃみ、鼻水、鼻づまりなどの症状を改善するお薬です。
アレルギーの原因物質を少しずつとって体を慣らしていくことにより、アレルギー症状を起こりにくくする働きがあります。",7錠×1シート（7錠）,舌下錠,"有効成分
コナヒョウヒダニ抽出エキ
ス1DU（1,650JAU）及びヤ
ケヒョウヒダニ抽出エキス
1DU（1,650JAU）

添加物
D-マンニトール、ゼラチン（魚由来）、pH調整剤"
"ミティキュアダニ
舌下錠１００００JAU",アレルゲンエキス,ダニ抗原によるアレルギー性鼻炎に対する減感作療法。,"通常、投与開始後1週間は、ミティキュアダニ舌下錠3300JAUを1日1回1錠、投与2週目以降は、ミティキュアダニ舌下錠10000JAUを1日1回1錠、舌下にて1分間保持した後、飲み込む。その後5分間は、うがいや飲食を控える。

(用法及び用量に関連する注意)
本剤を1年以上投与しても治療効果が得られなかった患者に対しては、それ以降の本剤投与の継続を慎重に判断すること。","口腔腫脹、口腔浮腫、口腔そう痒症、
口腔内不快感、口の錯感覚、咽喉刺激感、咽喉頭不快感、耳そう痒症、口内炎、舌炎、口の感覚鈍麻","本剤は、緊急時に十分に対応できる医療機関に所属し、本剤
に関する十分な知識と減感作療法に関する十分な知識・経験
を持ち、本剤のリスク等について十分に管理・説明できる医
師のもとで処方・使用すること。薬剤師においては、調剤前
に当該医師を確認した上で調剤を行うこと。

本剤の投与によりショックを起こしたことのある患者
 重症の気管支喘息患者［本剤の投与により喘息発作を誘発
するおそれがある。］","くしゃみ、鼻水、鼻づまりなどの症状を改善するお薬です。
アレルギーの原因物質を少しずつとって体を慣らしていくことにより、アレルギー症状を起こりにくくする働きがあります。",10錠×1シート（10錠）,舌下錠,"有効成分
コナヒョウヒダニ抽出エキ
ス3DU（5,000JAU）及びヤ
ケヒョウヒダニ抽出エキス
3DU（5,000JAU）

添加物
D-マンニトール、ゼラチン（魚由来）、pH調整剤"
"シダキュアスギ花粉舌下錠
２，０００JAU",スギ花粉エキス,"スギ花粉症(減感作療法)。

(効能又は効果に関連する注意)
本剤の投与開始に際し、皮膚反応テスト(スクラッチテスト(プリックテスト)、皮内テスト)又は特異的IgE抗体検査を行い、スギ花粉症の確定診断を行うこと。
本剤の使用開始にあたっては、前シーズンの花粉飛散時期における患者の症状を踏まえ、他の治療法も勘案した上で、本剤の適用の可否を判断すること。
スギ花粉以外のアレルゲンに対しても反応性が高い(スギ花粉以外のアレルゲンに対しても特異的IgE抗体価が高い)スギ花粉症患者に対する本剤の有効性及び安全性は確立していない(使用経験がない)。","通常、投与開始後1週間は、シダキュアスギ花粉舌下錠2000JAUを1日1回1錠、投与2週目以降は、シダキュアスギ花粉舌下錠5000JAUを1日1回1錠、舌下にて1分間保持した後、飲み込む。その後5分間は、うがいや飲食を控える。

(用法及び用量に関連する注意)
スギ花粉飛散時期は新たに投与を開始しないこと(スギ花粉飛散時期はスギ花粉アレルゲンに対する患者の過敏性が高まっている場合が多い)。
投与開始後、初回の花粉飛散時期終了時点で本剤投与による治療効果が得られなかった患者に対しては、それ以降の本剤投与の継続を慎重に判断すること。
","口腔腫脹、口腔浮腫、口腔そう痒症、
口腔内不快感、咽喉刺激感、咽喉頭不快感、耳そう痒症、鼻閉、口内炎、口腔粘膜紅斑、口の感覚鈍麻","本剤は、緊急時に十分に対応できる医療機関に所属し、本剤
に関する十分な知識と減感作療法に関する十分な知識・経験
を持ち、本剤のリスク等について十分に管理・説明できる医
師のもとで処方・使用すること。薬剤師においては、調剤前
に当該医師を確認した上で調剤を行うこと。

 本剤の投与によりショックを起こしたことのある患者
 重症の気管支喘息患者","くしゃみ、鼻水、鼻づまりなどの症状を改善するお薬です。
アレルギーの原因物質を少しずつとって体を慣らしていくことにより、アレルギー症状を起こりにくくする働きがあります。",7錠×1シート（7錠）,舌下錠,"有効成分
スギ花粉エキス原末　2,000JAU

添加物
D-マンニトール、ゼラチン（魚由来）、pH調整剤"
"シダキュアスギ花粉舌下錠
５，０００JAU",スギ花粉エキス,"スギ花粉症(減感作療法)。

(効能又は効果に関連する注意)
本剤の投与開始に際し、皮膚反応テスト(スクラッチテスト(プリックテスト)、皮内テスト)又は特異的IgE抗体検査を行い、スギ花粉症の確定診断を行うこと。
本剤の使用開始にあたっては、前シーズンの花粉飛散時期における患者の症状を踏まえ、他の治療法も勘案した上で、本剤の適用の可否を判断すること。
スギ花粉以外のアレルゲンに対しても反応性が高い(スギ花粉以外のアレルゲンに対しても特異的IgE抗体価が高い)スギ花粉症患者に対する本剤の有効性及び安全性は確立していない(使用経験がない)。","通常、投与開始後1週間は、シダキュアスギ花粉舌下錠2000JAUを1日1回1錠、投与2週目以降は、シダキュアスギ花粉舌下錠5000JAUを1日1回1錠、舌下にて1分間保持した後、飲み込む。その後5分間は、うがいや飲食を控える。

(用法及び用量に関連する注意)
スギ花粉飛散時期は新たに投与を開始しないこと(スギ花粉飛散時期はスギ花粉アレルゲンに対する患者の過敏性が高まっている場合が多い)。
投与開始後、初回の花粉飛散時期終了時点で本剤投与による治療効果が得られなかった患者に対しては、それ以降の本剤投与の継続を慎重に判断すること。
","口腔腫脹、口腔浮腫、口腔そう痒症、
口腔内不快感、咽喉刺激感、咽喉頭不快感、耳そう痒症、鼻閉、口内炎、口腔粘膜紅斑、口の感覚鈍麻","本剤は、緊急時に十分に対応できる医療機関に所属し、本剤
に関する十分な知識と減感作療法に関する十分な知識・経験
を持ち、本剤のリスク等について十分に管理・説明できる医
師のもとで処方・使用すること。薬剤師においては、調剤前
に当該医師を確認した上で調剤を行うこと。

 本剤の投与によりショックを起こしたことのある患者
 重症の気管支喘息患者","くしゃみ、鼻水、鼻づまりなどの症状を改善するお薬です。
アレルギーの原因物質を少しずつとって体を慣らしていくことにより、アレルギー症状を起こりにくくする働きがあります。",10錠×1シート（10錠）,舌下錠,"有効成分
スギ花粉エキス原末　5,000JAU

添加物
D-マンニトール、ゼラチン（魚由来）、pH調整剤"
ウロカルン錠２２５ｍｇ,ウラジロガシエキス,腎結石・尿管結石の排出促進。,"通常1回2錠、1日3回経口投与する。

年齢、症状により適宜増減する。",胃部不快感、胃部膨満感、胃腸障害、発疹、発赤、皮膚そう痒、蕁麻疹、下痢,特になし,"結石を溶かしたり、大きくなるのを防ぎ、結石の排泄を促す働きがあります。
腎臓や膀胱にできた石を溶かしたり排出させたりするお薬です。",10錠×10シート（100錠）,錠剤,"有効成分
ウラジロガシエキス２２５ｍｇ

添加物
乳糖水和物、トウモロコシデンプン、クロスカルメロースナトリウム、軽質無水ケイ酸、タルク、ステアリン酸マグネシウム、ヒプロメロース、精製白糖、プロピレングリコール、酸化チタン、ステアリン酸、黄色三二酸化鉄"
ハイチオール錠４０,L－システイン," 湿疹、中毒疹、薬疹、じん麻疹、尋常性ざ瘡、多形滲出性紅斑。
 放射線障害による白血球減少症。","〈湿疹、中毒疹、薬疹、じん麻疹、尋常性ざ瘡、多形滲出性紅斑〉
通常成人次記1回量を1日2～3回経口投与する。
なお、年齢・症状により適宜増減する。
L－システインとして1回80mg(本剤1錠)。
〈放射線障害による白血球減少症〉
通常成人次記1回量を1日3回経口投与する。
なお、年齢・症状により適宜増減する。
L－システインとして1回160mg(本剤2錠)。",悪心、下痢、口渇、腹痛,特になし,"皮膚の代謝を正常化させたり、解毒する働きがあります。
放射線による白血球減少症を治療するお薬です。
血液を作る機能を改善したり、免疫力を高める働きがあります。
湿疹やじんま疹、にきびを治療するお薬です。",10錠×10シート（100錠）,錠剤,"有効成分
L-システイン40mg

添加物
結晶セルロース、低置換度ヒドロキシプ
ロピルセルロース、ヒプロメロース、ステア
リン酸マグネシウム、タルク"
ハイチオール錠８０,L－システイン," 湿疹、中毒疹、薬疹、じん麻疹、尋常性ざ瘡、多形滲出性紅斑。
 放射線障害による白血球減少症。","〈湿疹、中毒疹、薬疹、じん麻疹、尋常性ざ瘡、多形滲出性紅斑〉
通常成人次記1回量を1日2～3回経口投与する。
なお、年齢・症状により適宜増減する。
L－システインとして1回80mg(本剤1錠)。
〈放射線障害による白血球減少症〉
通常成人次記1回量を1日3回経口投与する。
なお、年齢・症状により適宜増減する。
L－システインとして1回160mg(本剤2錠)。",悪心、下痢、口渇、腹痛,特になし,"皮膚の代謝を正常化させたり、解毒する働きがあります。
放射線による白血球減少症を治療するお薬です。
血液を作る機能を改善したり、免疫力を高める働きがあります。
湿疹やじんま疹、にきびを治療するお薬です。",10錠×10シート（100錠）,錠剤,"有効成分
L-システイン80mg

添加物
結晶セルロース、ヒドロキシプロピルセルロ
ース、ヒプロメロース、ステアリン酸マグ
ネシウム、タルク
"
フロジン外用液５％,カルプロニウム塩化物液,"次記のごとき疾患における脱毛防止ならびに発毛促進：
円形脱毛症(多発性円形脱毛症を含む)、悪性脱毛症、びまん性脱毛症、粃糠性脱毛症、壮年性脱毛症、症候性脱毛症など。
乾性脂漏。
尋常性白斑。","〈脱毛症・乾性脂漏の場合〉
1日2～3回適量を患部に塗布、あるいは被髪部全体にふりかけ、軽くマッサージする。
〈尋常性白斑の場合〉
1日3～4回適量を患部に塗布する。",過敏症、一過性発赤、そう痒感、刺激痛、局所発汗、熱感、アセチルコリン様作用、全身性発汗、悪寒、戦慄、嘔気,特になし,"白斑（しろなまず）を治療するお薬です。
脱毛を防ぎ、発毛を促すお薬です。
頭皮の毛細血管をひろげて血流をよくし、脱毛を防ぎ、発毛を促す働きがあります。
頭皮の毛細血管をひろげ、血液の流れをよくする働きがあります。
フケ症に用いるお薬です。",30ml×10（300ml）,本,"有効成分
1mL中
カルプロニウム塩化物水和物　54.6mg
（カルプロニウム塩化物として　50mg）

添加剤
プロピレングリコール、dl-リンゴ酸、水酸化ナトリウム、エタノール、黄色4号（タートラジン）、青色1号、香料"
"ビオチン散0.2％
「フソー」",ビオチン,急性湿疹・慢性湿疹、小児湿疹、接触皮膚炎、脂漏性湿疹、尋常性ざ瘡。,"ビオチンとして、通常成人1日0.5～2mgを1～3回に分割経口投与する
なお、年齢、症状により適宜増減する
（用法及び用量に関連する注意）
 1日あたりの製剤量1日投与量：0.25～1.0g",特になし,特になし,"ビタミン剤です。湿疹や皮膚炎を治療するお薬です。
皮膚を正常に保ち、炎症をおさえる働きがあります。",バラ　500g,細粒,"有効成分
1g中
日局　ビオチン 2mg

添加物
乳糖水和物、トウモロコシデンプン、結晶セ
ルロース"
ハルナールＤ錠０．２ｍｇ,タムスロシン,前立腺肥大症に伴う排尿障害。,"通常、成人にはタムスロシン塩酸塩として0.2mgを1日1回食後に経口投与する。
なお、年齢、症状により適宜増減する。
(用法及び用量に関連する注意)
高齢者で腎機能低下している場合は0.1mgから投与を開始し、経過を十分に観察した後に0.2mgに増量すること(0.2mgで期待する効果が得られない場合にはそれ以上の増量は行わないで、他の適切な処置を行うこと)",めまい、ふらふら感、頻脈、発疹、胃不快感、嘔気、嘔吐、胃重感、胃痛、食欲不振、嚥下障害,本剤の成分に対し過敏症の既往歴のある患者,"尿の出が悪い、残尿感、トイレが近いなどの症状を改善するお薬です。
尿道や前立腺の筋肉の強い緊張をやわらげ、尿道内部の圧力を下げる働きがあります。",14錠×10シート（140錠）,錠,"有効成分
タムスロシン塩酸塩0.2mg　　　　　　　　　　　　　　　　　　　　　　　　　

添加物
セルロース、ヒプロメロース、
エチルセルロース、メタクリル
酸コポリマーLD、ラウリル硫
酸ナトリウム、ポリソルベート
80、セタノール、アクリル酸エ
チル・メタクリル酸メチルコポ
リマー、ポリオキシエチレンノ
ニルフェニルエーテル、D‐マ
ンニトール、乳糖水和物、アメ
粉、ステアリン酸カルシウム"
ベタニス錠５０ｍｇ,ミラベグロン,過活動膀胱における尿意切迫感、頻尿及び切迫性尿失禁。,"通常、成人にはミラベグロンとして50mgを1日1回食後に経口投与する。
(用法及び用量に関連する注意)
中等度肝機能障害(Child－Pughスコア7～9)患者への投与は1日1回25mgから開始する
重度腎機能障害患者(eGFR15～29mL/min/1.73㎡)への投与は1日1回25mgから開始する",血小板数増加、白血球数増加、血小板数減少、白血球数減少、右脚ブロック、動悸、上室性期外収縮、頻脈、心室性期外収縮、血圧上昇、心拍数増加,"生殖可能な年齢の患者への本剤の投与はできる限
り避けること。動物実験（ラット）で、精嚢、前
立腺及び子宮の重量低値あるいは萎縮等の生殖器
系への影響が認められ、高用量では発情休止期の
延長、黄体数の減少に伴う着床数及び生存胎児数
の減少が認められている。

本剤の成分に対し過敏症の既往歴のある患者
 重篤な心疾患を有する患者［心拍数増加等が報
告されており、症状が悪化するおそれがある。］
妊婦及び妊娠している可能性のある女性
授乳婦
重度の肝機能障害患者（Child-Pughスコア10以
上）
 フレカイニド酢酸塩あるいはプロパフェノン塩
酸塩投与中の患者","尿の回数が増えたり、尿意を強く感じたり、無意識に尿が出たりする症状を改善するお薬です。
膀胱の筋肉をやわらげて、膀胱に尿をためやすくする働きがあります。",10錠×10シート（100錠）,錠剤,"有効成分
ミラベグロン50mg

添加物
ポリエチレンオキシド、マクロゴール、ヒ
ドロキシプロピルセルロース、ジブチルヒ
ドロキシトルエン、ステアリン酸マグネシ
ウム、ヒプロメロース、黄色三二酸化鉄"
アラミスト点鼻液２７．５μｇ５６噴霧用,フルチカゾンフランカルボン酸エステル,アレルギー性鼻炎。,"成人には、通常1回各鼻腔に2噴霧(1噴霧あたりフルチカゾンフランカルボン酸エステルとして27.5μgを含有)を1日1回投与する。

小児には、通常1回各鼻腔に1噴霧(1噴霧あたりフルチカゾンフランカルボン酸エステルとして27.5μgを含有)を1日1回投与する。

(用法及び用量に関連する注意)
本剤の十分な臨床効果を得るためには継続的に使用すること。",鼻出血、鼻症状、鼻刺激感、鼻疼痛、鼻乾燥感、血中コルチゾール減少、白血球数増加、過敏症、発疹、血管性浮腫、蕁麻疹,"有効な抗菌剤の存在しない感染症、深在性真菌症の患者［症
状を増悪するおそれがある］
 本剤の成分に対し過敏症の既往歴のある患者","くしゃみ、鼻水、鼻づまりなどの症状を改善するお薬です。
鼻の粘膜の炎症やアレルギーをおさえる働きがあります。",1キット,キット,"有効成分
1g中　フルチカゾンフランカルボン酸エステル0.5mg
 1回噴霧中　フルチカゾンフランカルボン酸エステル27.5μg

添加物
結晶セルロース、カルメロースナトリウム、精製ブドウ糖、ポリソルベート80、ベンザルコニウム塩化物液、エデト酸ナトリウム水和物
"
パントシン錠１００㎎,パンテチン,"パントテン酸欠乏症の予防及び治療。
  パントテン酸の需要が増大し、食事からの摂取が不十分な際の補給(消耗性疾患、甲状腺機能亢進症、妊産婦、授乳婦など)。
   次記疾患のうち、パントテン酸欠乏又はパントテン酸代謝障害が関与すると推定される場合：
高脂血症、弛緩性便秘、パントテン酸欠乏又はパントテン酸代謝障害が関与すると推定されるストレプトマイシンによる副作用及びカナマイシンによる副作用の予防及び治療、パントテン酸欠乏又はパントテン酸代謝障害が関与すると推定される急性湿疹・慢性湿疹、パントテン酸欠乏又はパントテン酸代謝障害が関与すると推定される血液疾患の血小板数の改善ならびに出血傾向の改善。

  なお、適応に対して、効果がないのに月余にわたって漫然と使用すべきでない。",通常、成人にはパンテチンとして1日30～180mg、血液疾患、弛緩性便秘には1日300～600mgを1～3回に分けて経口投与する。高脂血症には1日600mgを3回に分けて経口投与する。なお、年齢、症状により適宜増減する。,下痢、軟便、食欲不振、腹部膨満、嘔吐,特になし,"パントテン酸欠乏症の予防と、パントテン酸の不足により起こる、いろいろな病気を治療するお薬です。
体内のタンパク質、脂質、炭水化物などの代謝に重要なビタミン剤です。",10錠×10シート（100錠）,錠剤,"有効成分
1 錠中パンテチン（日局）注）125mg
（パンテチンとして100mg）

添加物
軽質無水ケイ酸、トウモロコシデ
ンプン、メタケイ酸アルミン酸マ
グネシウム、カルメロースカルシ
ウム、タルク、ステアリン酸マグ
ネシウム、ヒプロメロース、酸化
チタン、マクロゴール6000、ジメ
チルポリシロキサン、二酸化ケイ
素、カルナウバロウ"
パントシン錠２００㎎,パンテチン,"パントテン酸欠乏症の予防及び治療。
 パントテン酸の需要が増大し、食事からの摂取が不十分な際の補給(消耗性疾患、甲状腺機能亢進症、妊産婦、授乳婦など)。
   次記疾患のうち、パントテン酸欠乏又はパントテン酸代謝障害が関与すると推定される場合：
高脂血症、弛緩性便秘、パントテン酸欠乏又はパントテン酸代謝障害が関与すると推定されるストレプトマイシンによる副作用及びカナマイシンによる副作用の予防及び治療、パントテン酸欠乏又はパントテン酸代謝障害が関与すると推定される急性湿疹・慢性湿疹、パントテン酸欠乏又はパントテン酸代謝障害が関与すると推定される血液疾患の血小板数の改善ならびに出血傾向の改善。

  なお、適応に対して、効果がないのに月余にわたって漫然と使用すべきでない。",通常、成人にはパンテチンとして1日30～180mg、血液疾患、弛緩性便秘には1日300～600mgを1～3回に分けて経口投与する。高脂血症には1日600mgを3回に分けて経口投与する。なお、年齢、症状により適宜増減する。,下痢、軟便、食欲不振、腹部膨満、嘔吐,特になし,"パントテン酸欠乏症の予防と、パントテン酸の不足により起こる、いろいろな病気を治療するお薬です。
体内のタンパク質、脂質、炭水化物などの代謝に重要なビタミン剤です。",10錠×10シート（100錠）,錠剤,"有効成分
1 錠中パンテチン（日局）注）250mg
（パンテチンとして200mg）

添加物
軽質無水ケイ酸、トウモロコシデ
ンプン、メタケイ酸アルミン酸マ
グネシウム、カルメロースカルシ
ウム、タルク、ステアリン酸マグ
ネシウム、ヒプロメロース、酸化
チタン、マクロゴール6000、ジメ
チルポリシロキサン、二酸化ケイ
素、カルナウバロウ"
セファランチン錠1㎎,セファランチン（タマサキツヅラフジ抽出アルカロイド）10mg," 放射線による白血球減少症。
円形脱毛症・粃糠性脱毛症。","〈白血球減少症〉
通常成人には、タマサキツヅラフジ抽出アルカロイドとして、1日3～6mgを2～3回に分けて食後経口投与する。なお、年齢、症状により適宜増減する。
〈脱毛症〉
通常成人には、タマサキツヅラフジ抽出アルカロイドとして、1日1.5～2mgを2～3回に分けて食後経口投与する。なお、年齢、症状により適宜増減する。",浮腫、過敏症、発疹、皮疹、顔面浮腫、手足浮腫、食欲不振、胃部不快感、悪心、嘔吐、下痢,本剤の成分に対して過敏症の既往歴のある患者,"アレルギーをおさえ、血液の流れをよくする働きがあります。
円形脱毛症や白血球減少症を治療するお薬です。
血液を作る機能を改善したり、免疫力を高める働きがあります。",10錠×10シート（100錠）,錠剤,"有効成分
セファランチン（タマサキツヅラフジ抽出アルカロイド）10mg

添加物
乳糖水和物、バレイショデンプン、カルメロースナトリウ
ム、ステアリン酸マグネシウム"
フェブリク錠１０ｍｇ,フェブキソスタット,"痛風、高尿酸血症。
がん化学療法に伴う高尿酸血症。","〈痛風、高尿酸血症〉
成人
通常、成人にはフェブキソスタットとして1日10mgより開始し、1日1回経口投与する。その後は血中尿酸値を確認しながら必要に応じて徐々に増量する。維持量は通常1日1回40mgで、患者の状態に応じて適宜増減するが、最大投与量は1日1回60mgとする。

小児
通常、小児には体重に応じてフェブキソスタットとして次記の投与量を1日1回経口投与する。

体重40kg未満：通常、1日5mgより開始し、1日1回経口投与する。その後は血中尿酸値を確認しながら必要に応じて徐々に増量する。維持量は通常1日1回20mgで、患者の状態に応じて適宜増減するが、最大投与量は1日1回30mgとする。

体重40kg以上：通常、1日10mgより開始し、1日1回経口投与する。その後は血中尿酸値を確認しながら必要に応じて徐々に増量する。維持量は通常1日1回40mgで、患者の状態に応じて適宜増減するが、最大投与量は1日1回60mgとする。

〈がん化学療法に伴う高尿酸血症〉
通常、成人にはフェブキソスタットとして60mgを1日1回経口投与する。",白血球数減少、TSH増加、手足のしびれ感、浮動性めまい、傾眠、心電図異常、下痢、腹部不快感、悪心、腹痛、肝機能検査値異常,"本剤の成分に対し過敏症の既往歴のある患者
メルカプトプリン水和物又はアザチオプリンを投
与中の患者","体内で尿酸が作られる働きをおさえることで、血液中に増えている尿酸の量を減らす働きがあります。
痛風などの高尿酸血症を治療するお薬です。",10錠×10シート（100錠）,錠剤,"有効成分
フェブキソスタット10㎎

添加物
乳糖、部分アルファー化デンプン、ヒドロキシプロピルセルロース、クロスカルメロースナトリウム、ステアリン酸マグネシウム、ヒプロメロース、マクロゴール"
フェブリク錠２０ｍｇ,フェブキソスタット,"痛風、高尿酸血症。
がん化学療法に伴う高尿酸血症。","〈痛風、高尿酸血症〉
成人
通常、成人にはフェブキソスタットとして1日10mgより開始し、1日1回経口投与する。その後は血中尿酸値を確認しながら必要に応じて徐々に増量する。維持量は通常1日1回40mgで、患者の状態に応じて適宜増減するが、最大投与量は1日1回60mgとする。

小児
通常、小児には体重に応じてフェブキソスタットとして次記の投与量を1日1回経口投与する。

体重40kg未満：通常、1日5mgより開始し、1日1回経口投与する。その後は血中尿酸値を確認しながら必要に応じて徐々に増量する。維持量は通常1日1回20mgで、患者の状態に応じて適宜増減するが、最大投与量は1日1回30mgとする。

体重40kg以上：通常、1日10mgより開始し、1日1回経口投与する。その後は血中尿酸値を確認しながら必要に応じて徐々に増量する。維持量は通常1日1回40mgで、患者の状態に応じて適宜増減するが、最大投与量は1日1回60mgとする。

〈がん化学療法に伴う高尿酸血症〉
通常、成人にはフェブキソスタットとして60mgを1日1回経口投与する。",白血球数減少、TSH増加、手足のしびれ感、浮動性めまい、傾眠、心電図異常、下痢、腹部不快感、悪心、腹痛、肝機能検査値異常,"本剤の成分に対し過敏症の既往歴のある患者
メルカプトプリン水和物又はアザチオプリンを投
与中の患者","体内で尿酸が作られる働きをおさえることで、血液中に増えている尿酸の量を減らす働きがあります。
痛風などの高尿酸血症を治療するお薬です。",10錠×10シート（100錠）,錠剤,"有効成分
フェブキソスタット20㎎

添加物
乳糖、部分アルファー化デンプン、ヒドロキシプロピルセルロース、クロスカルメロースナトリウム、ステアリン酸マグネシウム、ヒプロメロース、マクロゴール"
フェブリク錠４０ｍｇ,フェブキソスタット,"痛風、高尿酸血症。
がん化学療法に伴う高尿酸血症。","〈痛風、高尿酸血症〉
成人
通常、成人にはフェブキソスタットとして1日10mgより開始し、1日1回経口投与する。その後は血中尿酸値を確認しながら必要に応じて徐々に増量する。維持量は通常1日1回40mgで、患者の状態に応じて適宜増減するが、最大投与量は1日1回60mgとする。

小児
通常、小児には体重に応じてフェブキソスタットとして次記の投与量を1日1回経口投与する。

体重40kg未満：通常、1日5mgより開始し、1日1回経口投与する。その後は血中尿酸値を確認しながら必要に応じて徐々に増量する。維持量は通常1日1回20mgで、患者の状態に応じて適宜増減するが、最大投与量は1日1回30mgとする。

体重40kg以上：通常、1日10mgより開始し、1日1回経口投与する。その後は血中尿酸値を確認しながら必要に応じて徐々に増量する。維持量は通常1日1回40mgで、患者の状態に応じて適宜増減するが、最大投与量は1日1回60mgとする。

〈がん化学療法に伴う高尿酸血症〉
通常、成人にはフェブキソスタットとして60mgを1日1回経口投与する。",白血球数減少、TSH増加、手足のしびれ感、浮動性めまい、傾眠、心電図異常、下痢、腹部不快感、悪心、腹痛、肝機能検査値異常,"本剤の成分に対し過敏症の既往歴のある患者
メルカプトプリン水和物又はアザチオプリンを投
与中の患者","体内で尿酸が作られる働きをおさえることで、血液中に増えている尿酸の量を減らす働きがあります。
痛風などの高尿酸血症を治療するお薬です。",10錠×10シート（100錠）,錠剤,"有効成分
フェブキソスタット40㎎

添加物
乳糖、部分アルファー化デンプン、ヒドロキシプロピルセルロース、クロスカルメロースナトリウム、ステアリン酸マグネシウム、ヒプロメロース、マクロゴール"
"ロコアテープ 
7枚×10袋（70枚）",エスフルルビプロフェン・ハッカ油,変形性関節症における鎮痛・消炎。,"1日1回、患部に貼付する。同時に2枚を超えて貼付しないこと。

(用法及び用量に関連する注意)
本剤2枚貼付時の全身曝露量がフルルビプロフェン経口剤の通常用量投与時と同程度に達することから、1日貼付枚数は2枚を超えないこと。本剤投与時は他の全身作用を期待する消炎鎮痛剤との併用は可能な限り避けることとし、やむを得ず併用する場合には、必要最小限の使用にとどめ、患者の状態に十分注意すること。",皮膚炎、そう痒感、発疹、内出血、刺激感、色素沈着、浮動性めまい、腹部不快感、胃炎、消化性潰瘍、腹痛," 消化性潰瘍のある患者［プロスタグランジン合成阻害作用に
よる胃粘膜防御能の低下により、消化性潰瘍を悪化させるおそ
れがある。］
重篤な血液の異常のある患者［血液障害があらわれ、血液の
異常を更に悪化させるおそれがある。］
重篤な肝機能障害のある患者
重篤な腎機能障害のある患者
重篤な心機能不全のある患者［プロスタグランジン合成阻害
作用による水・ナトリウム貯留が起こり、心機能不全が更に悪
化するおそれがある。］
重篤な高血圧症のある患者［プロスタグランジン合成阻害作
用による水・ナトリウム貯留が起こり、血圧を更に上昇させる
おそれがある。］
本剤の成分又はフルルビプロフェンに対し過敏症の既往歴の
ある患者
 アスピリン喘息（非ステロイド性消炎鎮痛剤等による喘息発
作の誘発）又はその既往歴のある患者［喘息発作を誘発するお
それがある。］
エノキサシン水和物、ロメフロキサシン、ノルフロキサシ
ン、プルリフロキサシンを投与中の患者
妊娠後期の女性","痛みや炎症の原因となる物質（プロスタグランジン）が作られるのをおさえる働きがあります。
炎症による痛みやはれをやわらげるお薬です。",7枚×10袋（70枚）,貼付剤,"有効成分
1 枚10cm×14cm（膏体1.73g/140cm2）中
エスフルルビプロフェン40mg、
日局 ハッカ油36.2mg

添加物
流動パラフィン、スチレン・イソプレン・スチレンブロック共重合体、ポリイソブチレン、エステルガムHG、ジカプリル酸プロピレングリコール、ジブチルヒドロキシトルエン、その他1成分"
ロスーゼット配合錠ＬＤ,"エゼチミブ・ロスバスタチンカルシウム
","高コレステロール血症、家族性高コレステロール血症。

(効能又は効果に関連する注意)
本剤を高コレステロール血症、家族性高コレステロール血症の治療の第一選択薬として用いないこと。
適用の前に十分な検査を実施し、高コレステロール血症、家族性高コレステロール血症であることを確認した上で本剤の適用を考慮すること。
ホモ接合体性家族性高コレステロール血症については、LDLアフェレーシス等の非薬物療法の補助として、あるいはそれらの治療法が実施不能な場合に本剤の適用を考慮すること。","通常、成人には1日1回1錠(エゼチミブ/ロスバスタチンとして10mg/2.5mg)を食後に経口投与する。

(用法及び用量に関連する注意)
次のエゼチミブとロスバスタチンカルシウムの用法及び用量を踏まえ、患者毎に本剤の適用を考慮すること。

[エゼチミブ]
通常、成人にはエゼチミブとして1回10mgを1日1回食後経口投与する。なお、年齢、症状により適宜減量する。

[ロスバスタチンカルシウム]
通常、成人にはロスバスタチンとして1日1回2.5mgより投与を開始するが、早期にLDLコレステロール値を低下させる必要がある場合には5mgより投与を開始してもよい。なお、年齢・症状により適宜増減し、投与開始後あるいは増量後、4週以降にLDLコレステロール値の低下が不十分な場合には、漸次10mgまで増量できる。10mgを投与してもLDLコレステロール値の低下が十分でない、家族性高コレステロール血症患者などの重症患者に限り、さらに増量できるが、1日最大20mgまでとする。

原則として、エゼチミブ10mg及びロスバスタチンとして2.5mgを併用している場合、あるいはロスバスタチンとして2.5mgを使用し効果不十分な場合に、本剤LD(エゼチミブ/ロスバスタチンとして10mg/2.5mg)の適用を検討すること。
クレアチニンクリアランスが30mL/min/1.73㎡未満の患者にロスバスタチンカルシウムを投与する場合には、ロスバスタチンとして2.5mgより投与を開始し、1日最大投与量はロスバスタチンとして5mgとする。
特にロスバスタチンとして20mg投与時においては腎機能に影響があらわれるおそれがあるので、本剤にロスバスタチンを追加した場合等、ロスバスタチンとして20mg投与開始後12週までの間は原則、月に1回、それ以降は定期的(半年に1回等)に腎機能検査を行うなど、観察を十分に行うこと。",紅斑、感覚鈍麻、便秘、背部痛、四肢不快感、ALT増加、肝機能検査異常、γ－GTP増加、HbA1c増加、血中CK増加、血中尿酸増加,"本剤の成分に対し過敏症の既往歴のある患者
重篤な肝機能障害のある患者及び肝機能が低下している
と考えられる以下のような患者
急性肝炎、慢性肝炎の急性増悪、肝硬変、肝癌、黄疸
妊婦又は妊娠している可能性のある女性及び授乳婦
シクロスポリンを投与中の患者","高コレステロール血症を治療するお薬です。
小腸からのコレステロールの吸収をおさえるとともに、コレステロールの生合成に関与する酵素の働きをおさえ、血液中のコレステロールの量を減らす働きがあります。",10錠×10シート（100錠）,錠剤,"有効成分
エゼチミブ10mg/ロスバスタチンカルシウム2.6mg（ロスバスタチンとして2.5mg）

添加物
乳糖水和物、結晶セルロース、ポビドン、クロスカルメロースナトリウム、ラウリル硫酸ナトリウム、ステアリン酸マグネシウム、D-マンニトール、低置換度ヒドロキシプロピルセルロース、ヒドロキシプロピルセルロース"
ロスーゼット配合錠ＨＤ,"エゼチミブ・ロスバスタチンカルシウム
","高コレステロール血症、家族性高コレステロール血症。

(効能又は効果に関連する注意)
本剤を高コレステロール血症、家族性高コレステロール血症の治療の第一選択薬として用いないこと。
適用の前に十分な検査を実施し、高コレステロール血症、家族性高コレステロール血症であることを確認した上で本剤の適用を考慮すること。
ホモ接合体性家族性高コレステロール血症については、LDLアフェレーシス等の非薬物療法の補助として、あるいはそれらの治療法が実施不能な場合に本剤の適用を考慮すること。","通常、成人には1日1回1錠(エゼチミブ/ロスバスタチンとして10mg/2.5mg)を食後に経口投与する。

(用法及び用量に関連する注意)
次のエゼチミブとロスバスタチンカルシウムの用法及び用量を踏まえ、患者毎に本剤の適用を考慮すること。

[エゼチミブ]
通常、成人にはエゼチミブとして1回10mgを1日1回食後経口投与する。なお、年齢、症状により適宜減量する。

[ロスバスタチンカルシウム]
通常、成人にはロスバスタチンとして1日1回2.5mgより投与を開始するが、早期にLDLコレステロール値を低下させる必要がある場合には5mgより投与を開始してもよい。なお、年齢・症状により適宜増減し、投与開始後あるいは増量後、4週以降にLDLコレステロール値の低下が不十分な場合には、漸次10mgまで増量できる。10mgを投与してもLDLコレステロール値の低下が十分でない、家族性高コレステロール血症患者などの重症患者に限り、さらに増量できるが、1日最大20mgまでとする。

原則として、エゼチミブ10mg及びロスバスタチンとして2.5mgを併用している場合、あるいはロスバスタチンとして2.5mgを使用し効果不十分な場合に、本剤LD(エゼチミブ/ロスバスタチンとして10mg/2.5mg)の適用を検討すること。
クレアチニンクリアランスが30mL/min/1.73㎡未満の患者にロスバスタチンカルシウムを投与する場合には、ロスバスタチンとして2.5mgより投与を開始し、1日最大投与量はロスバスタチンとして5mgとする。
特にロスバスタチンとして20mg投与時においては腎機能に影響があらわれるおそれがあるので、本剤にロスバスタチンを追加した場合等、ロスバスタチンとして20mg投与開始後12週までの間は原則、月に1回、それ以降は定期的(半年に1回等)に腎機能検査を行うなど、観察を十分に行うこと。",紅斑、感覚鈍麻、便秘、背部痛、四肢不快感、ALT増加、肝機能検査異常、γ－GTP増加、HbA1c増加、血中CK増加、血中尿酸増加,"本剤の成分に対し過敏症の既往歴のある患者
重篤な肝機能障害のある患者及び肝機能が低下している
と考えられる以下のような患者
急性肝炎、慢性肝炎の急性増悪、肝硬変、肝癌、黄疸
妊婦又は妊娠している可能性のある女性及び授乳婦
シクロスポリンを投与中の患者","高コレステロール血症を治療するお薬です。
小腸からのコレステロールの吸収をおさえるとともに、コレステロールの生合成に関与する酵素の働きをおさえ、血液中のコレステロールの量を減らす働きがあります。",10錠×10シート（100錠）,錠剤,"有効成分
エゼチミブ10mg/ロスバスタチンカルシウム5.2mg（ロスバスタチンとして5mg）

添加物
乳糖水和物、結晶セルロース、ポビドン、クロスカルメロースナトリウム、ラウリル硫酸ナトリウム、ステアリン酸マグネシウム、D-マンニトール、低置換度ヒドロキシプロピルセルロース、ヒドロキシプロピルセルロース"
ジャディアンス錠１０ｍｇ,エンパグリフロジン," 2型糖尿病。
 慢性心不全(ただし、慢性心不全の標準的な治療を受けている患者に限る)。
慢性腎臓病(末期腎不全又は透析施行中の患者を除く)。","〈2型糖尿病〉
通常、成人にはエンパグリフロジンとして10mgを1日1回朝食前又は朝食後に経口投与する。なお、効果不十分な場合には、経過を十分に観察しながら25mg1日1回に増量することができる。

〈慢性心不全、慢性腎臓病〉
通常、成人にはエンパグリフロジンとして10mgを1日1回朝食前又は朝食後に経口投与する。

(用法及び用量に関連する注意)
〈慢性心不全、慢性腎臓病〉2型糖尿病を合併する慢性心不全、2型糖尿病を合併する慢性腎臓病患者では、血糖コントロールが不十分な場合には血糖コントロール改善を目的として本剤25mgに増量することができる(慢性心不全及び慢性腎臓病に対して本剤10mg1日1回を超える用量の有効性は確認されていないため、慢性心不全及び慢性腎臓病に対して本剤10mgを上回る有効性を期待して本剤25mgを投与しないこと)。",尿路感染、膀胱炎、外陰部腟カンジダ症、無症候性細菌尿、亀頭包皮炎、陰部そう痒症、高脂血症、めまい、便秘、皮膚そう痒症、発疹,"本剤の成分に対し過敏症の既往歴のある患者
重症ケトーシス、糖尿病性昏睡又は前昏睡の患者
［輸液及びインスリンによる速やかな高血糖の是正が必須とな
るので本剤の投与は適さない。］
 重症感染症、手術前後、重篤な外傷のある患者
［糖尿病を有する患者ではインスリン注射による血糖管理が望
まれるので本剤の投与は適さない。","息切れ、むくみなどの心不全の症状をやわらげるお薬です。
糖尿病を治療するお薬です。
過剰な糖を尿と一緒に排泄させて血糖値を下げる働きがあります。
心臓の負担を少なくする働きがあります。
腎臓の負担を少なくする働きがあります。
慢性腎臓病を治療するお薬です。",10錠×10シート（100錠）,錠剤,"有効成分
エンパグリフロジン10㎎

添加物
乳糖水和物、結晶セルロース、ヒドロキシプロピルセルロース、クロスカルメロースナトリウム、軽質無水ケイ酸、ステアリン酸マグネシウム、ヒプロメロース、酸化チタン、タルク、マクロゴール400、黄色三二酸化鉄"
ジャディアンス錠２５ｍｇ,エンパグリフロジン," 2型糖尿病。
 慢性心不全(ただし、慢性心不全の標準的な治療を受けている患者に限る)。
慢性腎臓病(末期腎不全又は透析施行中の患者を除く)。","〈2型糖尿病〉
通常、成人にはエンパグリフロジンとして10mgを1日1回朝食前又は朝食後に経口投与する。なお、効果不十分な場合には、経過を十分に観察しながら25mg1日1回に増量することができる。

〈慢性心不全、慢性腎臓病〉
通常、成人にはエンパグリフロジンとして10mgを1日1回朝食前又は朝食後に経口投与する。

(用法及び用量に関連する注意)
〈慢性心不全、慢性腎臓病〉2型糖尿病を合併する慢性心不全、2型糖尿病を合併する慢性腎臓病患者では、血糖コントロールが不十分な場合には血糖コントロール改善を目的として本剤25mgに増量することができる(慢性心不全及び慢性腎臓病に対して本剤10mg1日1回を超える用量の有効性は確認されていないため、慢性心不全及び慢性腎臓病に対して本剤10mgを上回る有効性を期待して本剤25mgを投与しないこと)。",尿路感染、膀胱炎、外陰部腟カンジダ症、無症候性細菌尿、亀頭包皮炎、陰部そう痒症、高脂血症、めまい、便秘、皮膚そう痒症、発疹,"本剤の成分に対し過敏症の既往歴のある患者
重症ケトーシス、糖尿病性昏睡又は前昏睡の患者
［輸液及びインスリンによる速やかな高血糖の是正が必須とな
るので本剤の投与は適さない。］
 重症感染症、手術前後、重篤な外傷のある患者
［糖尿病を有する患者ではインスリン注射による血糖管理が望
まれるので本剤の投与は適さない。","息切れ、むくみなどの心不全の症状をやわらげるお薬です。
糖尿病を治療するお薬です。
過剰な糖を尿と一緒に排泄させて血糖値を下げる働きがあります。
心臓の負担を少なくする働きがあります。
腎臓の負担を少なくする働きがあります。
慢性腎臓病を治療するお薬です。",10錠×10シート（100錠）,錠剤,"有効成分
エンパグリフロジン25㎎

添加物
乳糖水和物、結晶セルロース、ヒドロキシプロピルセルロース、クロスカルメロースナトリウム、軽質無水ケイ酸、ステアリン酸マグネシウム、ヒプロメロース、酸化チタン、タルク、マクロゴール400、黄色三二酸化鉄"
ミカトリオ配合剤,テルミサルタン・アムロジピンベシル酸塩・ヒドロクロロチアジド,"高血圧症。

(効能又は効果に関連する注意)
過度な血圧低下のおそれ等があり、本剤を高血圧治療の第一選択薬としないこと。
原則として、テルミサルタン80mg、アムロジピン5mg及びヒドロクロロチアジド12.5mgを一定の期間、同一用法・用量で継続して併用し、安定した血圧コントロールが得られている場合に、本剤への切り替えを検討すること。",成人には1日1回1錠(テルミサルタン/アムロジピン/ヒドロクロロチアジドとして80mg/5mg/12.5mg)を経口投与する。本剤は高血圧治療の第一選択薬として用いない。,血中尿酸増加、高尿酸血症、脂質異常症、浮動性めまい、体位性めまい、心房細動、頻脈、低血圧、起立性低血圧、紫斑、血中クレアチニン増加," 本剤の成分、ジヒドロピリジン系化合物及びチアジド系薬
剤又はその類似化合物（例えばクロルタリドン等のスルフォン
アミド誘導体）に対し過敏症の既往歴のある患者
妊婦又は妊娠している可能性のある女性
 肝障害のある患者
無尿の患者又は血液透析中の患者［本剤の効果が期待できな
い。］
 急性腎不全の患者
 体液中のナトリウム・カリウムが明らかに減少している患
者［低ナトリウム血症、低カリウム血症等の電解質失調を悪化
させるおそれがある。］
アリスキレンフマル酸塩を投与中の糖尿病患者（ただし、他
の降圧治療を行ってもなお血圧のコントロールが著しく不良
の患者を除く）
 デスモプレシン酢酸塩水和物（男性における夜間多尿による
夜間頻尿）を投与中の患者","血圧を下げるお薬です。
血圧を上げる物質（アンジオテンシンⅡ）の働きをおさえたり、血管や心臓の筋肉を収縮させるカルシウムの働きをおさえて血管をひろげたりするとともに、尿の量を増やし、余分な水分や塩分を排泄する働きがあります。",10錠×10シート（100錠）,錠剤,"有効成分
テルミサルタン　80mg
アムロジピンベシル酸塩　6.93mg
（アムロジピンとして5mg）
ヒドロクロロチアジド　12.5mg

添加物
メグルミン、ポリオキシエチレン［160］ポリオキシプロピレン［30］グリコール、D-マンニトール、結晶セルロース、トウモロコシデンプン、ヒドロキシプロピルセルロース、軽質無水ケイ酸、ステアリン酸マグネシウム、ヒプロメロース、マクロゴール
6000、酸化チタン、タルク、三二酸化鉄、黄色三二酸化鉄"
トラゼンタ錠5㎎,リナグリプチン,"2型糖尿病。
(効能又は効果に関連する注意)
 本剤の適用はあらかじめ糖尿病治療の基本である食事療法、運動療法を十分に行った上で効果が不十分な場合に限り考慮すること。",通常、成人にはリナグリプチンとして5mgを1日1回経口投与する。,便秘、浮腫、浮動性めまい、鼻咽頭炎、鼓腸、胃腸炎、体重増加、膵酵素増加、血中アミラーゼ増加、血中リパーゼ増加、肝酵素上昇," 本剤の成分に対し過敏症の既往歴のある患者
糖尿病性ケトアシドーシス、糖尿病性昏睡又は前昏睡、1型
糖尿病の患者
［輸液及びインスリンによる速やかな高血糖の是正が必須とな
るので本剤を投与すべきでない。］
 重症感染症、手術前後、重篤な外傷のある患者
［インスリン注射による血糖管理が望まれるので本剤の投与は
適さない。］","糖尿病を治療するお薬です。
血糖を一定に保つ物質を分解する酵素の働きをおさえ、血糖値を改善する働きがあります。",10錠×10シート（100錠）,錠剤,"有効成分
リナグリプチン5mg

添加物
 D-マンニトール、部分アルファー化デンプン、トウモロコシデンプン、コポビドン、ステアリン酸マグネシウム、ヒプロメロース、酸化チタン、タルク、マクロゴー6000NF、三二酸化鉄"
クエンメット配合錠,クエン酸カリウム・クエン酸ナトリウム,"痛風並びに高尿酸血症における酸性尿の改善。
アシドーシスの改善。","痛風並びに高尿酸血症における酸性尿の改善：
通常成人1回2錠を1日3回経口投与するが、尿検査でpH6.2から6.8の範囲に入るよう投与量を調整する。
アシドーシスの改善：
原則として成人1日量12錠を3～4回に分けて経口投与するが、年齢、体重、血液ガス分析結果などから患者の状況に応じ適宜増減する。",AST上昇、ALT上昇、Al－P上昇、γ－GTP上昇、胃不快感、下痢、悪心、胸やけ、嘔吐、食欲不振、発疹、高カリウム血症、徐脈、脱力感, ヘキサミンを投与中の患者,"体が酸性になっているのを改善する働きがあります。
痛風、高尿酸血症による酸性尿を改善するお薬です。",10錠×10シート（100錠）,錠剤,"有効成分
（乾燥重量として）
クエン酸カリウム231.5mg
（日局）クエン酸ナトリウム水和物195.0mg

添加物
無水クエン酸、結晶セルロー
ス、部分アルファー化デン
プン、ヒドロキシプロピル
セルロース、ステアリン酸
マグネシウム、ヒプロメロー
ス、マクロゴール6000、酸
化チタン、カルナウバロウ"
エンレスト錠１００ｍｇ,サクビトリルバルサルタンナトリウム水和物,"  成人：
慢性心不全(ただし、慢性心不全の標準的な治療を受けている患者に限る)。
小児：
慢性心不全。
 高血圧症。","〈慢性心不全〉
通常、成人にはサクビトリルバルサルタンとして1回50mgを開始用量として1日2回経口投与する。忍容性が認められる場合は、2～4週間の間隔で段階的に1回200mgまで増量する。1回投与量は50mg、100mg又は200mgとし、いずれの投与量においても1日2回経口投与する。なお、忍容性に応じて適宜減量する。

通常、1歳以上の小児には、サクビトリルバルサルタンとして次のとおり体重に応じた開始用量を1日2回経口投与する。忍容性が認められる場合は、2～4週間の間隔で段階的に目標用量まで増量する。なお、忍容性に応じて適宜減量する。

[小児における用量(1回投与量)] 1. 体重40kg未満：開始用量0.8mg/kg、第1漸増用量1.6mg/kg、第2漸増用量2.3mg/kg、目標用量3.1mg/kg。 1. 体重40kg以上50kg未満：開始用量0.8mg/kg、第1漸増用量50mg、第2漸増用量100mg、目標用量150mg。 1. 体重50kg以上：開始用量50mg、第1漸増用量100mg、第2漸増用量150mg、目標用量200mg。

    〈高血圧症〉

    通常、成人にはサクビトリルバルサルタンとして1回200mgを1日1回経口投与する。なお、年齢、症状により適宜増減するが、最大投与量は1回400mgを1日1回とする。",咳嗽、貧血、好酸球増多、低カリウム血症、食欲減退、低ナトリウム血症、浮動性めまい、体位性めまい、回転性めまい、頭痛、不眠,"本剤の成分に対し過敏症の既往歴のある患者
アンジオテンシン変換酵素阻害薬（アラセプリル、イ
ミダプリル塩酸塩、エナラプリルマレイン酸塩、カプト
プリル、キナプリル塩酸塩、シラザプリル水和物、テモ
カプリル塩酸塩、デラプリル塩酸塩、トランドラプリル、
ベナゼプリル塩酸塩、ペリンドプリルエルブミン、リシ
ノプリル水和物）を投与中の患者、あるいは投与中止か
ら36時間以内の患者
血管性浮腫の既往歴のある患者（アンジオテンシンⅡ
受容体拮抗薬又はアンジオテンシン変換酵素阻害薬によ
る血管性浮腫、遺伝性血管性浮腫、後天性血管性浮腫、
特発性血管性浮腫等）
アリスキレンフマル酸塩を投与中の糖尿病患者（ただ
し、他の降圧治療を行ってもなお血圧のコントロールが
著しく不良の患者を除く）
重度の肝機能障害（Child-Pugh分類C）のある患者
 妊婦又は妊娠している可能性のある女性［","息切れ、むくみなどの心不全の症状をやわらげるお薬です。
血圧を下げるお薬です。
心臓の働きを助け、心不全を悪化させる物質（アンジオテンシンⅡ）の働きをおさえます。
血管をひろげるとともに、血圧を上げる物質（アンジオテンシンⅡ）の働きをおさえます。",10錠×10シート（100錠）,錠剤,"有効成分
サクビトリルバルサルタンナトリウム水和物
113.103mg（サクビトリルバルサルタンとして100mg：サクビトリル48.6mg及びバルサルタン51.4mgに相当）

添加物
セルロース、ヒドロキシプロピルセルロース、クロスポビドン、ステアリン酸マグネウム、タルク、無水ケイ酸、ヒプロメロース、ポリエチレングリコール、酸化チタン、三二
酸化鉄"
エンレスト錠２００ｍｇ,サクビトリルバルサルタンナトリウム水和物,"  成人：
慢性心不全(ただし、慢性心不全の標準的な治療を受けている患者に限る)。
小児：
慢性心不全。
 高血圧症。","〈慢性心不全〉
通常、成人にはサクビトリルバルサルタンとして1回50mgを開始用量として1日2回経口投与する。忍容性が認められる場合は、2～4週間の間隔で段階的に1回200mgまで増量する。1回投与量は50mg、100mg又は200mgとし、いずれの投与量においても1日2回経口投与する。なお、忍容性に応じて適宜減量する。

通常、1歳以上の小児には、サクビトリルバルサルタンとして次のとおり体重に応じた開始用量を1日2回経口投与する。忍容性が認められる場合は、2～4週間の間隔で段階的に目標用量まで増量する。なお、忍容性に応じて適宜減量する。

[小児における用量(1回投与量)] 1. 体重40kg未満：開始用量0.8mg/kg、第1漸増用量1.6mg/kg、第2漸増用量2.3mg/kg、目標用量3.1mg/kg。 1. 体重40kg以上50kg未満：開始用量0.8mg/kg、第1漸増用量50mg、第2漸増用量100mg、目標用量150mg。 1. 体重50kg以上：開始用量50mg、第1漸増用量100mg、第2漸増用量150mg、目標用量200mg。

    〈高血圧症〉

    通常、成人にはサクビトリルバルサルタンとして1回200mgを1日1回経口投与する。なお、年齢、症状により適宜増減するが、最大投与量は1回400mgを1日1回とする。",咳嗽、貧血、好酸球増多、低カリウム血症、食欲減退、低ナトリウム血症、浮動性めまい、体位性めまい、回転性めまい、頭痛、不眠,"本剤の成分に対し過敏症の既往歴のある患者
アンジオテンシン変換酵素阻害薬（アラセプリル、イ
ミダプリル塩酸塩、エナラプリルマレイン酸塩、カプト
プリル、キナプリル塩酸塩、シラザプリル水和物、テモ
カプリル塩酸塩、デラプリル塩酸塩、トランドラプリル、
ベナゼプリル塩酸塩、ペリンドプリルエルブミン、リシ
ノプリル水和物）を投与中の患者、あるいは投与中止か
ら36時間以内の患者
血管性浮腫の既往歴のある患者（アンジオテンシンⅡ
受容体拮抗薬又はアンジオテンシン変換酵素阻害薬によ
る血管性浮腫、遺伝性血管性浮腫、後天性血管性浮腫、
特発性血管性浮腫等）
アリスキレンフマル酸塩を投与中の糖尿病患者（ただ
し、他の降圧治療を行ってもなお血圧のコントロールが
著しく不良の患者を除く）
重度の肝機能障害（Child-Pugh分類C）のある患者
 妊婦又は妊娠している可能性のある女性［","息切れ、むくみなどの心不全の症状をやわらげるお薬です。
血圧を下げるお薬です。
心臓の働きを助け、心不全を悪化させる物質（アンジオテンシンⅡ）の働きをおさえます。
血管をひろげるとともに、血圧を上げる物質（アンジオテンシンⅡ）の働きをおさえます。",10錠×10シート（100錠）,錠剤,"有効成分
サクビトリルバルサルタンナトリウム水和物
226.206mg（サクビトリルバルサルタンとして200mg：サクビトリル97.2mg及びバルサルタン102.8mgに相当）

添加物
セルロース、ヒドロキシプロピルセルロース、クロスポビドン、ステアリン酸マグネシウム、タルク、無水ケイ酸、ヒプロメロース、ポリエチレングリコール、酸化チタン、三二酸化鉄、酸化鉄"
トラネキサム酸錠２５０ｍｇ「ＹＤ」,トラネキサム酸,"全身性線溶亢進が関与すると考えられる出血傾向(白血病、再生不良性貧血、紫斑病等、及び手術中・術後の異常出血)。
局所線溶亢進が関与すると考えられる異常出血(肺出血、鼻出血、性器出血、腎出血、前立腺手術中・術後の異常出血)。
次記疾患における紅斑・腫脹・そう痒等の症状：
湿疹及びその類症、蕁麻疹、薬疹・中毒疹。
次記疾患における咽頭痛・発赤・充血・腫脹等の症状：
扁桃炎、咽喉頭炎。
口内炎における口内痛及び口内粘膜アフター。",トラネキサム酸として、通常成人1日750～2000mgを3～4回に分割経口投与する。なお、年齢、症状により適宜増減する。,食欲不振、悪心、嘔吐、下痢、胸やけ、過敏症、そう痒感、発疹、眠気,トロンビンを投与中の患者,"血液を固めないように働くプラスミンの働きをおさえ、出血をおさえる働きを助けます。
血液を固めないように働くプラスミンの働きをおさえることで、アレルギーや炎症もおさえる働きがあります。
口内炎における口内痛および口内粘膜アフタを治療するお薬です。
出血をおさえる働きを助けるお薬です。また、湿疹やじんま疹、口内炎などを治療するお薬です。
炎症をおさえたり、じんま疹、湿疹などのアレルギー症状をおさえる働きがあります。",10錠×10シート（100錠）,錠剤,"有効成分
トラネキサム酸250mg

添加物
セルロース、硬化油、ヒドロキシプロピルセルロース、ステアリン酸Mg"
トラネキサム酸錠５００ｍｇ「ＹＤ」,トラネキサム酸,"全身性線溶亢進が関与すると考えられる出血傾向(白血病、再生不良性貧血、紫斑病等、及び手術中・術後の異常出血)。
局所線溶亢進が関与すると考えられる異常出血(肺出血、鼻出血、性器出血、腎出血、前立腺手術中・術後の異常出血)。
次記疾患における紅斑・腫脹・そう痒等の症状：
湿疹及びその類症、蕁麻疹、薬疹・中毒疹。
次記疾患における咽頭痛・発赤・充血・腫脹等の症状：
扁桃炎、咽喉頭炎。
口内炎における口内痛及び口内粘膜アフター。",トラネキサム酸として、通常成人1日750～2000mgを3～4回に分割経口投与する。なお、年齢、症状により適宜増減する。,食欲不振、悪心、嘔吐、下痢、胸やけ、過敏症、そう痒感、発疹、眠気,トロンビンを投与中の患者,"血液を固めないように働くプラスミンの働きをおさえ、出血をおさえる働きを助けます。
血液を固めないように働くプラスミンの働きをおさえることで、アレルギーや炎症もおさえる働きがあります。
口内炎における口内痛および口内粘膜アフタを治療するお薬です。
出血をおさえる働きを助けるお薬です。また、湿疹やじんま疹、口内炎などを治療するお薬です。
炎症をおさえたり、じんま疹、湿疹などのアレルギー症状をおさえる働きがあります。",10錠×10シート（100錠）,錠剤,"有効成分
トラネキサム酸500mg

添加物
セルロース、硬化油、ヒドロキシプロピルセルロース、ステアリン酸Mg"
リベルサス錠３ｍｇ,セマグルチド（遺伝子組換え）,"2型糖尿病。
(効能又は効果に関連する注意)
本剤の適用は、あらかじめ糖尿病治療の基本である食事療法、運動療法を十分に行ったうえで効果が不十分な場合に限り考慮すること。","通常、成人には、セマグルチド(遺伝子組換え)として1日1回7mgを維持用量とし経口投与する。ただし、1日1回3mgから開始し、4週間以上投与した後、1日1回7mgに増量する。なお、患者の状態に応じて適宜増減するが、1日1回7mgを4週間以上投与しても効果不十分な場合には、1日1回14mgに増量することができる。

(用法及び用量に関連する注意)
本剤の吸収は胃の内容物により低下することから、本剤は、1日のうちの最初の食事又は飲水の前に、空腹の状態でコップ約半分の水(約120mL以下)とともに3mg錠又は14mg錠を1錠服用し、また、服用時及び服用後少なくとも30分は、飲食を避けること及び服用時及び服用後少なくとも30分は、他の薬剤の経口摂取を避けること。分割・粉砕及びかみ砕いて服用してはならない。
投与を忘れた場合はその日は投与せず、翌日投与すること。",悪心、下痢、腹痛、便秘、食欲減退、浮動性めまい、味覚異常、糖尿病網膜症、腹部不快感、消化不良、上腹部痛,"本剤の成分に対し過敏症の既往歴のある患者 
糖尿病性ケトアシドーシス、糖尿病性昏睡又は前昏睡、１型
糖尿病の患者［インスリン製剤による速やかな治療が必須と
なるので、本剤を投与すべきでない。］ 
重症感染症、手術等の緊急の場合［インスリン製剤による血
糖管理が望まれるので、本剤の投与は適さない。］ ","
糖尿病を治療するお薬です。
血糖に応じてインスリンの分泌を促し、血糖値を改善する働きがあります。",10錠×10シート（100錠）,錠剤,"有効成分
セマグルチド(遺伝子組換え) 3mg 

添加物
サルカプロザートナトリウム、ポビドン、 
結晶セルロース、ステアリン酸マグネシウム"
リベルサス錠７ｍｇ,セマグルチド（遺伝子組換え）,"2型糖尿病。
(効能又は効果に関連する注意)
本剤の適用は、あらかじめ糖尿病治療の基本である食事療法、運動療法を十分に行ったうえで効果が不十分な場合に限り考慮すること。","通常、成人には、セマグルチド(遺伝子組換え)として1日1回7mgを維持用量とし経口投与する。ただし、1日1回3mgから開始し、4週間以上投与した後、1日1回7mgに増量する。なお、患者の状態に応じて適宜増減するが、1日1回7mgを4週間以上投与しても効果不十分な場合には、1日1回14mgに増量することができる。

(用法及び用量に関連する注意)
本剤の吸収は胃の内容物により低下することから、本剤は、1日のうちの最初の食事又は飲水の前に、空腹の状態でコップ約半分の水(約120mL以下)とともに3mg錠又は14mg錠を1錠服用し、また、服用時及び服用後少なくとも30分は、飲食を避けること及び服用時及び服用後少なくとも30分は、他の薬剤の経口摂取を避けること。分割・粉砕及びかみ砕いて服用してはならない。
投与を忘れた場合はその日は投与せず、翌日投与すること。",悪心、下痢、腹痛、便秘、食欲減退、浮動性めまい、味覚異常、糖尿病網膜症、腹部不快感、消化不良、上腹部痛,"本剤の成分に対し過敏症の既往歴のある患者 
糖尿病性ケトアシドーシス、糖尿病性昏睡又は前昏睡、１型
糖尿病の患者［インスリン製剤による速やかな治療が必須と
なるので、本剤を投与すべきでない。］ 
重症感染症、手術等の緊急の場合［インスリン製剤による血
糖管理が望まれるので、本剤の投与は適さない。］ ","
糖尿病を治療するお薬です。
血糖に応じてインスリンの分泌を促し、血糖値を改善する働きがあります。",10錠×10シート（100錠）,錠剤,"有効成分
セマグルチド(遺伝子組換え) 3mg 

添加物
サルカプロザートナトリウム、ポビドン、 
結晶セルロース、ステアリン酸マグネシウム"
リベルサス錠１４ｍｇ,セマグルチド（遺伝子組換え）,"2型糖尿病。
(効能又は効果に関連する注意)
本剤の適用は、あらかじめ糖尿病治療の基本である食事療法、運動療法を十分に行ったうえで効果が不十分な場合に限り考慮すること。","通常、成人には、セマグルチド(遺伝子組換え)として1日1回7mgを維持用量とし経口投与する。ただし、1日1回3mgから開始し、4週間以上投与した後、1日1回7mgに増量する。なお、患者の状態に応じて適宜増減するが、1日1回7mgを4週間以上投与しても効果不十分な場合には、1日1回14mgに増量することができる。

(用法及び用量に関連する注意)
本剤の吸収は胃の内容物により低下することから、本剤は、1日のうちの最初の食事又は飲水の前に、空腹の状態でコップ約半分の水(約120mL以下)とともに3mg錠又は14mg錠を1錠服用し、また、服用時及び服用後少なくとも30分は、飲食を避けること及び服用時及び服用後少なくとも30分は、他の薬剤の経口摂取を避けること。分割・粉砕及びかみ砕いて服用してはならない。
投与を忘れた場合はその日は投与せず、翌日投与すること。",悪心、下痢、腹痛、便秘、食欲減退、浮動性めまい、味覚異常、糖尿病網膜症、腹部不快感、消化不良、上腹部痛,"本剤の成分に対し過敏症の既往歴のある患者 
糖尿病性ケトアシドーシス、糖尿病性昏睡又は前昏睡、１型
糖尿病の患者［インスリン製剤による速やかな治療が必須と
なるので、本剤を投与すべきでない。］ 
重症感染症、手術等の緊急の場合［インスリン製剤による血
糖管理が望まれるので、本剤の投与は適さない。］ ","
糖尿病を治療するお薬です。
血糖に応じてインスリンの分泌を促し、血糖値を改善する働きがあります。",10錠×10シート（100錠）,錠剤,"有効成分
セマグルチド(遺伝子組換え) 3mg 

添加物
サルカプロザートナトリウム、ポビドン、 
結晶セルロース、ステアリン酸マグネシウム"
ハイパジールコーワ点眼液0.25％,ニプラジロール液,緑内障、高眼圧症。,"通常、1回1滴、1日2回点眼する。

",結膜充血、表層角膜炎、角膜びらん、眼瞼炎、眼瞼発赤、眼瞼浮腫、眼刺激症状、眼がしみる感じ、眼灼熱感、眼のかゆみ、眼異物感,"本剤の成分に対し過敏症の既往歴のある患者
気管支喘息、気管支痙攣又はそれらの既往歴のある患者、
重篤な慢性閉塞性肺疾患のある患者［喘息発作の誘発・増悪
がみられるおそれがある。］
コントロール不十分な心不全、洞性徐脈、房室ブロック
（Ⅱ、Ⅲ度）又は心原性ショックのある患者［これらの症状
を増悪させるおそれがある。］","目の中の液の産生を減らし、眼圧を下げる働きがあります。
緑内障などにより眼圧が高くなっている人の眼圧を下げる目薬です。",10瓶（50ml）,点眼,"有効成分
 1mL中　ニプラジロール2.5mg

添加物
リン酸水素Na、リン酸二水素K、希塩酸、塩化Na、ベンザルコニウム塩化物液"
タチオン錠１００ｍｇ,グルタチオン," 薬物中毒。
アセトン血性嘔吐症(自家中毒、周期性嘔吐症)。
金属中毒。
妊娠悪阻。
 妊娠高血圧症候群。","還元型グルタチオンとして、通常成人1回50～100mgを1日1～3回経口投与する。

なお、年齢、症状により適宜増減する。",過敏症、発疹、食欲不振、悪心、嘔吐、胃痛,特になし,"代謝障害を改善する働きがある解毒剤です。
妊娠高血圧症候群や薬などの中毒による吐き気などの症状をおさえるお薬です。",12錠×10シート（120錠）,錠剤,"有効成分
日局　グルタチオン100mg

添加物
乳糖水和物、カルメロースカルシウ
ム、ステアリン酸マグネシウム、硬
化油、軽質無水ケイ酸、ヒドロキシ
プロピルセルロース、精製白糖、ア
ラビアゴム末、タルク、リン酸水素
カルシウム水和物、カオリン、酸化
チタン、カルナウバロウ"
ゼップバウンド皮下注2.5mgアテオス,チルゼパチド,"肥満症：ただし、高血圧、脂質異常症又は2型糖尿病のいずれかを有し、食事療法・運動療法を行っても十分な効果が得られず、次に該当する場合に限る(BMIが27kg/㎡以上であり、2つ以上の肥満に関連する健康障害を有する、BMIが35kg/㎡以上)。

(効能又は効果に関連する注意)
本剤の適用にあたっては、あらかじめ肥満症治療の基本である食事療法・運動療法を行っても、十分な効果が得られない場合で、薬物治療の対象として適切と判断された患者のみを対象とすること。肥満に関連する健康障害は、臨床試験に組み入れられた患者背景を参考に判断すること","通常、成人には、チルゼパチドとして週1回2.5mgから開始し、4週間の間隔で2.5mgずつ増量し、週1回10mgを皮下注射する。

なお、患者の状態に応じて適宜増減するが、週1回5mgまで減量、又は4週間以上の間隔で2.5mgずつ週1回15mgまで増量できる。

(用法及び用量に関連する注意)
本剤の用量調節に際しては、次の点に留意すること。
・ 胃腸障害等の発現により忍容性が得られない患者では減量又は漸増の延期を考慮すること。

・ 患者の体重減少の程度や本剤に対する忍容性に応じて、週1回5mgで治療を継続することも考慮すること

本剤は週1回投与する薬剤であり、同一曜日に投与させること。
投与を忘れた場合は、次回投与までの期間が3日間(72時間)以上であれば気づいた時点で直ちに投与しその後はあらかじめ定めた曜日に投与、3日間(72時間)未満であれば投与せず次のあらかじめ定めた曜日に投与すること。なお、週1回投与の曜日を変更する必要がある場合は、前回投与から少なくとも3日間(72時間)以上間隔を空けること。",嘔吐、腹痛、便秘、悪心、下痢、消化不良、食欲減退、注射部位反応、紅斑、そう痒感、疼痛,"本剤の成分に対し過敏症の既往歴のある患者
糖尿病性ケトアシドーシス、糖尿病性昏睡又は前昏睡、1型
糖尿病の患者［インスリン製剤による速やかな治療が必須と
なるので、本剤を投与すべきでない。］
 2型糖尿病を有する患者における重症感染症、手術等の緊急
の場合［インスリン製剤による血糖管理が望まれるので、本
剤の投与は適さない。","食欲を減退させたり、満腹感を高めることにより、体重を減らす働きがあります。
肥満症に用いるお薬です。",2キット×1箱,注射,"有効成分
1キット中
チルゼパチド2.5mg

添加物
リン酸水素二ナトリウム七水和物0.7mg
塩化ナトリウム4.1mg
塩酸　適量
水酸化ナトリウム　適量
"
ゼップバウンド皮下注5mgアテオス,チルゼパチド,"肥満症：ただし、高血圧、脂質異常症又は2型糖尿病のいずれかを有し、食事療法・運動療法を行っても十分な効果が得られず、次に該当する場合に限る(BMIが27kg/㎡以上であり、2つ以上の肥満に関連する健康障害を有する、BMIが35kg/㎡以上)。

(効能又は効果に関連する注意)
本剤の適用にあたっては、あらかじめ肥満症治療の基本である食事療法・運動療法を行っても、十分な効果が得られない場合で、薬物治療の対象として適切と判断された患者のみを対象とすること。肥満に関連する健康障害は、臨床試験に組み入れられた患者背景を参考に判断すること","通常、成人には、チルゼパチドとして週1回2.5mgから開始し、4週間の間隔で2.5mgずつ増量し、週1回10mgを皮下注射する。

なお、患者の状態に応じて適宜増減するが、週1回5mgまで減量、又は4週間以上の間隔で2.5mgずつ週1回15mgまで増量できる。

(用法及び用量に関連する注意)
本剤の用量調節に際しては、次の点に留意すること。
・ 胃腸障害等の発現により忍容性が得られない患者では減量又は漸増の延期を考慮すること。

・ 患者の体重減少の程度や本剤に対する忍容性に応じて、週1回5mgで治療を継続することも考慮すること

本剤は週1回投与する薬剤であり、同一曜日に投与させること。
投与を忘れた場合は、次回投与までの期間が3日間(72時間)以上であれば気づいた時点で直ちに投与しその後はあらかじめ定めた曜日に投与、3日間(72時間)未満であれば投与せず次のあらかじめ定めた曜日に投与すること。なお、週1回投与の曜日を変更する必要がある場合は、前回投与から少なくとも3日間(72時間)以上間隔を空けること。",嘔吐、腹痛、便秘、悪心、下痢、消化不良、食欲減退、注射部位反応、紅斑、そう痒感、疼痛,"本剤の成分に対し過敏症の既往歴のある患者
糖尿病性ケトアシドーシス、糖尿病性昏睡又は前昏睡、1型
糖尿病の患者［インスリン製剤による速やかな治療が必須と
なるので、本剤を投与すべきでない。］
 2型糖尿病を有する患者における重症感染症、手術等の緊急
の場合［インスリン製剤による血糖管理が望まれるので、本
剤の投与は適さない。","食欲を減退させたり、満腹感を高めることにより、体重を減らす働きがあります。
肥満症に用いるお薬です。",2キット×1箱,注射,"有効成分
1キット中
チルゼパチド5mg

添加物
リン酸水素二ナトリウム七水和物0.7mg
塩化ナトリウム4.1mg
塩酸　適量
水酸化ナトリウム　適量
"
ゼップバウンド皮下注7.5mgアテオス,チルゼパチド,"肥満症：ただし、高血圧、脂質異常症又は2型糖尿病のいずれかを有し、食事療法・運動療法を行っても十分な効果が得られず、次に該当する場合に限る(BMIが27kg/㎡以上であり、2つ以上の肥満に関連する健康障害を有する、BMIが35kg/㎡以上)。

(効能又は効果に関連する注意)
本剤の適用にあたっては、あらかじめ肥満症治療の基本である食事療法・運動療法を行っても、十分な効果が得られない場合で、薬物治療の対象として適切と判断された患者のみを対象とすること。肥満に関連する健康障害は、臨床試験に組み入れられた患者背景を参考に判断すること","通常、成人には、チルゼパチドとして週1回2.5mgから開始し、4週間の間隔で2.5mgずつ増量し、週1回10mgを皮下注射する。

なお、患者の状態に応じて適宜増減するが、週1回5mgまで減量、又は4週間以上の間隔で2.5mgずつ週1回15mgまで増量できる。

(用法及び用量に関連する注意)
本剤の用量調節に際しては、次の点に留意すること。
・ 胃腸障害等の発現により忍容性が得られない患者では減量又は漸増の延期を考慮すること。

・ 患者の体重減少の程度や本剤に対する忍容性に応じて、週1回5mgで治療を継続することも考慮すること

本剤は週1回投与する薬剤であり、同一曜日に投与させること。
投与を忘れた場合は、次回投与までの期間が3日間(72時間)以上であれば気づいた時点で直ちに投与しその後はあらかじめ定めた曜日に投与、3日間(72時間)未満であれば投与せず次のあらかじめ定めた曜日に投与すること。なお、週1回投与の曜日を変更する必要がある場合は、前回投与から少なくとも3日間(72時間)以上間隔を空けること。",嘔吐、腹痛、便秘、悪心、下痢、消化不良、食欲減退、注射部位反応、紅斑、そう痒感、疼痛,"本剤の成分に対し過敏症の既往歴のある患者
糖尿病性ケトアシドーシス、糖尿病性昏睡又は前昏睡、1型
糖尿病の患者［インスリン製剤による速やかな治療が必須と
なるので、本剤を投与すべきでない。］
 2型糖尿病を有する患者における重症感染症、手術等の緊急
の場合［インスリン製剤による血糖管理が望まれるので、本
剤の投与は適さない。","食欲を減退させたり、満腹感を高めることにより、体重を減らす働きがあります。
肥満症に用いるお薬です。",2キット×1箱,注射,"有効成分
1キット中
チルゼパチド7.5mg

添加物
リン酸水素二ナトリウム七水和物0.7mg
塩化ナトリウム4.1mg
塩酸　適量
水酸化ナトリウム　適量
"
ゼップバウンド皮下注10mgアテオス,チルゼパチド,"肥満症：ただし、高血圧、脂質異常症又は2型糖尿病のいずれかを有し、食事療法・運動療法を行っても十分な効果が得られず、次に該当する場合に限る(BMIが27kg/㎡以上であり、2つ以上の肥満に関連する健康障害を有する、BMIが35kg/㎡以上)。

(効能又は効果に関連する注意)
本剤の適用にあたっては、あらかじめ肥満症治療の基本である食事療法・運動療法を行っても、十分な効果が得られない場合で、薬物治療の対象として適切と判断された患者のみを対象とすること。肥満に関連する健康障害は、臨床試験に組み入れられた患者背景を参考に判断すること","通常、成人には、チルゼパチドとして週1回2.5mgから開始し、4週間の間隔で2.5mgずつ増量し、週1回10mgを皮下注射する。

なお、患者の状態に応じて適宜増減するが、週1回5mgまで減量、又は4週間以上の間隔で2.5mgずつ週1回15mgまで増量できる。

(用法及び用量に関連する注意)
本剤の用量調節に際しては、次の点に留意すること。
・ 胃腸障害等の発現により忍容性が得られない患者では減量又は漸増の延期を考慮すること。

・ 患者の体重減少の程度や本剤に対する忍容性に応じて、週1回5mgで治療を継続することも考慮すること

本剤は週1回投与する薬剤であり、同一曜日に投与させること。
投与を忘れた場合は、次回投与までの期間が3日間(72時間)以上であれば気づいた時点で直ちに投与しその後はあらかじめ定めた曜日に投与、3日間(72時間)未満であれば投与せず次のあらかじめ定めた曜日に投与すること。なお、週1回投与の曜日を変更する必要がある場合は、前回投与から少なくとも3日間(72時間)以上間隔を空けること。",嘔吐、腹痛、便秘、悪心、下痢、消化不良、食欲減退、注射部位反応、紅斑、そう痒感、疼痛,"本剤の成分に対し過敏症の既往歴のある患者
糖尿病性ケトアシドーシス、糖尿病性昏睡又は前昏睡、1型
糖尿病の患者［インスリン製剤による速やかな治療が必須と
なるので、本剤を投与すべきでない。］
 2型糖尿病を有する患者における重症感染症、手術等の緊急
の場合［インスリン製剤による血糖管理が望まれるので、本
剤の投与は適さない。","食欲を減退させたり、満腹感を高めることにより、体重を減らす働きがあります。
肥満症に用いるお薬です。",2キット×1箱,注射,"有効成分
1キット中
チルゼパチド10mg

添加物
リン酸水素二ナトリウム七水和物0.7mg
塩化ナトリウム4.1mg
塩酸　適量
水酸化ナトリウム　適量
"
ゼップバウンド皮下注12.5mgアテオス,チルゼパチド,"肥満症：ただし、高血圧、脂質異常症又は2型糖尿病のいずれかを有し、食事療法・運動療法を行っても十分な効果が得られず、次に該当する場合に限る(BMIが27kg/㎡以上であり、2つ以上の肥満に関連する健康障害を有する、BMIが35kg/㎡以上)。

(効能又は効果に関連する注意)
本剤の適用にあたっては、あらかじめ肥満症治療の基本である食事療法・運動療法を行っても、十分な効果が得られない場合で、薬物治療の対象として適切と判断された患者のみを対象とすること。肥満に関連する健康障害は、臨床試験に組み入れられた患者背景を参考に判断すること","通常、成人には、チルゼパチドとして週1回2.5mgから開始し、4週間の間隔で2.5mgずつ増量し、週1回10mgを皮下注射する。

なお、患者の状態に応じて適宜増減するが、週1回5mgまで減量、又は4週間以上の間隔で2.5mgずつ週1回15mgまで増量できる。

(用法及び用量に関連する注意)
本剤の用量調節に際しては、次の点に留意すること。
・ 胃腸障害等の発現により忍容性が得られない患者では減量又は漸増の延期を考慮すること。

・ 患者の体重減少の程度や本剤に対する忍容性に応じて、週1回5mgで治療を継続することも考慮すること

本剤は週1回投与する薬剤であり、同一曜日に投与させること。
投与を忘れた場合は、次回投与までの期間が3日間(72時間)以上であれば気づいた時点で直ちに投与しその後はあらかじめ定めた曜日に投与、3日間(72時間)未満であれば投与せず次のあらかじめ定めた曜日に投与すること。なお、週1回投与の曜日を変更する必要がある場合は、前回投与から少なくとも3日間(72時間)以上間隔を空けること。",嘔吐、腹痛、便秘、悪心、下痢、消化不良、食欲減退、注射部位反応、紅斑、そう痒感、疼痛,"本剤の成分に対し過敏症の既往歴のある患者
糖尿病性ケトアシドーシス、糖尿病性昏睡又は前昏睡、1型
糖尿病の患者［インスリン製剤による速やかな治療が必須と
なるので、本剤を投与すべきでない。］
 2型糖尿病を有する患者における重症感染症、手術等の緊急
の場合［インスリン製剤による血糖管理が望まれるので、本
剤の投与は適さない。","食欲を減退させたり、満腹感を高めることにより、体重を減らす働きがあります。
肥満症に用いるお薬です。",2キット×1箱,注射,"有効成分
1キット中
チルゼパチド12.5mg

添加物
リン酸水素二ナトリウム七水和物0.7mg
塩化ナトリウム4.1mg
塩酸　適量
水酸化ナトリウム　適量
"
ゼップバウンド皮下注15mgアテオス,チルゼパチド,"肥満症：ただし、高血圧、脂質異常症又は2型糖尿病のいずれかを有し、食事療法・運動療法を行っても十分な効果が得られず、次に該当する場合に限る(BMIが27kg/㎡以上であり、2つ以上の肥満に関連する健康障害を有する、BMIが35kg/㎡以上)。

(効能又は効果に関連する注意)
本剤の適用にあたっては、あらかじめ肥満症治療の基本である食事療法・運動療法を行っても、十分な効果が得られない場合で、薬物治療の対象として適切と判断された患者のみを対象とすること。肥満に関連する健康障害は、臨床試験に組み入れられた患者背景を参考に判断すること","通常、成人には、チルゼパチドとして週1回2.5mgから開始し、4週間の間隔で2.5mgずつ増量し、週1回10mgを皮下注射する。

なお、患者の状態に応じて適宜増減するが、週1回5mgまで減量、又は4週間以上の間隔で2.5mgずつ週1回15mgまで増量できる。

(用法及び用量に関連する注意)
本剤の用量調節に際しては、次の点に留意すること。
・ 胃腸障害等の発現により忍容性が得られない患者では減量又は漸増の延期を考慮すること。

・ 患者の体重減少の程度や本剤に対する忍容性に応じて、週1回5mgで治療を継続することも考慮すること

本剤は週1回投与する薬剤であり、同一曜日に投与させること。
投与を忘れた場合は、次回投与までの期間が3日間(72時間)以上であれば気づいた時点で直ちに投与しその後はあらかじめ定めた曜日に投与、3日間(72時間)未満であれば投与せず次のあらかじめ定めた曜日に投与すること。なお、週1回投与の曜日を変更する必要がある場合は、前回投与から少なくとも3日間(72時間)以上間隔を空けること。",嘔吐、腹痛、便秘、悪心、下痢、消化不良、食欲減退、注射部位反応、紅斑、そう痒感、疼痛,"本剤の成分に対し過敏症の既往歴のある患者
糖尿病性ケトアシドーシス、糖尿病性昏睡又は前昏睡、1型
糖尿病の患者［インスリン製剤による速やかな治療が必須と
なるので、本剤を投与すべきでない。］
 2型糖尿病を有する患者における重症感染症、手術等の緊急
の場合［インスリン製剤による血糖管理が望まれるので、本
剤の投与は適さない。","食欲を減退させたり、満腹感を高めることにより、体重を減らす働きがあります。
肥満症に用いるお薬です。",2キット×1箱,注射,"有効成分
1キット中
チルゼパチド15mg

添加物
リン酸水素二ナトリウム七水和物0.7mg
塩化ナトリウム4.1mg
塩酸　適量
水酸化ナトリウム　適量
"