JAN,GS1,薬名,製造販売元,大分類,小分類,入数,単位,先発・後発,売値（税別）,税率,売値（税込）,商品名,功效,商品图片
4987028210726,,チョコラＡ錠１万単位,アルフレッサファーマ,医療用医薬品,美白,100,錠,後発,"¥2,114",10%,"¥2,326",【视黄醇】Chocola维生素A片1万单位：100片 维生素A 护眼神器 粘膜修复,高浓度维A，改善夜盲、眼干及皮肤粗糙。,https://cache.triple-farm.com/npic/itemimg/TF005271_001_01.jpg?v=
4987039454621,,フォシーガ錠１０ｍｇ,アストラゼネカ,医療用医薬品,降血糖,100,錠,先発,"¥48,956",10%,"¥53,851",【排糖药】达格列净片 Forxiga 10mg：100片 减肥黑科技 瘦身神器,,https://cache.triple-farm.com/npic/itemimg/TF708896_001_01.jpg?v=#
4987045650925,,クラシエ加味帰脾湯エキス細粒 3.75Ｇ,クラシエ,医療用医薬品,焦虑症,28,包,後発,"¥5,356",10%,"¥5,892",【失眠焦虑】Kracie汉方 加味归脾汤精华颗粒：28袋盒 失眠救星 补气血 焦虑调理,,https://static.kosei.com/public/import_images/package_images/5200016C1040A.jpg
4987045651007,,クラシエ加味逍遙散料エキス細粒 ３Ｇ,クラシエ,医療用医薬品,更年期障害,28,包,後発,"¥3,074",10%,"¥3,381",【更年期神药】 Kracie汉方 加味逍遙散料精华颗粒：28袋盒 补血调经痛经更年期,,https://cache.triple-farm.com/tfsg/sg/itemimg/TF003173_002_01.jpg?v=
4987047106017,,ディビゲル1mg,オリオンファーマ・ジャパン,医療用医薬品,更年期障害,140,包,先発,"¥9,604",10%,"¥10,564",【雌激素凝胶】涂抹式雌激素、卵巢保养 雌二醇凝胶 Estradiol 1mg 外用补充型护理凝胶 140袋/盒,,https://www.orionpharma.com/4a939c/globalassets/japan/images/divigel/img_id11930-prod1.jpg
4987060008688,,ベオーバ錠５０ｍｇ,杏林製薬,医療用医薬品,泌尿,100,錠,先発,"¥24,350",10%,"¥26,785",【膀胱急救】维贝格隆片Vibegron 50mg：100片 尿频尿急 憋不住尿专用药,,https://med.kissei.co.jp/dst01/img/bv-2t.jpg
4987123875561,,クエン酸第一鉄Na錠50mg「NIG」,日医工,医療用医薬品,补铁剂,100,錠,後発,"¥1,475",10%,"¥1,623",【贫血药】柠檬酸亚铁钠片50mg：100片 温和补铁剂孕期补铁剂,,https://cache.triple-farm.com/npic/itemimg/TF702818_001_01.jpg?v=#
4987080158110,,プソフェキ配合錠「サワイ」,沢井製薬,医療用医薬品,鼻炎,100,錠,後発,"¥4,160",10%,"¥4,576",【鼻炎特效药】普苏伐斯配合片：100片 鼻子通气 抗过敏 不瞌睡 过敏性鼻炎 缓解鼻塞流涕,,https://医薬品.shop/upload_files/medicine/20190509114636DSC_0016.JPG
4987080371113,,フィナステリド錠１ｍｇ「サワイ」,沢井製薬,医療用医薬品,防脱发/生发,28,錠,後発,"¥10,000",10%,"¥11,000",【掉发克星】非那雄胺片1mg：28片 男性型脱发预防 防脱发 发际线拯救 男士生发,,https://med.sawai.co.jp/file/pr45_1763.jpg
4987080537113,,ファモチジンＤ錠１０ｍｇ「サワイ」,沢井製薬,医療用医薬品,胃溃疡,100,錠,後発,"¥2,600",10%,"¥2,860",【胃部急救】法莫替丁D片Famotidine D 10mg：100片 胃药 加斯清平替 胃痛胃酸 口腔崩解片,ピロリ菌除菌薬とは併用可,https://med.sawai.co.jp/file/pr6_1102.jpg
4987080538110,,ファモチジンＤ錠20ｍｇ「サワイ」,沢井製薬,医療用医薬品,胃溃疡,100,錠,後発,"¥2,600",10%,"¥2,860",【胃部急救】法莫替丁D片Famotidine D 20mg：100片 胃药 加斯清平替 胃溃疡 胃酸反流控制 口腔崩解片,ピロリ菌除菌薬との併用可,https://med.sawai.co.jp/file/pr6_1103.jpg
4987080786016,,ボグリボース錠０．３ｍｇ「サワイ」,沢井製薬,医療用医薬品,降血糖,100,錠,後発,"¥2,600",10%,"¥2,860",【抗糖丸】阿卡波糖类控糖片Voglibose 0.3mg：100片 餐后血糖控制 断碳水神器、餐后阻断剂,,https://cache.triple-farm.com/npic/itemimg/TF008165_001_01.jpg?v=#
4987081100316,,ロキソニンテープ１００ｍｇ,リードケミカル,医療用医薬品,缓和疼痛,70,枚,先発,"¥2,464",10%,"¥2,710",【止痛贴剂】乐松贴Loxonin Tape 100mg：70枚 肌肉酸痛 肩颈痛 缓解炎症疼痛 无限回购,,https://cache.triple-farm.com/npic/itemimg/TF009273_002_01.jpg?v=#
4987081103003,,イナビル吸入粉末剤２０ｍｇ,第一三共,医療用医薬品,抗菌,2,キット,先発,"¥9,324",10%,"¥10,257",【流感神药】Inavir粉末吸入剂 20mg： 2套 流感季必用 一次性吸入式抗病毒药,,https://encrypted-tbn0.gstatic.com/images?q=tbn:ANd9GcThVVMJ1AM8bjGQ8iWWz5E2nxWwtY7Yr4ik5g&s
4987081108350,,ミネブロ錠２．５ｍｇ,第一三共,医療用医薬品,高血圧,100,錠,先発,"¥22,900",10%,"¥25,190",【降压药】米奈布洛片Minnebro 2.5mg：100片 控制血压 稳定心血管,,https://医薬品.shop/upload_files/medicine/20200722110315DSC_0003.jpg
4987081108558,,ミネブロ錠５ｍｇ,第一三共,医療用医薬品,高血圧,100,錠,先発,"¥30,533",10%,"¥33,587",【降压药】米奈布洛片Minnebro 5mg：100片 高血压长期管理,,https://www.kaiteki-pharma.co.jp/app/uploads/2022/04/o0277018214388639411.jpg
4987081109203,,ベルソムラ錠１０ｍｇ,ＭＳＤ,医療用医薬品,失眠,100,錠,先発,"¥13,860",10%,"¥15,246",【新一代安眠药】倍索姆拉片Belsomra 10mg：100片 改善睡眠困难 无依赖性 自然入 非苯二氮䓬类,オキシレチン受容体を阻害,https://godmedicinejapan.com/upload/save_image/03052055_65e70820b6036.jpg
4987081109210,,ベルソムラ錠１５ｍｇ,ＭＳＤ,医療用医薬品,失眠,100,錠,先発,"¥18,160",10%,"¥19,976",【新一代安眠药】倍索姆拉片Belsomra 15mg：100片 改善睡眠困难 无依赖性 自然入 非苯二氮䓬类,,https://image.packageinsert.jp/basic/1190023F1024/1190023F1024_000.jpg
4987128100996,,マンジャロ皮下注12.5ｍｇアテオス,日本イーライリリー,医療用医薬品,糖尿病/肥胖症,2,キット,先発,"¥34,982",10%,"¥38,480",【减肥黑科技】替尔泊肽 Mounjaro皮下注12.5mg：2支 GLP-1 躺瘦神针 超越司美格鲁肽,,https://image.packageinsert.jp/basic/2499422G5020/2499422G5020_001.jpg
4987084120366,,サンコバ点眼液０．０２％,参天製薬,医療用医薬品,眼疲劳,50,ml,先発,"¥2,290",10%,"¥2,519",【红色眼药水】Sancoba眼药水0.02%：50ml 去红血丝 抗疲劳 视力调节 氰钴胺 (维生素B12),,https://www.roppongi-kampo.com/wp-content/uploads/2022/01/%E3%82%B5%E3%83%B3%E3%82%B3%E3%83%8F%E3%82%99%E7%82%B9%E7%9C%BC%E6%B6%B20.02-5mL.png
4987084154149,,フルメトロン点眼液０．０２％,参天製薬,医療用医薬品,眼疲劳,50,ml,先発,"¥3,361",10%,"¥3,697",【消炎眼药水】氟米龙 Flumetholone眼药水0.02%：50ml 温和激素眼药 缓解结膜炎 轻度炎症,,https://www.santen.co.jp/medical-channel/image/di/photo/DB065_flumetholon002_S.jpg
4987084154248,,フルメトロン点眼液０．１％,参天製薬,医療用医薬品,眼疲劳,50,ml,先発,"¥4,242",10%,"¥4,667",【消炎眼药水】氟米龙 Flumetholone眼药水0.1%：50ml 温和激素眼药 缓解结膜炎 强炎症,,https://www.santen.co.jp/medical-channel/image/di/photo/DB066_flumetholon01_L.jpg
4987086533546,,ケトプロフェンテープ４０ｍｇ「三和」,救急薬品工業,医療用医薬品,缓和疼痛,70,枚,後発,"¥2,464",10%,"¥2,710",【镇痛贴】酮洛芬止痛贴 Ketoprofen Tape 40mg：70枚 强力消炎镇痛 久光平替 肩颈腰痛 扭伤拉伤 炎症缓解,,https://image.packageinsert.jp/basic/2649729S3203/2649729S3203_003.jpg
4987087034936,,シナール配合錠,シオノギファーマ,医療用医薬品,维生素C,100,錠,後発,"¥1,829",10%,"¥2,011",【美白神药】Cinal美白丸 VC复合片：100片 美白亮肤 提升免疫 祛痘印 去黄气维生素C + 泛酸钙(B5),,https://image.packageinsert.jp/basic/3179115F2034/3179115F2034_006.jpg
4987087042726,,ゾフルーザ錠２０ｍｇ,塩野義製薬,医療用医薬品,抗菌,10,錠,先発,"¥44,342",10%,"¥48,776",【流感神药】速福达 玛巴洛沙韦片20mg：10片 甲流应急 抗病毒发烧快退 抗流感特效药,,https://maiplemedical.com/cdn/shop/files/mai1_20241023_190041_0011_grande.png?v=1729678610
4987116530002,,メトグルコ錠２５０ｍｇ,住友ファーマ,医療用医薬品,糖尿病/肥胖症,100,錠,先発,"¥2,600",10%,"¥2,860",【控糖常备】Metgluco盐酸二甲双胍片Metformin 250mg（2型）：100片 减肥控糖 减脂辅助,"肥満に対する効果
  メトホルミンは、インスリン抵抗性を改善し、肝臓での糖新生や脂肪合成を抑えることで、血糖値を下げるだけでなく、体重を減らす効果も期待されています。
  食欲を抑制し、満腹感を持続させる作用もあるとされています。
  特に内臓脂肪の蓄積を抑える効果が期待されています。
  効果は比較的マイルドで、時間をかけて無理なく体重を減らしたい方に適しているとされています。",https://encrypted-tbn0.gstatic.com/images?q=tbn:ANd9GcRkokCnoUJkN3uIIqqp3t7RYdGpMV4BWGn9AQ&s
4987116530101,,メトグルコ錠５００ｍｇ,住友ファーマ,医療用医薬品,糖尿病/肥胖症,100,錠,先発,"¥2,311",10%,"¥2,542",【控糖常备】Metgluco盐酸二甲双胍片Metformin 500mg（2型）：100片 减肥控糖 稳定血糖 控制体重,,https://www.qlife.jp/meds/img/packageinsert/basic/3962002F3023/3962002F3023_006.jpg
4987120394409,,コルヒチン錠０．５ｍｇ「タカタ」,高田製薬,医療用医薬品,预防痛风发作,100,錠,後発,"¥2,400",10%,"¥2,640",【痛风急救】秋水仙碱片 Colchicine 0.5mg：100片 急性痛风止痛 降炎抑痛风发作 止痛神器 痛风发作专用,,https://www.qlife.jp/meds/img/packageinsert/basic/3941001F1077/3941001F1077_004.jpg
4987123154352,,タケキャブ錠1０ｍｇ,武田薬品工業,医療用医薬品,胃溃疡,100,錠,先発,"¥18,860",10%,"¥20,746",【最强胃药】护胃神器 武田高级胃药 沃诺拉赞 Vonoprazan 10mg：100片 胃酸反流 胃溃疡 反酸烧心特效药 无副作用,ピロリ菌除菌薬とは併用不可,https://www.qlife.jp/meds/img/packageinsert/basic/2329030F1020/2329030F1020_008.jpg
4987123154406,,タケキャブ錠２０ｍｇ,武田薬品工業,医療用医薬品,胃溃疡,100,錠,先発,"¥28,200",10%,"¥31,020",【最强胃药】护胃神器 武田高级胃药 沃诺拉赞 Vonoprazan 20mg：100片 胃溃疡 强力抑酸 反酸烧心特效药 高剂量版 无副作用,ピロリ菌除菌薬とは併用不可,https://www.qlife.jp/meds/img/packageinsert/basic/2329030F2027/2329030F2027_008.jpg
4987123158336,,ボノサップパック４００,武田薬品工業,医療用医薬品,除菌,7,シート,先発,"¥8,130",10%,"¥8,943",【幽门螺旋菌1次根除】武田 新款蓝三普400 杀菌套组 7天根除 防胃癌,,https://cache.triple-farm.com/tfsd/itemimg/TF706814_001_01.jpg?v=
4987123158343,,ボノサップパック８００,武田薬品工業,医療用医薬品,除菌,7,シート,先発,"¥10,223",10%,"¥11,245",【幽门螺旋菌1次强效根除】武田 新款蓝三普800 杀菌套组 7天根除 高剂量版 防胃癌,,https://cache.triple-farm.com/tfsd/itemimg/TF706815_001_01.jpg?v=
4987123158350,,ボノピオンパック,武田薬品工業,医療用医薬品,除菌,7,シート,先発,"¥7,535",10%,"¥8,289",【幽门螺旋菌2次根除】武田新款幽门 伏诺拉生 + 阿莫西林 + 甲硝唑,,https://cache.triple-farm.com/tfsg/sg/itemimg/TF706816_001_01.jpg?v=
4987123871907,,ベンズブロマロン錠２５ｍｇ「ＮＩＧ」,日医工岐阜工場,医療用医薬品,高尿酸血症,100,錠,後発,"¥1,525",10%,"¥1,678",【降酸药】苯溴马隆 Benzbromarone 25mg：100片 痛风长期管理 降尿酸痛风去根 排尿酸,,https://www.qlife.jp/meds/img/packageinsert/basic/3949002F1185/3949002F1185_001.jpg
4987125499521,,マンジャロ皮下注10ｍｇアテオス,日本イーライリリー,医療用医薬品,糖尿病/肥胖症,2,キット,先発,"¥30,784",10%,"¥33,862",【减肥黑科技】替尔泊肽 Mounjaro皮下注10mg：2支 GLP-1 躺瘦神针 超越司美格鲁肽,,https://image.packageinsert.jp/basic/2499422G4023/2499422G4023_001.jpg
4987128143511,,マンジャロ皮下注15ｍｇアテオス,日本イーライリリー,医療用医薬品,糖尿病/肥胖症,2,キット,先発,"¥46,176",10%,"¥50,794",【减肥黑科技】替尔泊肽 Mounjaro皮下注15mg：2支 GLP-1 躺瘦神针 超越司美格鲁肽,,https://image.packageinsert.jp/basic/2499422G6026/2499422G6026_001.jpg
4987128207602,,マンジャロ皮下注２．５ｍｇアテオス,日本イーライリリー,医療用医薬品,糖尿病/肥胖症,2,キット,先発,"¥8,551",10%,"¥9,406",【减肥黑科技】替尔泊肽 Mounjaro皮下注2.5mg：2支 GLP-1 躺瘦神针 超越司美格鲁肽,,https://www.mt-pharma.co.jp/news/assets/img/MTPC230418_im01.png
4987128255719,,マンジャロ皮下注7.5ｍｇアテオス,日本イーライリリー,医療用医薬品,糖尿病/肥胖症,2,キット,先発,"¥20,989",10%,"¥23,088",【减肥黑科技】替尔泊肽 Mounjaro皮下注7.5mg：2支 GLP-1 躺瘦神针 超越司美格鲁肽,,https://www.qlife.jp/meds/img/packageinsert/basic/2499422G3027/2499422G3027_001.jpg
4987128305216,,マンジャロ皮下注５ｍｇアテオス,日本イーライリリー,医療用医薬品,糖尿病/肥胖症,2,キット,先発,"¥15,392",10%,"¥16,931",【减肥黑科技】替尔泊肽 Mounjaro皮下注5mg：2支 GLP-1 躺瘦神针 超越司美格鲁肽,,https://image.packageinsert.jp/basic/2499422G2020/2499422G2020_001.jpg
4987138802040,,ツムラ防己黄耆湯エキス顆粒（医療用）,ツムラ,医療用医薬品,肥胖症,42,包,後発,"¥2,240",10%,"¥2,464",【水肿肥胖】Tsumura津村汉方 防己黄芪汤：42包 体重管理 去水肿 虚胖救星 去湿气 梨形身材 多汗症 肾炎治疗 风湿性关节痛,,https://cache.triple-farm.com/npic/itemimg/TF005391_002_01.jpg?v=
4987138802446,,ツムラ加味逍遙散エキス顆粒（医療用）,ツムラ,医療用医薬品,失眠/焦虑症,42,包,後発,"¥4,771",10%,"¥5,249",【调经/更年期调理】 Tsumura津村汉方 加味逍遥散：42包 疏肝解郁 专治女性更年期焦躁 月经不调 情绪不稳定。,,https://www.qlife.jp/meds/img/packageinsert/basic/5200017D1083/5200017D1083_006.jpg
4987138805447,,ツムラ抑肝散エキス顆粒（医療用）,ツムラ,医療用医薬品,失眠/焦虑症,42,包,後発,"¥3,380",10%,"¥3,718",【安神助眠】Tsumura津村汉方 抑肝散：42包 镇静神经 缓解失眠 缓解 暴躁易怒,,https://www.qlife.jp/meds/img/packageinsert/basic/5200139D1037/5200139D1037_006.jpg
4987138806246,,ツムラ防風通聖散エキス顆粒（医療用）,ツムラ,医療用医薬品,肥胖症,42,包,後発,"¥3,623",10%,"¥3,985",【燃脂排毒】Tsumura 津村汉方 防风散：42包 燃脂排油 大肚腩克星 日本最火减肥汉方,,https://image.packageinsert.jp/basic/5200130D1060/5200130D1060_006.jpg
4987138810045,,ツムラ大建中湯エキス顆粒（医療用）,ツムラ,医療用医薬品,胀气,84,包,先発,"¥7,193",10%,"¥7,912",【暖胃缓解胃胀气】Tsumura 津村汉方 大建中汤：42包 缓解胃寒腹胀 术后调理 富含干姜人参等营养物质,,https://www.qlife.jp/meds/img/packageinsert/basic/5200092D1020/5200092D1020_006.jpg
4987155008104,,グリメピリド錠０．５ｍｇ「トーワ」,東和薬品,医療用医薬品,降血糖,100,錠,後発,"¥2,600",10%,"¥2,860",【降糖】格列美脲片 Glimepiride 促胰岛素0.5mg:  “亚莫利”平替 第三代磺脲类降糖药 促进胰岛素分泌。,,https://med.towayakuhin.co.jp/medical/product/fileloader.php?id=40023&t=2&f=glimepirideT0.5_2-0003.jpg
4987155014105,,モサプリドクエン酸塩錠５ｍｇ「トーワ」,東和薬品,医療用医薬品,消化不良,100,錠,後発,"¥2,737",10%,"¥3,011",【胃药】莫沙必利片 Mosapride 5mg :促消化 防胀气莫沙必利,,https://www.qlife.jp/meds/img/packageinsert/basic/2399010F2237/2399010F2237_000.jpg
4987155027167,,フェキソフェナジン塩酸塩錠６０ｍｇ「トーワ」,東和薬品,医療用医薬品,抗敏,100,錠,後発,"¥5,775",10%,"¥6,353",【过敏药】非索非那定片  Fexofenadine 60mg: 强效抗过敏（鼻炎/荨麻疹）,,https://www.qlife.jp/meds/img/packageinsert/basic/4490023F1202/4490023F1202_000.jpg
4987155096125,,シルデナフィルＯＤ錠５０ｍｇＶＩ「トーワ」,東和薬品,医療用医薬品,勃起不全,20,錠,先発,"¥13,636",10%,"¥15,000",【男性增强】 西地那非口腔崩解片Sildenafil  50mg :OD片意味着无需水即可含化 起效快 增加硬度。,,https://med.towayakuhin.co.jp/medical/product/fileloader.php?id=40159&t=2&f=sildenafil2_2-0001.jpg
4987155125146,,オロパタジン点眼液０．１％「トーワ」,東和薬品,医療用医薬品,眼睛痒,5,ml,後発,"¥4,363",10%,"¥4,799",【抗过敏眼药】奥洛他定滴眼液 Olopatadine  0.1%: 眼科常用的抗过敏药 止痒效果极好 治结膜炎。,,https://www.qlife.jp/meds/img/packageinsert/basic/1319752Q1105/1319752Q1105_001.jpg
4987155131055,,ロスバスタチン錠２．５ｍｇ「トーワ」,東和薬品,医療用医薬品,脂质异常,100,錠,後発,"¥2,600",10%,"¥2,860",【降脂】 瑞舒伐他汀片  Rosuvastatin  2.5mg ：强效降低低密度脂蛋白（坏胆固醇） 预防动脉硬化,,https://www.qlife.jp/meds/img/packageinsert/basic/2189017F1219/2189017F1219_001.jpg
4987155131109,,ロスバスタチン錠５ｍｇ「トーワ」,東和薬品,医療用医薬品,脂质异常,100,錠,後発,"¥4,600",10%,"¥5,060",【降脂药】瑞舒伐他汀片 Rosuvastatin 5mg: 强效降脂 清血管 可定平替 瑞舒伐他汀,,https://www.qlife.jp/meds/img/packageinsert/basic/2189017F2215/2189017F2215_001.jpg
4987155138108,,メトホルミン塩酸塩錠２５０ｍｇＭＴ「トーワ」,東和薬品,医療用医薬品,糖尿病/肥胖症,100,錠,後発,"¥2,600",10%,"¥2,860",【控糖减重】 二甲双胍片 Metformin 250mg: 经典降糖药 因哈佛教授推荐 抑制食欲 改善代谢,,https://www.qlife.jp/meds/img/packageinsert/basic/3962002F2086/3962002F2086_000.jpg
4987155148190,,エゼチミブＯＤ錠１０ｍｇ「トーワ」,東和薬品,医療用医薬品,脂质异常,100,錠,後発,"¥7,675",10%,"¥8,443",【降脂伴侣】依折麦布口腔崩解片 Ezetimibe 10mg :胆固醇吸收阻断 不伤肝 依折麦布,,https://www.qlife.jp/meds/img/packageinsert/basic/2189018F2023/2189018F2023_001.jpg
4987155152036,,デュタステリドカプセル０．５ｍｇＺＡ「トーワ」,東和薬品,医療用医薬品,前立腺肥大,30,錠,後発,"¥10,000",10%,"¥11,000",【最强生发】度他雄胺胶囊 Dutasteride 0.5mg : 适尿通 比非那雄胺更强 发际线救星 度他雄胺,,https://encrypted-tbn0.gstatic.com/images?q=tbn:ANd9GcSpLBYt5vUDMvAstQ0RtpERUCgFwUa0rSc9vA&s
4987155157031,,フェブキソスタット錠１０ｍｇ「トーワ」,東和薬品,医療用医薬品,高尿酸血症,100,錠,後発,"¥1,525",10%,"¥1,678",【痛风神药】非布司他片 Febuxostat 10mg: 抑制尿酸生成 治疗高尿酸血症和痛风,,https://www.qlife.jp/meds/img/packageinsert/basic/3949003F1112/3949003F1112_001.jpg
4987155157062,,フェブキソスタット錠２０ｍｇ「トーワ」,東和薬品,医療用医薬品,高尿酸血症,100,錠,後発,"¥2,737",10%,"¥3,011",【痛风神药】非布司他片 Febuxostat  20mg: 抑制尿酸生成 治疗高尿酸血症和痛风,,https://www.qlife.jp/meds/img/packageinsert/basic/3949003F2119/3949003F2119_001.jpg
4987155157130,,ロキソプロフェンＮａ錠６０ｍｇ「トーワ」,東和薬品,医療用医薬品,预防痛风发作,100,錠,後発,"¥2,658",10%,"¥2,924",【止痛片】洛索洛芬钠片 Loxoprofen 60mg: 痛经神药 日本国民级消炎止痛药 治头痛 牙痛 姨妈痛 伤胃较轻,,https://www.qlife.jp/meds/img/packageinsert/basic/1149019F1625/1149019F1625_000.jpg
4987155157239,,フェブキソスタット錠４０ｍｇ「トーワ」,東和薬品,医療用医薬品,高尿酸血症,100,錠,後発,"¥4,553",10%,"¥5,008",【痛风神药】非布司他片 Febuxostat 40mg : 抑制尿酸生成 治疗高尿酸血症和痛风 高剂量版,,https://www.qlife.jp/meds/img/packageinsert/basic/3949003F3115/3949003F3115_001.jpg
4987155191059,,レバミピド錠１００ｍｇ「トーワ」,東和薬品,医療用医薬品,护胃,100,錠,後発,"¥2,737",10%,"¥3,011",【胃膜卫士】瑞巴派特片 Rebamipide 100mg：膜固思达平替 修复胃粘膜 缓解老胃病,,https://www.qlife.jp/meds/img/packageinsert/basic/2329021F1218/2329021F1218_011.jpg
4987155245066,,メトホルミン塩酸塩錠５００ｍｇＭＴ「トーワ」,東和薬品,医療用医薬品,糖尿病/肥胖症,100,錠,後発,"¥2,737",10%,"¥3,011",【控糖减重】 二甲双胍片Metformin 500mg ： 经典降糖药的高剂量版 常被用于抗衰老和辅助减肥 改善胰岛素抵抗,,https://www.qlife.jp/meds/img/packageinsert/basic/3962002F3104/3962002F3104_000.jpg
4987155491012,,グリメピリド錠１ｍｇ「トーワ」,東和薬品,医療用医薬品,降血糖,100,錠,後発,"¥2,737",10%,"¥3,011",【降糖】 格列美脲片 Glimepiride  1mg ： “亚莫利”平替 第三代磺脲类降糖药 刺激胰岛素分泌 降低血糖,,https://www.qlife.jp/meds/img/packageinsert/basic/3961008F1250/3961008F1250_004.jpg
4987155629019,,オロパタジン塩酸塩錠５ｍｇ「トーワ」,東和薬品,医療用医薬品,抗敏,100,錠,後発,"¥2,737",10%,"¥3,011",【抗过敏】 奥洛他定片  Olopatadine 5mg： 顺妥敏平替 止痒抗敏 奥洛他定,,https://www.qlife.jp/meds/img/packageinsert/basic/4490025F2232/4490025F2232_004.jpg
4987155848014,,アムロジピン錠２．５ｍｇ「トーワ」,東和薬品,医療用医薬品,高血圧,100,錠,後発,"¥2,600",10%,"¥2,860",【降压】 氨氯地平片 Amlodipine  2.5mg ： 钙通道阻滞剂 平稳长效降血压 适合轻度高血压或初始治疗,,https://www.qlife.jp/meds/img/packageinsert/basic/2171022F1347/2171022F1347_008.jpg
4987155849011,,アムロジピン錠５ｍｇ「トーワ」,東和薬品,医療用医薬品,高血圧,100,錠,後発,"¥2,737",10%,"¥3,011",【降压】 氨氯地平片 Amlodipine  5mg ： 钙通道阻滞剂 平稳长效降血压 适合轻度高血压或初始治疗,,https://www.qlife.jp/meds/img/packageinsert/basic/2171022F2343/2171022F2343_006.jpg
4987158290209,,ミティキュアダニ舌下錠３３００,鳥居薬品,医療用医薬品,免疫疗法,7,錠,先発,"¥1,148",10%,"¥1,262",【过敏根治】 尘螨变应原舌下片 Miticure  3300 JAU 针对尘螨过敏的减敏治疗 长期改变体质 根治过敏性鼻炎/哮喘,,https://www.torii.co.jp/iyakuDB/medical_info/images/mtc3300/mtc3300_02.jpg
4987158290254,,ミティキュアダニ舌下錠１０，０００,鳥居薬品,医療用医薬品,免疫疗法,100,錠,先発,"¥4,945",10%,"¥5,440",【过敏根治】 尘螨变应原舌下片 Miticure  10000 JAU 针对尘螨过敏的减敏治疗 长期改变体质 根治过敏性鼻炎/哮喘,,https://www.torii.co.jp/iyakuDB/medical_info/images/mtc10000/mtc10000_02.jpg
4987158290407,,シダキュアスギ花粉舌下錠２，０００,鳥居薬品,医療用医薬品,免疫疗法,7,錠,先発,"¥1,025",10%,"¥1,128",【花粉症根治】 杉树花粉变应原舌下片   Cedarcure  2000 JAU 针对日本杉树花粉症的减敏治疗 根治花粉症,,https://www.torii.co.jp/iyakuDB/medical_info/images/cdc2000/cdc2000_02.jpg
4987158290520,,シダキュアスギ花粉舌下錠５，０００,鳥居薬品,医療用医薬品,免疫疗法,100,錠,先発,"¥3,653",10%,"¥4,018",【花粉症根治】 杉树花粉变应原舌下片   Cedarcure  5000 JAU 针对日本杉树花粉症的减敏治疗 根治花粉症,,https://www.torii.co.jp/iyakuDB/medical_info/images/cdc5000/cdc5000_02.jpg
4987173016273,,ウロカルン錠２２５ｍｇ,日本新薬,医療用医薬品,排结石,100,錠,後発,"¥1,605",10%,"¥1,766",【排石药】抑石素片 (栎树叶提取物) Urocalun  225mg：促进肾结石和输尿管结石排出 抑制结石变大 利尿消炎,,https://grand-pharmacy.com/wp-content/uploads/2022/08/464a289906669458407b47ac0ac9edc3-720x623.jpg
4987173017874,,シアリス錠20mg,日本新薬,医療用医薬品,勃起不全,20,錠,先発,"¥43,353",10%,"¥47,689",【男性增强】 他达拉非片 (希爱力) Cialis 20mg：药效持续36小时 不受饮食饮酒影响 增加硬度,,https://www.qlife.jp/meds/img/packageinsert/basic/2590016F7029/2590016F7029_000.jpg
4987188455005,,メノエイドコンビパッチ,久光製薬,医療用医薬品,更年期障害,24,枚,先発,"¥13,565",10%,"¥14,922",【更年期贴片】雌二醇/醋酸诺乙酮贴片 Menoaid Combipatch 24枚：荷尔蒙贴 缓解潮热 出汗等症状,,https://www.hisamitsu-pharm.jp/product/dl/img/menoaid_p_outface.jpg
4987188492819,,ハイチオール錠４０,久光製薬,医療用医薬品,美白,500,錠,後発,"¥5,900",10%,"¥6,490",【美白丸鼻祖】L-半胱氨酸片 Hythiol  40mg：美白祛斑 改善全身倦怠 解酒护肝,,https://www.hisamitsu-pharm.jp/product/dl/img/hythiolt40_p_outface.jpg
4987188493014,,ハイチオール錠８０,久光製薬,医療用医薬品,美白,500,錠,後発,"¥6,556",10%,"¥7,211",【美白丸鼻祖】L-半胱氨酸片 Hythiol  80mg：美白祛斑 改善全身倦怠 解酒护肝,,https://www.hisamitsu-pharm.jp/product/dl/img/hythiolt80_p_outface.jpg
4987190595935,,フロジン外用液５％,ニプロファーマ,医療用医薬品,防脱发/生发,300,ml,後発,"¥13,200",10%,"¥14,520",【生发小绿瓶】卡普氯铵外用液 Frozin 5% (30ml/支)：局部血管扩张，专门治疗斑秃,,https://encrypted-tbn0.gstatic.com/images?q=tbn:ANd9GcQlDr958m2wg6RCoJWkuyyHWx86DxzAFa79TA&s
4987197620197,,ビオチン散0.2％「フソー」0.5g,扶桑薬品工業株式会社,医療用医薬品,维他命H,2100,包,後発,"¥18,638",10%,"¥20,501",【美容粉】生物素散 (维H) Biotin 0.5g/包 ：改善白发、脱发、指甲脆弱和皮肤粗糙,,https://www.fuso-pharm.co.jp/med/wp-content/uploads/sites/2/2024/05/3190001B1041L_hi.jpg
4987224016207,,エストリール腟錠０．５ｍｇ,持田製薬,医療用医薬品,更年期障害,100,錠,後発,"¥3,925",10%,"¥4,318",【女性私处护理】雌三醇阴道片 Estriel 0.5mg：改善阴道干涩 更年期养护 雌三醇,,https://www.qlife.jp/meds/img/packageinsert/basic/2529701H1058/2529701H1058_005.jpg
4987233012931,,ハルナールＤ錠０．２ｍｇ,アステラス製薬,医療用医薬品,漏尿,140,錠,先発,"¥9,321",10%,"¥10,253",【前列腺药】坦索罗辛口腔崩解片  Harnal D0.2mg ：治疗前列腺增生引起的排尿困难 夜尿频多等排尿症状,,https://www.qlife.jp/meds/img/packageinsert/basic/2590008F2022/2590008F2022_008.jpg
4987233103042,,ベタニス錠５０ｍｇ,アステラス製薬,医療用医薬品,漏尿,100,錠,先発,"¥31,489",10%,"¥34,638",【膀胱药】米拉贝隆片 Betanis  50mg：改善尿频尿急,,https://www.qlife.jp/meds/img/packageinsert/basic/2590014F2028/2590014F2028_008.jpg
4987274129636,,パントシン錠１００,第一三共エスファ,医療用医薬品,美白,100,錠,後発,"¥1,525",10%,"¥1,678",【代谢丸】泛乙硫氨片 Pantosin 100mg：维生素B5衍生物 温和降血脂 同时能改善便秘 湿疹 促进血液循环和代谢,,https://www.qlife.jp/meds/img/packageinsert/basic/3133001F3090/3133001F3090_016.jpg
4987274129759,,パントシン錠２００,第一三共エスファ,医療用医薬品,美白,100,錠,後発,"¥2,700",10%,"¥2,970",【代谢丸】泛乙硫氨片 Pantosin 200mg：维生素B5衍生物 温和降血脂 同时能改善便秘 湿疹 促进血液循环和代谢,,https://www.qlife.jp/meds/img/packageinsert/basic/3133001F4020/3133001F4020_022.jpg
4987280292249,,セファランチン錠１ｍｇ,メディサ新薬,医療用医薬品,生发剂,100,錠,先発,"¥1,550",10%,"¥1,705",【防脱黑科技】千金藤素片 Cepharanthine 1mg：提取自植物的生物碱 增强免疫功能 专治斑秃,,https://www.qlife.jp/meds/img/packageinsert/basic/2900001F1029/2900001F1029_005.jpg
4987294394120,,フェブリク錠１０ｍｇ,帝人ファーマ,医療用医薬品,高尿酸血症,100,錠,先発,"¥3,550",10%,"¥3,905",【痛风原研药】非布司他片  Febuxostat 10mg：帝人痛风 降酸快不伤肾,,https://www.qlife.jp/meds/img/packageinsert/basic/3949003F1023/3949003F1023_010.jpg
4987294394229,,フェブリク錠２０ｍｇ,帝人ファーマ,医療用医薬品,高尿酸血症,100,錠,先発,"¥5,540",10%,"¥6,094",【痛风原研药】非布司他片  Febuxostat 20mg：帝人痛风 降酸快不伤肾,,https://www.qlife.jp/meds/img/packageinsert/basic/3949003F2020/3949003F2020_007.jpg
4987294394328,,フェブリク錠４０ｍｇ,帝人ファーマ,医療用医薬品,高尿酸血症,100,錠,先発,"¥8,133",10%,"¥8,947",【痛风原研药】非布司他片  Febuxostat 40mg：帝人痛风 降酸快不伤肾,,https://www.qlife.jp/meds/img/packageinsert/basic/3949003F3026/3949003F3026_005.jpg
4987306014503,,ロコアテープ 7枚×10袋（70枚）,大正製薬,医療用医薬品,缓和疼痛,70,枚,先発,"¥5,828",10%,"¥6,410",【止疼膏药】艾司氟比洛芬贴片 Loqoa Tape 70片： 止痛天花板 强力抗炎 每日全身上下严禁超过2贴,,https://encrypted-tbn0.gstatic.com/images?q=tbn:ANd9GcRNqGt_S_UY7I9YAba2poU-K9wxNcjGgSgiiw&s
4987341113230,,ロスーゼット配合錠LＤ,ＭＳＤ,医療用医薬品,脂质异常,100,錠,先発,"¥13,820",10%,"¥15,202",【强效降脂】瑞舒伐他汀依折麦布 配合片 Rosuzet LD 低剂量版：复方降脂药 二合一 针对难治性高血脂。,,https://www.qlife.jp/meds/img/packageinsert/basic/2189102F1024/2189102F1024_001.jpg
4987341113247,,ロスーゼット配合錠ＨＤ,ＭＳＤ,医療用医薬品,脂质异常,100,錠,先発,"¥13,560",10%,"¥14,916",【强效降脂】瑞舒伐他汀依折麦布 配合片 Rosuzet LD 高剂量版：复方降脂药 二合一 针对难治性高血脂。,,https://www.qlife.jp/meds/img/packageinsert/basic/2189102F2020/2189102F2020_001.jpg
4987413300513,,ジャディアンス錠２５ｍｇ,日本ベーリンガーインゲルハイム,医療用医薬品,降血糖,100,錠,先発,"¥70,850",10%,"¥77,935",【排糖瘦身】恩格列净片Jardiance 25 mg：护心护肾、尿液排糖、SGLT2,,https://image.packageinsert.jp/basic/3969023F2020/3969023F2020_000.jpg
4987413300612,,ジャディアンス錠１０ｍｇ,日本ベーリンガーインゲルハイム,医療用医薬品,降血糖,100,錠,先発,"¥41,500",10%,"¥45,650",【排糖瘦身】恩格列净片Jardiance 10 mg：护心护肾、尿液排糖、SGLT2,,https://www.qlife.jp/meds/img/packageinsert/basic/3969023F1023/3969023F1023_004.jpg
4987413870511,,トラゼンタ錠５ｍｇ,日本ベーリンガーインゲルハイム,医療用医薬品,降血糖,100,錠,先発,"¥24,771",10%,"¥27,248",【降糖药】利格列汀片 Trazenta 5mg：不伤肾降糖 利格列汀 欧唐宁,,https://static.kosei.com/public/import_images/package_images/3969014F1024.jpg
4987421324228,,ヒアルロン酸ナトリウムＰＦ点眼液０．１％「日点」,ロートニッテン,医療用医薬品,干眼症,50,ml,後発,"¥4,415",10%,"¥4,857",【人工泪液】玻璃酸钠滴眼液 (无防腐剂) Sodium Hyaluronate 0.1%：模拟天然泪液 适合长期使用的干眼症患者,,https://www.qlife.jp/meds/img/packageinsert/basic/1319720Q3132/1319720Q3132_005.jpg
4987440442019,,クエンメット配合錠,日本薬品工業,医療用医薬品,酸性尿改善,100,錠,後発,"¥1,525",10%,"¥1,678",【抗糖神器】维格列汀 二甲双胍 配合片 ：强效控糖 复方制剂维格列汀 二甲双胍,,https://www.qlife.jp/meds/img/packageinsert/basic/3949101F1120/3949101F1120_000.jpg
4987443384415,,エンレスト錠１００ｍｇ,ノバルティスファーマ,医療用医薬品,高血圧,100,錠,先発,"¥19,436",10%,"¥21,380",【强心药】沙库巴曲缬沙坦钠片  Entresto 100mg：显著降低心力衰竭患者的死亡风险,,https://www.qlife.jp/meds/img/packageinsert/basic/2190041F2023/2190041F2023_004.jpg
4987443384446,,エンレスト錠２００ｍｇ,ノバルティスファーマ,医療用医薬品,高血圧,100,錠,先発,"¥28,954",10%,"¥31,849",【强心药】沙库巴曲缬沙坦钠片  Entresto 200mg：显著降低心力衰竭患者的死亡风险,,https://www.qlife.jp/meds/img/packageinsert/basic/2190041F3020/2190041F3020_000.jpg
4987447255018,,デュタステリド錠０．５ｍｇＡＶ「ＮＳ」,日新製薬,医療用医薬品,防脱发/生发,30,錠,後発,"¥3,190",10%,"¥3,509",【最强生发】度他雄胺片 Dutasteride 0.5mg：适尿通仿制 发际线最后防线 度他雄胺,,https://www.nc-medical.com/sp/product/img/dutasteride_t0.5_2.jpg
4987476112511,,トラネキサム酸錠５００ｍｇ「ＹＤ」,陽進堂,医療用医薬品,防长斑,100,錠,後発,"¥2,850",10%,"¥3,135",【美白王者】传明酸片 Tranexamic Acid  500mg：肝斑神药 全身美白,,https://www.qlife.jp/meds/img/packageinsert/basic/3327002F2050/3327002F2050_006.jpg
4987476113310,,トラネキサム酸錠２５０ｍｇ「ＹＤ」,陽進堂,医療用医薬品,防长斑,100,錠,後発,"¥2,600",10%,"¥2,860",【美白王者】传明酸片 Tranexamic Acid  250mg：肝斑神药 全身美白,,https://www.qlife.jp/meds/img/packageinsert/basic/3327002F1169/3327002F1169_010.jpg
4987616003945,,リベルサス錠３ｍｇ,ノボノルディスクファーマ,医療用医薬品,糖尿病/肥胖症,100,錠,先発,"¥19,943",10%,"¥21,937",【口服瘦身片】司美格鲁肽片  Rybelsus 3mg：不用打针的司美 懒人减肥 抑制食欲,,https://www.msdconnect.jp/wp-content/uploads/sites/5/2021/07/rybelsus_tab3mg-new_img_006_l.jpg
4987616003969,,リベルサス錠7ｍｇ,ノボノルディスクファーマ,医療用医薬品,糖尿病/肥胖症,100,錠,先発,"¥46,529",10%,"¥51,181",【口服瘦身片】司美格鲁肽片  Rybelsus 7mg：不用打针的司美 懒人减肥 抑制食欲,,https://www.eri-clinic.com/assets/wordpress/wp-content/uploads/2021/12/rybelsus_tab7mg-new_img_006_l.png
4987616003983,,リベルサス錠14ｍｇ,ノボノルディスクファーマ,医療用医薬品,糖尿病/肥胖症,100,錠,先発,"¥69,786",10%,"¥76,764",【口服瘦身片】司美格鲁肽片  Rybelsus 14mg：不用打针的司美 懒人减肥 抑制食欲,,https://www.saishin-sp.com/wp-content/uploads/2023/01/1.jpg
4987792360511,,タチオン錠１００ｍｇ,長生堂製薬,医療用医薬品,防长斑,120,錠,後発,"¥3,780",10%,"¥4,158",【美白神器】谷胱甘肽片 Tathion 100mg：祛黄保肝 光甘草定 全身美白,,https://image.packageinsert.jp/basic/3922001F2248/3922001F2248_014.jpg
,2499418G5023,ウゴービ皮下注0.25mgSD,ノボノルディスクファーマ,医療用医薬品,肥胖症,2,キット,先発,"¥20,163",10%,"¥22,180",【正版减肥针】 司美格鲁肽注射液Wegovy 0.25mg：瘦身神器 抑制食欲 健康减肥,,https://files.bcart.jp/petmedicpro/uploads/PICT12/629927101.jpg
,2499418G6020,ウゴービ皮下注0.5mgSD,ノボノルディスクファーマ,医療用医薬品,肥胖症,2,キット,先発,"¥34,161",10%,"¥37,577",【正版减肥针】 司美格鲁肽注射液Wegovy 0.5mg：瘦身神器 抑制食欲 健康减肥,,https://encrypted-tbn0.gstatic.com/images?q=tbn:ANd9GcRHzPZywPAUEkJR6iRNrE6Fcrx4lZKPvSSQYQ&s
,2499418G7026,ウゴービ皮下注1mgSD,ノボノルディスクファーマ,医療用医薬品,肥胖症,2,キット,先発,"¥58,618",10%,"¥64,480",【正版减肥针】 司美格鲁肽注射液Wegovy 1mg：瘦身神器 抑制食欲 健康减肥,,https://pro.novonordisk.co.jp/content/dam/hcp-plus/jp/ja/documents/products/wegovy/Wegovy-1.0mg-product-package-image.jpg.coredownload.inline.jpg
,2499418G8022,ウゴービ皮下注1.7mgSD,ノボノルディスクファーマ,医療用医薬品,肥胖症,2,キット,先発,"¥86,269",10%,"¥94,895",【正版减肥针】 司美格鲁肽注射液Wegovy 1.7mg：瘦身神器 抑制食欲 健康减肥,,https://pro.novonordisk.co.jp/content/dam/hcp-plus/jp/ja/documents/products/wegovy/Wegovy-1.7mg-produt-package-image.jpg.coredownload.inline.jpg
,2499418G9029,ウゴービ皮下注2.4mgSD,ノボノルディスクファーマ,医療用医薬品,肥胖症,2,キット,先発,"¥108,963",10%,"¥119,859",【正版减肥针】 司美格鲁肽注射液Wegovy 2.4mg：瘦身神器 抑制食欲 健康减肥,,https://dm-rg.net/uploads/2024/02/29/egEaA9CIrHCrucB5hYkYMpJ7KLKruZWG5aDbrVXw.jpg
4987246752022,,アラミスト点鼻液２７．５μｇ５６噴霧用,グラクソ・スミスクライン,医療用医薬品,鼻炎,1,キット,先発,"¥2,288",10%,"¥2,516",【鼻炎喷雾】糠酸氟替卡松鼻喷雾剂 Avamys 56喷: 雾状柔和 不过敏 鼻塞救星 流感季必备神器,,https://static.kosei.com/public/import_images/package_images/1329711Q1021.jpg
4987413610513,2149122F1026,ミカトリオ配合剤,日本ベーリンガーインゲルハイム,医療用医薬品,高血圧,100,錠,先発,"¥13,200",10%,"¥14,520",【三合一降压神药】替米沙坦  氨氯地平  氢氯噻嗪  Micatrio 100片：缓解高血压,,https://www.qlife.jp/meds/img/packageinsert/basic/2149122F1026/2149122F1026_001.jpg
4987084152268,,ヒアレイン点眼液０．３％ 1瓶×10瓶（10瓶）,参天製薬,,干眼症,10,瓶,,"¥8,088",10%,"¥8,896",【处方人工泪液】玻璃酸钠滴眼液 Hyalein 0.25%：缓解干眼症  保湿 专用于严重干眼症或角膜上皮受损修复,,https://static.kosei.com/public/import_images/package_images/1319720Y2020.jpg
4987770528100,1319740Q1056,ハイパジールコーワ点眼液0.25％,興和,医療用医薬品,青光眼,50,ml,先発,"¥22,713",10%,"¥24,984",【青光眼药】尼普拉洛尔滴眼液  Hypadil 0.25%：降低眼压 改善眼部血液循环 治疗青光眼和高眼压症,,https://www.qlife.jp/meds/img/packageinsert/basic/1319740Q1056/1319740Q1056_003.jpg
4987447118054,14987447118051,ラタノプロスト点眼液０．００５％「ＮＳ」 2.5ＭＬ×5瓶（12.5ＭＬ）,,,眼疲劳,12.5,ml,,"¥4,720",10%,"¥5,192",【滴眼液】拉坦前列素滴眼液  Latanoprost 0.005%：改善用眼过度等导致的眼睛疲劳 增长睫毛,,https://static.kosei.com/public/import_images/package_images/1319739Q1061.jpg
4987080200017,1190012F1182,ドネペジル塩酸塩錠３ｍｇ「サワイ」,沢井製薬,医療用医薬品,防痴呆,14,錠,後発,"¥1,018",10%,"¥1,119",【老年痴呆药】多奈哌齐片 Donepezil 3mg：治疗阿尔茨海默病 延缓记忆力衰退。,,https://med.sawai.co.jp/file/pr45_1352.jpg
4987080201014,1190012F2189,ドネペジル塩酸塩錠５ｍｇ「サワイ」,沢井製薬,医療用医薬品,防痴呆,56,錠,後発,"¥6,075",10%,"¥6,683",【老年痴呆药】多奈哌齐片 Donepezil 5mg：治疗阿尔茨海默病 延缓记忆力衰退。,,https://med.sawai.co.jp/file/pr45_1353.jpg
4987084152558,1319720Q3078,ヒアレイン点眼液０．１％,参天製薬,医療用医薬品,干眼症,50,ml,先発,"¥5,590",10%,"¥6,149",【人工泪液】玻璃酸钠滴眼液 Hyalein0.1%：适合日常轻中度干眼 眼疲劳,,https://www.qlife.jp/meds/img/packageinsert/basic/1319720Q3078/1319720Q3078_003.jpg
4987155162424,,オセルタミビル錠75mg「トーワ」,東和薬品,医療用医薬品,抗菌,10,カプセル,後発,"¥2,693",10%,"¥2,962",【流感特效药】奥司他韦片 Oseltamivir  75mg：治疗甲流 乙流的特效药 需在发病48小时内服用。,,https://med.towayakuhin.co.jp/medical/product/fileloader.php?id=77649&t=2&f=oseltamivirT75-0000.jpg
4987188412176,2649729S3084,モーラステープＬ４０ｍｇ 7枚×10袋（70枚）,久光製薬,医療用医薬品,缓和疼痛,70,枚,先発,"¥4,830",10%,"¥5,313",【久光贴】酮洛芬贴片  Mohrus Tape 70张：日本神膏药 风湿腰痛 必备神器,,https://encrypted-tbn0.gstatic.com/images?q=tbn:ANd9GcRLukBB8Q3T5jW2I0zzGE-Uoyatm7sBsOuUrg&s
4987188412565,,モーラステープＬ４０ｍｇ 7枚×80袋（560枚）,久光製薬,医療用医薬品,缓和疼痛,560,枚,先発,"¥38,640",10%,"¥42,504",【久光贴】酮洛芬贴片  Mohrus Tape 560张：日本神膏药 风湿腰痛 必备神器,,https://image.packageinsert.jp/basic/2649729S3084/2649729S3084_015.jpg
4987028205609,14987028205606,デエビゴ錠２．５ｍｇ 10錠×10シート（100錠）,エーザイ,医療用医薬品,失眠,100,錠,先発,"¥11,225",10%,"¥12,348",【安眠】Dayvigo（lemborexant）莱博雷生片2.5mg：100片 ：快速入睡 作用于食欲素受体 调节睡眠,,https://image.packageinsert.jp/basic/1190027F1022/1190027F1022_001.jpg
4987028205630,14987028205637,デエビゴ錠５ｍｇ 10錠×10シート（100錠）,エーザイ,医療用医薬品,失眠,100,錠,先発,"¥17,825",10%,"¥19,608",【安眠】Dayvigo（lemborexant）莱博雷生片5mg：100片：快速入睡 作用于食欲素受体 调节睡眠,,https://static.kosei.com/public/import_images/package_images/1190027F2029.jpg
4987028205722,14987028205729,デエビゴ錠１０ｍｇ 10錠×10シート（100錠）,エーザイ,医療用医薬品,失眠,100,錠,先発,"¥26,600",10%,"¥29,260",Dayvigo（lemborexant）莱博雷生片10mg：100片：快速入睡 作用于食欲素受体 调节睡眠,,https://static.kosei.com/public/import_images/package_images/1190027F3025.jpg
4987128279081,,ゼップバウンド皮下注2.5mgアテオス,日本イーライリリー,医療用医薬品,肥胖症,2,キット,先発,"¥12,268",10%,"¥13,495",【减肥针皇】替尔泊肽注射液 Zepbound 2.5mg：双受体激动剂（GIP/GLP-1） 减重神器,,https://www.qlife.jp/meds/img/packageinsert/basic/2499422G1024/2499422G1024_001.jpg
4987128309702,,ゼップバウンド皮下注5mgアテオス,日本イーライリリー,医療用医薬品,肥胖症,2,キット,先発,"¥21,080",10%,"¥23,188",【减肥针皇】替尔泊肽注射液 Zepbound 5mg：双受体激动剂（GIP/GLP-1） 减重神器,,https://www.qlife.jp/meds/img/packageinsert/basic/2499422G8029/2499422G8029_001.jpg
4987128031498,,ゼップバウンド皮下注7.5mgアテオス,日本イーライリリー,医療用医薬品,肥胖症,2,キット,先発,"¥28,076",10%,"¥30,884",【减肥针皇】替尔泊肽注射液 Zepbound 7.5mg：双受体激动剂（GIP/GLP-1 ）减重神器,,https://www.qlife.jp/meds/img/packageinsert/basic/2499422G9025/2499422G9025_001.jpg
4987128182466,,ゼップバウンド皮下注10mgアテオス,日本イーライリリー,医療用医薬品,肥胖症,2,キット,先発,"¥29,997",10%,"¥32,997",【减肥针皇】替尔泊肽注射液 Zepbound 10mg：双受体激动剂（GIP/GLP-1 ）减重神器,,https://images.ctfassets.net/fe97zh8uo3dh/1RrzrVe4c5QLAFk0MZ3GzI/2a2d844f125326bab5275d93c4048189/zepbound-10mg-package-form.jpg
4987128052387,,ゼップバウンド皮下注12.5mgアテオス,日本イーライリリー,医療用医薬品,肥胖症,2,キット,先発,"¥32,839",10%,"¥36,123",【减肥针皇】替尔泊肽注射液 Zepbound 12.5mg：双受体激动剂（GIP/GLP-1） 减重神器,,https://www.qlife.jp/meds/img/packageinsert/basic/2499422P2020/2499422P2020_001.jpg
4987128296026,,ゼップバウンド皮下注15mgアテオス,日本イーライリリー,医療用医薬品,肥胖症,2,キット,先発,"¥34,591",10%,"¥38,050",【减肥针皇】替尔泊肽注射液 Zepbound 15mg：双受体激动剂（GIP/GLP-1）减重神器,,https://files.bcart.jp/petmedicpro/uploads/PICT9/622931801.png